%iy  id  it imin   Q*      QH      QE      Qs      Qf    Wind    RH     Td     press   rain    Kdn    snow    ldown   fcld    wuh     xsmd    lai_hr  Kdiff   Kdir    Wd
2017 152 0 0 -999.00 -999.00 -999.00 -999.00 -999.00 1.30000 81.00 17.22 100.95 0.00 0.00 -999.00 -999.00 -999.00 -999.00 -999.00 -999.00 0.00 0.00 230.00
2017 152 1 0 -999.00 -999.00 -999.00 -999.00 -999.00 1.20000 78.00 16.67 100.91 0.00 0.00 -999.00 -999.00 -999.00 -999.00 -999.00 -999.00 0.00 0.00 244.00
2017 152 2 0 -999.00 -999.00 -999.00 -999.00 -999.00 1.10000 86.00 15.56 100.95 0.00 0.00 -999.00 -999.00 -999.00 -999.00 -999.00 -999.00 0.00 0.00 256.00
2017 152 3 0 -999.00 -999.00 -999.00 -999.00 -999.00 1.10000 93.00 15.56 100.91 0.00 0.00 -999.00 -999.00 -999.00 -999.00 -999.00 -999.00 0.00 0.00 260.00
2017 152 4 0 -999.00 -999.00 -999.00 -999.00 -999.00 1.00000 93.00 15.00 100.91 0.00 0.00 -999.00 -999.00 -999.00 -999.00 -999.00 -999.00 0.00 0.00 255.00
2017 152 5 0 -999.00 -999.00 -999.00 -999.00 -999.00 1.00000 93.00 15.00 100.91 0.00 80.00 -999.00 -999.00 -999.00 -999.00 -999.00 -999.00 79.00 5.00 243.00
2017 152 6 0 -999.00 -999.00 -999.00 -999.00 -999.00 1.20000 86.00 16.67 100.95 0.00 239.00 -999.00 -999.00 -999.00 -999.00 -999.00 -999.00 190.00 136.00 230.00
2017 152 7 0 -999.00 -999.00 -999.00 -999.00 -999.00 1.30000 84.00 17.78 100.91 0.00 334.00 -999.00 -999.00 -999.00 -999.00 -999.00 -999.00 289.00 84.00 228.00
2017 152 8 0 -999.00 -999.00 -999.00 -999.00 -999.00 1.50000 81.00 18.89 100.95 0.00 668.00 -999.00 -999.00 -999.00 -999.00 -999.00 -999.00 116.00 802.00 233.00
2017 152 9 0 -999.00 -999.00 -999.00 -999.00 -999.00 1.70000 68.00 20.56 100.91 0.00 816.00 -999.00 -999.00 -999.00 -999.00 -999.00 -999.00 122.00 852.00 236.00
2017 152 10 0 -999.00 -999.00 -999.00 -999.00 -999.00 1.80000 61.00 21.67 100.88 0.00 924.00 -999.00 -999.00 -999.00 -999.00 -999.00 -999.00 117.00 895.00 241.00
2017 152 11 0 -999.00 -999.00 -999.00 -999.00 -999.00 2.00000 56.00 23.33 100.85 0.00 672.00 -999.00 -999.00 -999.00 -999.00 -999.00 -999.00 496.00 186.00 246.00
2017 152 12 0 -999.00 -999.00 -999.00 -999.00 -999.00 2.00000 50.00 23.33 100.78 0.00 962.00 -999.00 -999.00 -999.00 -999.00 -999.00 -999.00 137.00 879.00 255.00
2017 152 13 0 -999.00 -999.00 -999.00 -999.00 -999.00 1.90000 33.00 25.56 100.71 0.00 799.00 -999.00 -999.00 -999.00 -999.00 -999.00 -999.00 390.00 462.00 265.00
2017 152 14 0 -999.00 -999.00 -999.00 -999.00 -999.00 1.80000 35.00 25.00 100.71 0.00 430.00 -999.00 -999.00 -999.00 -999.00 -999.00 -999.00 383.00 59.00 275.00
2017 152 15 0 -999.00 -999.00 -999.00 -999.00 -999.00 1.70000 32.00 25.56 100.68 0.00 426.00 -999.00 -999.00 -999.00 -999.00 -999.00 -999.00 355.00 108.00 283.00
2017 152 16 0 -999.00 -999.00 -999.00 -999.00 -999.00 1.60000 33.00 24.44 100.68 0.00 321.00 -999.00 -999.00 -999.00 -999.00 -999.00 -999.00 270.00 102.00 287.00
2017 152 17 0 -999.00 -999.00 -999.00 -999.00 -999.00 1.50000 37.00 25.00 100.68 0.00 266.00 -999.00 -999.00 -999.00 -999.00 -999.00 -999.00 73.00 605.00 285.00
2017 152 18 0 -999.00 -999.00 -999.00 -999.00 -999.00 1.40000 40.00 23.89 100.71 0.00 92.00 -999.00 -999.00 -999.00 -999.00 -999.00 -999.00 40.00 376.00 281.00
2017 152 19 0 -999.00 -999.00 -999.00 -999.00 -999.00 1.60000 34.00 23.33 100.71 0.00 0.00 -999.00 -999.00 -999.00 -999.00 -999.00 -999.00 0.00 0.00 279.00
2017 152 20 0 -999.00 -999.00 -999.00 -999.00 -999.00 1.70000 38.00 22.22 100.78 0.00 0.00 -999.00 -999.00 -999.00 -999.00 -999.00 -999.00 0.00 0.00 281.00
2017 152 21 0 -999.00 -999.00 -999.00 -999.00 -999.00 1.60000 38.00 21.67 100.85 0.00 0.00 -999.00 -999.00 -999.00 -999.00 -999.00 -999.00 0.00 0.00 289.00
2017 152 22 0 -999.00 -999.00 -999.00 -999.00 -999.00 1.70000 38.00 21.67 100.88 0.00 0.00 -999.00 -999.00 -999.00 -999.00 -999.00 -999.00 0.00 0.00 306.00
2017 152 23 0 -999.00 -999.00 -999.00 -999.00 -999.00 1.80000 41.00 21.11 100.88 0.00 0.00 -999.00 -999.00 -999.00 -999.00 -999.00 -999.00 0.00 0.00 327.00
2017 153 0 0 -999.00 -999.00 -999.00 -999.00 -999.00 2.00000 45.00 19.44 100.95 0.00 0.00 -999.00 -999.00 -999.00 -999.00 -999.00 -999.00 0.00 0.00 343.00
2017 153 1 0 -999.00 -999.00 -999.00 -999.00 -999.00 2.00000 47.00 18.33 100.98 0.00 0.00 -999.00 -999.00 -999.00 -999.00 -999.00 -999.00 0.00 0.00 350.00
2017 153 2 0 -999.00 -999.00 -999.00 -999.00 -999.00 1.80000 52.00 17.22 101.02 0.00 0.00 -999.00 -999.00 -999.00 -999.00 -999.00 -999.00 0.00 0.00 350.00
2017 153 3 0 -999.00 -999.00 -999.00 -999.00 -999.00 1.40000 52.00 16.11 101.05 0.00 0.00 -999.00 -999.00 -999.00 -999.00 -999.00 -999.00 0.00 0.00 347.00
2017 153 4 0 -999.00 -999.00 -999.00 -999.00 -999.00 0.90000 58.00 15.00 101.05 0.00 0.00 -999.00 -999.00 -999.00 -999.00 -999.00 -999.00 0.00 0.00 347.00
2017 153 5 0 -999.00 -999.00 -999.00 -999.00 -999.00 0.50000 64.00 13.89 101.05 0.00 128.00 -999.00 -999.00 -999.00 -999.00 -999.00 -999.00 46.00 465.00 223.00
2017 153 6 0 -999.00 -999.00 -999.00 -999.00 -999.00 0.40000 56.00 15.56 101.05 0.00 311.00 -999.00 -999.00 -999.00 -999.00 -999.00 -999.00 71.00 670.00 150.00
2017 153 7 0 -999.00 -999.00 -999.00 -999.00 -999.00 0.60000 48.00 17.22 101.05 0.00 504.00 -999.00 -999.00 -999.00 -999.00 -999.00 -999.00 86.00 783.00 210.00
2017 153 8 0 -999.00 -999.00 -999.00 -999.00 -999.00 1.10000 47.00 18.33 101.05 0.00 682.00 -999.00 -999.00 -999.00 -999.00 -999.00 -999.00 97.00 849.00 219.00
2017 153 9 0 -999.00 -999.00 -999.00 -999.00 -999.00 1.60000 44.00 19.44 101.05 0.00 730.00 -999.00 -999.00 -999.00 -999.00 -999.00 -999.00 236.00 607.00 219.00
2017 153 10 0 -999.00 -999.00 -999.00 -999.00 -999.00 1.90000 42.00 21.11 100.98 0.00 931.00 -999.00 -999.00 -999.00 -999.00 -999.00 -999.00 116.00 904.00 221.00
2017 153 11 0 -999.00 -999.00 -999.00 -999.00 -999.00 2.00000 38.00 22.22 100.91 0.00 979.00 -999.00 -999.00 -999.00 -999.00 -999.00 -999.00 123.00 906.00 225.00
2017 153 12 0 -999.00 -999.00 -999.00 -999.00 -999.00 2.00000 34.00 23.33 100.85 0.00 738.00 -999.00 -999.00 -999.00 -999.00 -999.00 -999.00 502.00 251.00 234.00
2017 153 13 0 -999.00 -999.00 -999.00 -999.00 -999.00 2.00000 40.00 22.22 100.75 0.00 801.00 -999.00 -999.00 -999.00 -999.00 -999.00 -999.00 267.00 602.00 245.00
2017 153 14 0 -999.00 -999.00 -999.00 -999.00 -999.00 1.90000 41.00 22.22 100.71 0.00 791.00 -999.00 -999.00 -999.00 -999.00 -999.00 -999.00 129.00 835.00 260.00
2017 153 15 0 -999.00 -999.00 -999.00 -999.00 -999.00 1.80000 29.00 22.78 100.68 0.00 643.00 -999.00 -999.00 -999.00 -999.00 -999.00 -999.00 109.00 810.00 281.00
2017 153 16 0 -999.00 -999.00 -999.00 -999.00 -999.00 1.70000 29.00 23.33 100.71 0.25 461.00 -999.00 -999.00 -999.00 -999.00 -999.00 -999.00 92.00 741.00 304.00
2017 153 17 0 -999.00 -999.00 -999.00 -999.00 -999.00 1.70000 22.00 22.78 100.71 0.00 270.00 -999.00 -999.00 -999.00 -999.00 -999.00 -999.00 69.00 626.00 323.00
2017 153 18 0 -999.00 -999.00 -999.00 -999.00 -999.00 1.70000 30.00 22.22 100.75 0.00 95.00 -999.00 -999.00 -999.00 -999.00 -999.00 -999.00 39.00 404.00 336.00
2017 153 19 0 -999.00 -999.00 -999.00 -999.00 -999.00 1.80000 32.00 21.11 100.81 0.00 0.00 -999.00 -999.00 -999.00 -999.00 -999.00 -999.00 0.00 0.00 341.00
2017 153 20 0 -999.00 -999.00 -999.00 -999.00 -999.00 1.90000 35.00 20.00 100.88 0.00 0.00 -999.00 -999.00 -999.00 -999.00 -999.00 -999.00 0.00 0.00 344.00
2017 153 21 0 -999.00 -999.00 -999.00 -999.00 -999.00 1.80000 36.00 19.44 100.98 0.00 0.00 -999.00 -999.00 -999.00 -999.00 -999.00 -999.00 0.00 0.00 347.00
2017 153 22 0 -999.00 -999.00 -999.00 -999.00 -999.00 1.60000 39.00 18.33 101.05 0.00 0.00 -999.00 -999.00 -999.00 -999.00 -999.00 -999.00 0.00 0.00 349.00
2017 153 23 0 -999.00 -999.00 -999.00 -999.00 -999.00 1.50000 40.00 17.22 101.02 0.00 0.00 -999.00 -999.00 -999.00 -999.00 -999.00 -999.00 0.00 0.00 344.00
2017 154 0 0 -999.00 -999.00 -999.00 -999.00 -999.00 1.30000 43.00 16.11 101.02 0.00 0.00 -999.00 -999.00 -999.00 -999.00 -999.00 -999.00 0.00 0.00 330.00
2017 154 1 0 -999.00 -999.00 -999.00 -999.00 -999.00 1.10000 48.00 15.00 100.98 0.00 0.00 -999.00 -999.00 -999.00 -999.00 -999.00 -999.00 0.00 0.00 309.00
2017 154 2 0 -999.00 -999.00 -999.00 -999.00 -999.00 0.90000 49.00 15.00 101.02 0.00 0.00 -999.00 -999.00 -999.00 -999.00 -999.00 -999.00 0.00 0.00 289.00
2017 154 3 0 -999.00 -999.00 -999.00 -999.00 -999.00 0.80000 56.00 14.44 100.98 0.00 0.00 -999.00 -999.00 -999.00 -999.00 -999.00 -999.00 0.00 0.00 278.00
2017 154 4 0 -999.00 -999.00 -999.00 -999.00 -999.00 1.00000 53.00 14.44 100.98 0.00 0.00 -999.00 -999.00 -999.00 -999.00 -999.00 -999.00 0.00 0.00 273.00
2017 154 5 0 -999.00 -999.00 -999.00 -999.00 -999.00 1.60000 50.00 15.56 100.98 0.00 34.00 -999.00 -999.00 -999.00 -999.00 -999.00 -999.00 34.00 0.00 263.00
2017 154 6 0 -999.00 -999.00 -999.00 -999.00 -999.00 2.10000 52.00 16.11 101.05 0.00 71.00 -999.00 -999.00 -999.00 -999.00 -999.00 -999.00 71.00 1.00 249.00
2017 154 7 0 -999.00 -999.00 -999.00 -999.00 -999.00 2.30000 80.00 12.78 101.12 0.25 298.00 -999.00 -999.00 -999.00 -999.00 -999.00 -999.00 247.00 96.00 248.00
2017 154 8 0 -999.00 -999.00 -999.00 -999.00 -999.00 2.60000 78.00 13.89 101.02 0.00 473.00 -999.00 -999.00 -999.00 -999.00 -999.00 -999.00 298.00 254.00 262.00
2017 154 9 0 -999.00 -999.00 -999.00 -999.00 -999.00 2.70000 69.00 15.00 101.02 0.00 491.00 -999.00 -999.00 -999.00 -999.00 -999.00 -999.00 358.00 163.00 283.00
2017 154 10 0 -999.00 -999.00 -999.00 -999.00 -999.00 2.60000 65.00 16.67 100.98 0.00 528.00 -999.00 -999.00 -999.00 -999.00 -999.00 -999.00 445.00 92.00 304.00
2017 154 11 0 -999.00 -999.00 -999.00 -999.00 -999.00 2.50000 45.00 18.33 100.95 0.00 596.00 -999.00 -999.00 -999.00 -999.00 -999.00 -999.00 458.00 145.00 316.00
2017 154 12 0 -999.00 -999.00 -999.00 -999.00 -999.00 2.40000 39.00 20.56 100.91 0.00 754.00 -999.00 -999.00 -999.00 -999.00 -999.00 -999.00 491.00 279.00 317.00
2017 154 13 0 -999.00 -999.00 -999.00 -999.00 -999.00 2.30000 33.00 20.56 100.91 0.00 929.00 -999.00 -999.00 -999.00 -999.00 -999.00 -999.00 99.00 934.00 313.00
2017 154 14 0 -999.00 -999.00 -999.00 -999.00 -999.00 2.20000 31.00 21.11 100.88 0.00 564.00 -999.00 -999.00 -999.00 -999.00 -999.00 -999.00 429.00 171.00 309.00
2017 154 15 0 -999.00 -999.00 -999.00 -999.00 -999.00 1.90000 30.00 21.67 100.88 0.00 659.00 -999.00 -999.00 -999.00 -999.00 -999.00 -999.00 84.00 871.00 304.00
2017 154 16 0 -999.00 -999.00 -999.00 -999.00 -999.00 1.70000 28.00 22.22 100.88 0.00 474.00 -999.00 -999.00 -999.00 -999.00 -999.00 -999.00 72.00 804.00 301.00
2017 154 17 0 -999.00 -999.00 -999.00 -999.00 -999.00 1.40000 29.00 22.22 100.85 0.00 280.00 -999.00 -999.00 -999.00 -999.00 -999.00 -999.00 56.00 695.00 300.00
2017 154 18 0 -999.00 -999.00 -999.00 -999.00 -999.00 1.30000 30.00 22.22 100.91 0.00 100.00 -999.00 -999.00 -999.00 -999.00 -999.00 -999.00 34.00 467.00 304.00
2017 154 19 0 -999.00 -999.00 -999.00 -999.00 -999.00 1.40000 31.00 21.67 100.95 0.00 0.00 -999.00 -999.00 -999.00 -999.00 -999.00 -999.00 0.00 0.00 312.00
2017 154 20 0 -999.00 -999.00 -999.00 -999.00 -999.00 1.50000 32.00 21.11 101.02 0.00 0.00 -999.00 -999.00 -999.00 -999.00 -999.00 -999.00 0.00 0.00 320.00
2017 154 21 0 -999.00 -999.00 -999.00 -999.00 -999.00 1.50000 33.00 20.56 101.05 0.00 0.00 -999.00 -999.00 -999.00 -999.00 -999.00 -999.00 0.00 0.00 324.00
2017 154 22 0 -999.00 -999.00 -999.00 -999.00 -999.00 1.60000 36.00 19.44 101.05 0.00 0.00 -999.00 -999.00 -999.00 -999.00 -999.00 -999.00 0.00 0.00 324.00
2017 154 23 0 -999.00 -999.00 -999.00 -999.00 -999.00 1.70000 40.00 18.33 101.08 0.00 0.00 -999.00 -999.00 -999.00 -999.00 -999.00 -999.00 0.00 0.00 324.00
2017 155 0 0 -999.00 -999.00 -999.00 -999.00 -999.00 1.70000 41.00 17.78 101.12 0.00 0.00 -999.00 -999.00 -999.00 -999.00 -999.00 -999.00 0.00 0.00 324.00
2017 155 1 0 -999.00 -999.00 -999.00 -999.00 -999.00 1.60000 44.00 16.67 101.15 0.00 0.00 -999.00 -999.00 -999.00 -999.00 -999.00 -999.00 0.00 0.00 323.00
2017 155 2 0 -999.00 -999.00 -999.00 -999.00 -999.00 1.50000 43.00 16.67 101.15 0.00 0.00 -999.00 -999.00 -999.00 -999.00 -999.00 -999.00 0.00 0.00 322.00
2017 155 3 0 -999.00 -999.00 -999.00 -999.00 -999.00 1.50000 49.00 15.00 101.15 0.00 0.00 -999.00 -999.00 -999.00 -999.00 -999.00 -999.00 0.00 0.00 324.00
2017 155 4 0 -999.00 -999.00 -999.00 -999.00 -999.00 1.40000 58.00 13.89 101.15 0.00 0.00 -999.00 -999.00 -999.00 -999.00 -999.00 -999.00 0.00 0.00 331.00
2017 155 5 0 -999.00 -999.00 -999.00 -999.00 -999.00 1.20000 57.00 13.33 101.19 0.00 132.00 -999.00 -999.00 -999.00 -999.00 -999.00 -999.00 44.00 495.00 343.00
2017 155 6 0 -999.00 -999.00 -999.00 -999.00 -999.00 0.80000 56.00 15.56 101.19 0.00 317.00 -999.00 -999.00 -999.00 -999.00 -999.00 -999.00 69.00 692.00 177.00
2017 155 7 0 -999.00 -999.00 -999.00 -999.00 -999.00 0.40000 50.00 16.67 101.19 0.00 509.00 -999.00 -999.00 -999.00 -999.00 -999.00 -999.00 80.00 803.00 101.00
2017 155 8 0 -999.00 -999.00 -999.00 -999.00 -999.00 0.40000 43.00 18.89 101.19 0.00 600.00 -999.00 -999.00 -999.00 -999.00 -999.00 -999.00 144.00 661.00 198.00
2017 155 9 0 -999.00 -999.00 -999.00 -999.00 -999.00 0.80000 42.00 20.00 101.15 0.00 477.00 -999.00 -999.00 -999.00 -999.00 -999.00 -999.00 339.00 170.00 200.00
2017 155 10 0 -999.00 -999.00 -999.00 -999.00 -999.00 1.20000 45.00 20.00 101.12 0.00 445.00 -999.00 -999.00 -999.00 -999.00 -999.00 -999.00 394.00 56.00 204.00
2017 155 11 0 -999.00 -999.00 -999.00 -999.00 -999.00 1.50000 45.00 19.44 101.08 0.00 399.00 -999.00 -999.00 -999.00 -999.00 -999.00 -999.00 377.00 24.00 207.00
2017 155 12 0 -999.00 -999.00 -999.00 -999.00 -999.00 1.60000 54.00 17.78 101.02 0.00 161.00 -999.00 -999.00 -999.00 -999.00 -999.00 -999.00 161.00 0.00 201.00
2017 155 13 0 -999.00 -999.00 -999.00 -999.00 -999.00 1.80000 60.00 17.22 101.05 0.00 151.00 -999.00 -999.00 -999.00 -999.00 -999.00 -999.00 150.00 0.00 186.00
2017 155 14 0 -999.00 -999.00 -999.00 -999.00 -999.00 2.20000 73.00 16.67 101.02 0.00 306.00 -999.00 -999.00 -999.00 -999.00 -999.00 -999.00 295.00 15.00 172.00
2017 155 15 0 -999.00 -999.00 -999.00 -999.00 -999.00 2.40000 84.00 15.56 100.91 0.51 310.00 -999.00 -999.00 -999.00 -999.00 -999.00 -999.00 292.00 28.00 172.00
2017 155 16 0 -999.00 -999.00 -999.00 -999.00 -999.00 2.20000 81.00 16.11 100.78 0.00 174.00 -999.00 -999.00 -999.00 -999.00 -999.00 -999.00 169.00 9.00 179.00
2017 155 17 0 -999.00 -999.00 -999.00 -999.00 -999.00 2.10000 72.00 16.11 100.68 0.00 95.00 -999.00 -999.00 -999.00 -999.00 -999.00 -999.00 93.00 4.00 177.00
2017 155 18 0 -999.00 -999.00 -999.00 -999.00 -999.00 2.20000 78.00 16.67 100.68 0.00 11.00 -999.00 -999.00 -999.00 -999.00 -999.00 -999.00 11.00 0.00 174.00
2017 155 19 0 -999.00 -999.00 -999.00 -999.00 -999.00 1.90000 78.00 17.22 100.71 0.00 0.00 -999.00 -999.00 -999.00 -999.00 -999.00 -999.00 0.00 0.00 174.00
2017 155 20 0 -999.00 -999.00 -999.00 -999.00 -999.00 1.50000 81.00 17.22 100.64 0.00 0.00 -999.00 -999.00 -999.00 -999.00 -999.00 -999.00 0.00 0.00 174.00
2017 155 21 0 -999.00 -999.00 -999.00 -999.00 -999.00 1.20000 86.00 15.56 100.64 0.00 0.00 -999.00 -999.00 -999.00 -999.00 -999.00 -999.00 0.00 0.00 178.00
2017 155 22 0 -999.00 -999.00 -999.00 -999.00 -999.00 1.00000 86.00 15.56 100.61 0.00 0.00 -999.00 -999.00 -999.00 -999.00 -999.00 -999.00 0.00 0.00 186.00
2017 155 23 0 -999.00 -999.00 -999.00 -999.00 -999.00 0.80000 84.00 16.11 100.54 0.00 0.00 -999.00 -999.00 -999.00 -999.00 -999.00 -999.00 0.00 0.00 194.00
2017 156 0 0 -999.00 -999.00 -999.00 -999.00 -999.00 0.60000 93.00 15.00 100.51 1.78 0.00 -999.00 -999.00 -999.00 -999.00 -999.00 -999.00 0.00 0.00 191.00
2017 156 1 0 -999.00 -999.00 -999.00 -999.00 -999.00 0.60000 94.50 15.00 100.42 0.13 0.00 -999.00 -999.00 -999.00 -999.00 -999.00 -999.00 0.00 0.00 176.00
2017 156 2 0 -999.00 -999.00 -999.00 -999.00 -999.00 0.70000 96.83 14.72 100.41 0.04 0.00 -999.00 -999.00 -999.00 -999.00 -999.00 -999.00 0.00 0.00 160.00
2017 156 3 0 -999.00 -999.00 -999.00 -999.00 -999.00 0.70000 96.67 14.63 100.30 0.17 0.00 -999.00 -999.00 -999.00 -999.00 -999.00 -999.00 0.00 0.00 150.00
2017 156 4 0 -999.00 -999.00 -999.00 -999.00 -999.00 0.70000 96.00 15.00 100.25 0.00 0.00 -999.00 -999.00 -999.00 -999.00 -999.00 -999.00 0.00 0.00 140.00
2017 156 5 0 -999.00 -999.00 -999.00 -999.00 -999.00 0.60000 97.00 15.00 100.26 0.00 29.00 -999.00 -999.00 -999.00 -999.00 -999.00 -999.00 29.00 0.00 131.00
2017 156 6 0 -999.00 -999.00 -999.00 -999.00 -999.00 0.60000 95.00 15.83 100.27 0.00 101.00 -999.00 -999.00 -999.00 -999.00 -999.00 -999.00 99.00 4.00 130.00
2017 156 7 0 -999.00 -999.00 -999.00 -999.00 -999.00 0.50000 94.67 16.30 100.27 0.00 229.00 -999.00 -999.00 -999.00 -999.00 -999.00 -999.00 216.00 26.00 142.00
2017 156 8 0 -999.00 -999.00 -999.00 -999.00 -999.00 0.50000 90.00 17.22 100.30 0.00 395.00 -999.00 -999.00 -999.00 -999.00 -999.00 -999.00 312.00 121.00 155.00
2017 156 9 0 -999.00 -999.00 -999.00 -999.00 -999.00 0.60000 90.00 16.67 100.34 0.00 463.00 -999.00 -999.00 -999.00 -999.00 -999.00 -999.00 367.00 117.00 157.00
2017 156 10 0 -999.00 -999.00 -999.00 -999.00 -999.00 0.50000 87.00 17.78 100.34 0.00 462.00 -999.00 -999.00 -999.00 -999.00 -999.00 -999.00 410.00 58.00 147.00
2017 156 11 0 -999.00 -999.00 -999.00 -999.00 -999.00 0.40000 84.00 18.89 100.30 0.00 512.00 -999.00 -999.00 -999.00 -999.00 -999.00 -999.00 433.00 84.00 124.00
2017 156 12 0 -999.00 -999.00 -999.00 -999.00 -999.00 0.60000 81.00 19.44 100.29 0.00 463.00 -999.00 -999.00 -999.00 -999.00 -999.00 -999.00 418.00 48.00 106.00
2017 156 13 0 -999.00 -999.00 -999.00 -999.00 -999.00 0.80000 81.00 18.89 100.27 0.00 400.00 -999.00 -999.00 -999.00 -999.00 -999.00 -999.00 380.00 23.00 107.00
2017 156 14 0 -999.00 -999.00 -999.00 -999.00 -999.00 1.00000 81.00 18.89 100.24 0.00 284.00 -999.00 -999.00 -999.00 -999.00 -999.00 -999.00 275.00 10.00 116.00
2017 156 15 0 -999.00 -999.00 -999.00 -999.00 -999.00 1.20000 81.67 18.89 100.21 0.00 222.00 -999.00 -999.00 -999.00 -999.00 -999.00 -999.00 218.00 5.00 118.00
2017 156 16 0 -999.00 -999.00 -999.00 -999.00 -999.00 1.30000 82.50 18.89 100.20 0.00 79.00 -999.00 -999.00 -999.00 -999.00 -999.00 -999.00 79.00 0.00 113.00
2017 156 17 0 -999.00 -999.00 -999.00 -999.00 -999.00 1.50000 84.00 18.33 100.17 0.00 77.00 -999.00 -999.00 -999.00 -999.00 -999.00 -999.00 77.00 3.00 106.00
2017 156 18 0 -999.00 -999.00 -999.00 -999.00 -999.00 1.80000 84.00 18.33 100.20 0.00 15.00 -999.00 -999.00 -999.00 -999.00 -999.00 -999.00 15.00 0.00 99.00
2017 156 19 0 -999.00 -999.00 -999.00 -999.00 -999.00 2.20000 90.00 17.78 100.24 0.00 0.00 -999.00 -999.00 -999.00 -999.00 -999.00 -999.00 0.00 0.00 95.00
2017 156 20 0 -999.00 -999.00 -999.00 -999.00 -999.00 2.50000 90.00 17.22 100.20 0.00 0.00 -999.00 -999.00 -999.00 -999.00 -999.00 -999.00 0.00 0.00 90.00
2017 156 21 0 -999.00 -999.00 -999.00 -999.00 -999.00 2.50000 90.00 16.67 100.17 0.00 0.00 -999.00 -999.00 -999.00 -999.00 -999.00 -999.00 0.00 0.00 79.00
2017 156 22 0 -999.00 -999.00 -999.00 -999.00 -999.00 2.60000 94.00 15.97 100.21 0.00 0.00 -999.00 -999.00 -999.00 -999.00 -999.00 -999.00 0.00 0.00 66.00
2017 156 23 0 -999.00 -999.00 -999.00 -999.00 -999.00 2.80000 91.33 15.56 100.20 0.00 0.00 -999.00 -999.00 -999.00 -999.00 -999.00 -999.00 0.00 0.00 52.00
2017 157 0 0 -999.00 -999.00 -999.00 -999.00 -999.00 2.90000 95.00 14.44 100.15 0.00 0.00 -999.00 -999.00 -999.00 -999.00 -999.00 -999.00 0.00 0.00 40.00
2017 157 1 0 -999.00 -999.00 -999.00 -999.00 -999.00 2.80000 96.00 13.89 100.14 0.00 0.00 -999.00 -999.00 -999.00 -999.00 -999.00 -999.00 0.00 0.00 32.00
2017 157 2 0 -999.00 -999.00 -999.00 -999.00 -999.00 2.70000 93.00 13.89 100.10 0.00 0.00 -999.00 -999.00 -999.00 -999.00 -999.00 -999.00 0.00 0.00 28.00
2017 157 3 0 -999.00 -999.00 -999.00 -999.00 -999.00 2.60000 93.00 13.33 100.07 0.00 0.00 -999.00 -999.00 -999.00 -999.00 -999.00 -999.00 0.00 0.00 26.00
2017 157 4 0 -999.00 -999.00 -999.00 -999.00 -999.00 2.60000 90.00 13.33 100.08 0.00 0.00 -999.00 -999.00 -999.00 -999.00 -999.00 -999.00 0.00 0.00 27.00
2017 157 5 0 -999.00 -999.00 -999.00 -999.00 -999.00 2.60000 87.00 13.89 100.14 0.00 18.00 -999.00 -999.00 -999.00 -999.00 -999.00 -999.00 18.00 0.00 34.00
2017 157 6 0 -999.00 -999.00 -999.00 -999.00 -999.00 2.50000 90.00 13.33 100.17 0.00 28.00 -999.00 -999.00 -999.00 -999.00 -999.00 -999.00 28.00 0.00 43.00
2017 157 7 0 -999.00 -999.00 -999.00 -999.00 -999.00 2.20000 93.00 12.78 100.20 0.25 105.00 -999.00 -999.00 -999.00 -999.00 -999.00 -999.00 105.00 1.00 49.00
2017 157 8 0 -999.00 -999.00 -999.00 -999.00 -999.00 1.90000 93.00 12.78 100.24 0.51 271.00 -999.00 -999.00 -999.00 -999.00 -999.00 -999.00 256.00 22.00 52.00
2017 157 9 0 -999.00 -999.00 -999.00 -999.00 -999.00 1.60000 90.00 13.33 100.27 0.00 221.00 -999.00 -999.00 -999.00 -999.00 -999.00 -999.00 218.00 3.00 56.00
2017 157 10 0 -999.00 -999.00 -999.00 -999.00 -999.00 1.40000 87.00 13.33 100.27 0.00 48.00 -999.00 -999.00 -999.00 -999.00 -999.00 -999.00 48.00 0.00 58.00
2017 157 11 0 -999.00 -999.00 -999.00 -999.00 -999.00 1.40000 91.50 12.78 100.36 0.00 195.00 -999.00 -999.00 -999.00 -999.00 -999.00 -999.00 195.00 0.00 53.00
2017 157 12 0 -999.00 -999.00 -999.00 -999.00 -999.00 1.40000 93.00 12.78 100.38 0.00 131.00 -999.00 -999.00 -999.00 -999.00 -999.00 -999.00 131.00 0.00 45.00
2017 157 13 0 -999.00 -999.00 -999.00 -999.00 -999.00 1.40000 92.50 12.92 100.38 0.38 200.00 -999.00 -999.00 -999.00 -999.00 -999.00 -999.00 200.00 0.00 43.00
2017 157 14 0 -999.00 -999.00 -999.00 -999.00 -999.00 1.60000 89.25 13.33 100.41 0.00 263.00 -999.00 -999.00 -999.00 -999.00 -999.00 -999.00 263.00 1.00 45.00
2017 157 15 0 -999.00 -999.00 -999.00 -999.00 -999.00 1.80000 87.00 13.33 100.44 0.00 109.00 -999.00 -999.00 -999.00 -999.00 -999.00 -999.00 109.00 0.00 48.00
2017 157 16 0 -999.00 -999.00 -999.00 -999.00 -999.00 1.90000 87.00 13.33 100.47 0.00 58.00 -999.00 -999.00 -999.00 -999.00 -999.00 -999.00 58.00 0.00 53.00
2017 157 17 0 -999.00 -999.00 -999.00 -999.00 -999.00 2.00000 84.00 13.33 100.51 0.00 10.00 -999.00 -999.00 -999.00 -999.00 -999.00 -999.00 10.00 0.00 57.00
2017 157 18 0 -999.00 -999.00 -999.00 -999.00 -999.00 2.10000 85.50 13.06 100.59 0.00 83.00 -999.00 -999.00 -999.00 -999.00 -999.00 -999.00 60.00 158.00 58.00
2017 157 19 0 -999.00 -999.00 -999.00 -999.00 -999.00 2.20000 87.33 12.22 100.69 0.00 0.00 -999.00 -999.00 -999.00 -999.00 -999.00 -999.00 0.00 0.00 55.00
2017 157 20 0 -999.00 -999.00 -999.00 -999.00 -999.00 2.30000 89.00 11.67 100.71 0.00 0.00 -999.00 -999.00 -999.00 -999.00 -999.00 -999.00 0.00 0.00 51.00
2017 157 21 0 -999.00 -999.00 -999.00 -999.00 -999.00 2.20000 83.00 11.67 100.78 0.00 0.00 -999.00 -999.00 -999.00 -999.00 -999.00 -999.00 0.00 0.00 44.00
2017 157 22 0 -999.00 -999.00 -999.00 -999.00 -999.00 2.10000 77.00 11.94 100.85 0.00 0.00 -999.00 -999.00 -999.00 -999.00 -999.00 -999.00 0.00 0.00 37.00
2017 157 23 0 -999.00 -999.00 -999.00 -999.00 -999.00 2.00000 77.00 11.11 100.85 0.00 0.00 -999.00 -999.00 -999.00 -999.00 -999.00 -999.00 0.00 0.00 29.00
2017 158 0 0 -999.00 -999.00 -999.00 -999.00 -999.00 2.00000 77.00 11.11 100.86 0.00 0.00 -999.00 -999.00 -999.00 -999.00 -999.00 -999.00 0.00 0.00 22.00
2017 158 1 0 -999.00 -999.00 -999.00 -999.00 -999.00 2.00000 77.00 11.11 100.88 0.00 0.00 -999.00 -999.00 -999.00 -999.00 -999.00 -999.00 0.00 0.00 17.00
2017 158 2 0 -999.00 -999.00 -999.00 -999.00 -999.00 1.90000 77.00 11.11 100.85 0.00 0.00 -999.00 -999.00 -999.00 -999.00 -999.00 -999.00 0.00 0.00 12.00
2017 158 3 0 -999.00 -999.00 -999.00 -999.00 -999.00 1.90000 77.00 11.67 100.85 0.00 0.00 -999.00 -999.00 -999.00 -999.00 -999.00 -999.00 0.00 0.00 9.00
2017 158 4 0 -999.00 -999.00 -999.00 -999.00 -999.00 2.00000 77.00 11.67 100.88 0.00 0.00 -999.00 -999.00 -999.00 -999.00 -999.00 -999.00 0.00 0.00 10.00
2017 158 5 0 -999.00 -999.00 -999.00 -999.00 -999.00 2.20000 79.40 11.78 100.92 0.00 67.00 -999.00 -999.00 -999.00 -999.00 -999.00 -999.00 66.00 1.00 14.00
2017 158 6 0 -999.00 -999.00 -999.00 -999.00 -999.00 2.40000 77.00 12.22 100.97 0.00 233.00 -999.00 -999.00 -999.00 -999.00 -999.00 -999.00 190.00 117.00 20.00
2017 158 7 0 -999.00 -999.00 -999.00 -999.00 -999.00 2.40000 75.50 12.50 101.02 0.00 318.00 -999.00 -999.00 -999.00 -999.00 -999.00 -999.00 281.00 70.00 26.00
2017 158 8 0 -999.00 -999.00 -999.00 -999.00 -999.00 2.40000 69.00 13.89 101.08 0.00 503.00 -999.00 -999.00 -999.00 -999.00 -999.00 -999.00 364.00 202.00 30.00
2017 158 9 0 -999.00 -999.00 -999.00 -999.00 -999.00 2.10000 67.33 14.81 101.08 0.00 635.00 -999.00 -999.00 -999.00 -999.00 -999.00 -999.00 420.00 263.00 33.00
2017 158 10 0 -999.00 -999.00 -999.00 -999.00 -999.00 1.80000 65.00 15.56 101.08 0.00 764.00 -999.00 -999.00 -999.00 -999.00 -999.00 -999.00 427.00 373.00 38.00
2017 158 11 0 -999.00 -999.00 -999.00 -999.00 -999.00 1.30000 60.00 16.67 101.08 0.00 624.00 -999.00 -999.00 -999.00 -999.00 -999.00 -999.00 473.00 160.00 43.00
2017 158 12 0 -999.00 -999.00 -999.00 -999.00 -999.00 1.00000 58.00 16.67 101.05 0.00 448.00 -999.00 -999.00 -999.00 -999.00 -999.00 -999.00 428.00 21.00 47.00
2017 158 13 0 -999.00 -999.00 -999.00 -999.00 -999.00 0.70000 58.00 17.78 101.05 0.00 419.00 -999.00 -999.00 -999.00 -999.00 -999.00 -999.00 402.00 19.00 49.00
2017 158 14 0 -999.00 -999.00 -999.00 -999.00 -999.00 0.50000 56.00 18.33 101.05 0.00 269.00 -999.00 -999.00 -999.00 -999.00 -999.00 -999.00 269.00 1.00 47.00
2017 158 15 0 -999.00 -999.00 -999.00 -999.00 -999.00 0.30000 56.00 18.33 101.05 0.00 358.00 -999.00 -999.00 -999.00 -999.00 -999.00 -999.00 317.00 62.00 36.00
2017 158 16 0 -999.00 -999.00 -999.00 -999.00 -999.00 0.20000 51.00 19.44 101.08 0.00 279.00 -999.00 -999.00 -999.00 -999.00 -999.00 -999.00 255.00 47.00 183.00
2017 158 17 0 -999.00 -999.00 -999.00 -999.00 -999.00 0.30000 59.00 18.33 101.08 0.00 272.00 -999.00 -999.00 -999.00 -999.00 -999.00 -999.00 71.00 612.00 326.00
2017 158 18 0 -999.00 -999.00 -999.00 -999.00 -999.00 0.60000 59.00 18.33 101.08 0.00 99.00 -999.00 -999.00 -999.00 -999.00 -999.00 -999.00 41.00 393.00 290.00
2017 158 19 0 -999.00 -999.00 -999.00 -999.00 -999.00 1.00000 58.00 17.78 101.12 0.00 0.00 -999.00 -999.00 -999.00 -999.00 -999.00 -999.00 0.00 0.00 267.00
2017 158 20 0 -999.00 -999.00 -999.00 -999.00 -999.00 1.20000 62.00 16.67 101.15 0.00 0.00 -999.00 -999.00 -999.00 -999.00 -999.00 -999.00 0.00 0.00 272.00
2017 158 21 0 -999.00 -999.00 -999.00 -999.00 -999.00 1.30000 62.00 16.67 101.19 0.00 0.00 -999.00 -999.00 -999.00 -999.00 -999.00 -999.00 0.00 0.00 284.00
2017 158 22 0 -999.00 -999.00 -999.00 -999.00 -999.00 1.20000 62.00 16.67 101.19 0.00 0.00 -999.00 -999.00 -999.00 -999.00 -999.00 -999.00 0.00 0.00 301.00
2017 158 23 0 -999.00 -999.00 -999.00 -999.00 -999.00 1.20000 65.00 16.11 101.19 0.00 0.00 -999.00 -999.00 -999.00 -999.00 -999.00 -999.00 0.00 0.00 321.00
2017 159 0 0 -999.00 -999.00 -999.00 -999.00 -999.00 1.20000 67.00 15.56 101.19 0.00 0.00 -999.00 -999.00 -999.00 -999.00 -999.00 -999.00 0.00 0.00 339.00
2017 159 1 0 -999.00 -999.00 -999.00 -999.00 -999.00 1.20000 69.00 15.00 101.15 0.00 0.00 -999.00 -999.00 -999.00 -999.00 -999.00 -999.00 0.00 0.00 177.00
2017 159 2 0 -999.00 -999.00 -999.00 -999.00 -999.00 1.20000 75.00 14.44 101.15 0.00 0.00 -999.00 -999.00 -999.00 -999.00 -999.00 -999.00 0.00 0.00 15.00
2017 159 3 0 -999.00 -999.00 -999.00 -999.00 -999.00 1.30000 78.00 13.89 101.12 0.00 0.00 -999.00 -999.00 -999.00 -999.00 -999.00 -999.00 0.00 0.00 29.00
2017 159 4 0 -999.00 -999.00 -999.00 -999.00 -999.00 1.30000 81.00 13.33 101.08 0.00 0.00 -999.00 -999.00 -999.00 -999.00 -999.00 -999.00 0.00 0.00 41.00
2017 159 5 0 -999.00 -999.00 -999.00 -999.00 -999.00 1.30000 77.00 13.33 101.12 0.00 133.00 -999.00 -999.00 -999.00 -999.00 -999.00 -999.00 45.00 489.00 54.00
2017 159 6 0 -999.00 -999.00 -999.00 -999.00 -999.00 1.40000 78.00 15.00 101.15 0.00 319.00 -999.00 -999.00 -999.00 -999.00 -999.00 -999.00 69.00 692.00 74.00
2017 159 7 0 -999.00 -999.00 -999.00 -999.00 -999.00 1.50000 67.00 16.67 101.19 0.00 513.00 -999.00 -999.00 -999.00 -999.00 -999.00 -999.00 84.00 801.00 94.00
2017 159 8 0 -999.00 -999.00 -999.00 -999.00 -999.00 1.70000 65.00 17.22 101.19 0.00 603.00 -999.00 -999.00 -999.00 -999.00 -999.00 -999.00 205.00 577.00 108.00
2017 159 9 0 -999.00 -999.00 -999.00 -999.00 -999.00 1.80000 70.00 17.78 101.15 0.00 737.00 -999.00 -999.00 -999.00 -999.00 -999.00 -999.00 201.00 655.00 118.00
2017 159 10 0 -999.00 -999.00 -999.00 -999.00 -999.00 2.00000 66.00 19.44 101.15 0.00 675.00 -999.00 -999.00 -999.00 -999.00 -999.00 -999.00 352.00 356.00 123.00
2017 159 11 0 -999.00 -999.00 -999.00 -999.00 -999.00 2.00000 68.00 20.00 101.15 0.00 680.00 -999.00 -999.00 -999.00 -999.00 -999.00 -999.00 430.00 265.00 124.00
2017 159 12 0 -999.00 -999.00 -999.00 -999.00 -999.00 1.90000 56.00 18.89 101.12 0.00 434.00 -999.00 -999.00 -999.00 -999.00 -999.00 -999.00 407.00 28.00 126.00
2017 159 13 0 -999.00 -999.00 -999.00 -999.00 -999.00 1.80000 61.00 18.33 101.05 0.00 497.00 -999.00 -999.00 -999.00 -999.00 -999.00 -999.00 435.00 70.00 126.00
2017 159 14 0 -999.00 -999.00 -999.00 -999.00 -999.00 1.70000 42.00 18.89 100.98 0.00 295.00 -999.00 -999.00 -999.00 -999.00 -999.00 -999.00 285.00 12.00 118.00
2017 159 15 0 -999.00 -999.00 -999.00 -999.00 -999.00 1.60000 49.00 18.89 100.95 0.00 398.00 -999.00 -999.00 -999.00 -999.00 -999.00 -999.00 340.00 86.00 106.00
2017 159 16 0 -999.00 -999.00 -999.00 -999.00 -999.00 1.50000 63.00 17.78 100.88 0.00 216.00 -999.00 -999.00 -999.00 -999.00 -999.00 -999.00 203.00 27.00 100.00
2017 159 17 0 -999.00 -999.00 -999.00 -999.00 -999.00 1.50000 52.00 17.22 100.78 0.00 118.00 -999.00 -999.00 -999.00 -999.00 -999.00 -999.00 114.00 11.00 96.00
2017 159 18 0 -999.00 -999.00 -999.00 -999.00 -999.00 1.50000 54.00 16.67 100.71 0.00 29.00 -999.00 -999.00 -999.00 -999.00 -999.00 -999.00 29.00 0.00 92.00
2017 159 19 0 -999.00 -999.00 -999.00 -999.00 -999.00 1.60000 54.00 16.11 100.64 0.00 0.00 -999.00 -999.00 -999.00 -999.00 -999.00 -999.00 0.00 0.00 90.00
2017 159 20 0 -999.00 -999.00 -999.00 -999.00 -999.00 1.70000 43.00 16.11 100.58 0.00 0.00 -999.00 -999.00 -999.00 -999.00 -999.00 -999.00 0.00 0.00 90.00
2017 159 21 0 -999.00 -999.00 -999.00 -999.00 -999.00 1.60000 50.00 15.56 100.58 0.00 0.00 -999.00 -999.00 -999.00 -999.00 -999.00 -999.00 0.00 0.00 86.00
2017 159 22 0 -999.00 -999.00 -999.00 -999.00 -999.00 1.50000 58.00 15.56 100.54 0.00 0.00 -999.00 -999.00 -999.00 -999.00 -999.00 -999.00 0.00 0.00 73.00
2017 159 23 0 -999.00 -999.00 -999.00 -999.00 -999.00 1.40000 67.00 13.89 100.47 0.00 0.00 -999.00 -999.00 -999.00 -999.00 -999.00 -999.00 0.00 0.00 48.00
2017 160 0 0 -999.00 -999.00 -999.00 -999.00 -999.00 1.50000 75.00 13.33 100.41 0.00 0.00 -999.00 -999.00 -999.00 -999.00 -999.00 -999.00 0.00 0.00 19.00
2017 160 1 0 -999.00 -999.00 -999.00 -999.00 -999.00 1.60000 80.00 12.22 100.34 0.00 0.00 -999.00 -999.00 -999.00 -999.00 -999.00 -999.00 0.00 0.00 173.00
2017 160 2 0 -999.00 -999.00 -999.00 -999.00 -999.00 1.70000 74.00 12.78 100.27 0.00 0.00 -999.00 -999.00 -999.00 -999.00 -999.00 -999.00 0.00 0.00 331.00
2017 160 3 0 -999.00 -999.00 -999.00 -999.00 -999.00 1.60000 74.00 12.78 100.24 0.00 0.00 -999.00 -999.00 -999.00 -999.00 -999.00 -999.00 0.00 0.00 314.00
2017 160 4 0 -999.00 -999.00 -999.00 -999.00 -999.00 1.50000 77.00 12.22 100.20 0.00 0.00 -999.00 -999.00 -999.00 -999.00 -999.00 -999.00 0.00 0.00 299.00
2017 160 5 0 -999.00 -999.00 -999.00 -999.00 -999.00 1.50000 69.00 12.78 100.20 0.00 92.00 -999.00 -999.00 -999.00 -999.00 -999.00 -999.00 90.00 16.00 283.00
2017 160 6 0 -999.00 -999.00 -999.00 -999.00 -999.00 1.70000 64.00 15.00 100.24 0.00 222.00 -999.00 -999.00 -999.00 -999.00 -999.00 -999.00 196.00 69.00 266.00
2017 160 7 0 -999.00 -999.00 -999.00 -999.00 -999.00 1.80000 62.00 15.00 100.24 0.00 456.00 -999.00 -999.00 -999.00 -999.00 -999.00 -999.00 206.00 467.00 259.00
2017 160 8 0 -999.00 -999.00 -999.00 -999.00 -999.00 1.80000 56.00 16.11 100.27 0.00 607.00 -999.00 -999.00 -999.00 -999.00 -999.00 -999.00 194.00 598.00 261.00
2017 160 9 0 -999.00 -999.00 -999.00 -999.00 -999.00 1.70000 52.00 18.89 100.27 0.00 813.00 -999.00 -999.00 -999.00 -999.00 -999.00 -999.00 128.00 838.00 272.00
2017 160 10 0 -999.00 -999.00 -999.00 -999.00 -999.00 1.60000 44.00 21.67 100.27 0.00 797.00 -999.00 -999.00 -999.00 -999.00 -999.00 -999.00 319.00 528.00 287.00
2017 160 11 0 -999.00 -999.00 -999.00 -999.00 -999.00 1.50000 45.00 23.33 100.27 0.00 971.00 -999.00 -999.00 -999.00 -999.00 -999.00 -999.00 113.00 905.00 297.00
2017 160 12 0 -999.00 -999.00 -999.00 -999.00 -999.00 1.50000 37.00 25.00 100.24 0.00 965.00 -999.00 -999.00 -999.00 -999.00 -999.00 -999.00 111.00 905.00 299.00
2017 160 13 0 -999.00 -999.00 -999.00 -999.00 -999.00 1.60000 36.00 25.56 100.24 0.00 900.00 -999.00 -999.00 -999.00 -999.00 -999.00 -999.00 116.00 878.00 296.00
2017 160 14 0 -999.00 -999.00 -999.00 -999.00 -999.00 1.60000 34.00 26.11 100.24 0.00 222.00 -999.00 -999.00 -999.00 -999.00 -999.00 -999.00 221.00 0.00 293.00
2017 160 15 0 -999.00 -999.00 -999.00 -999.00 -999.00 1.60000 37.00 25.00 100.24 0.00 476.00 -999.00 -999.00 -999.00 -999.00 -999.00 -999.00 355.00 181.00 287.00
2017 160 16 0 -999.00 -999.00 -999.00 -999.00 -999.00 1.50000 31.00 26.67 100.24 0.00 460.00 -999.00 -999.00 -999.00 -999.00 -999.00 -999.00 98.00 712.00 277.00
2017 160 17 0 -999.00 -999.00 -999.00 -999.00 -999.00 1.30000 32.00 26.11 100.24 0.00 271.00 -999.00 -999.00 -999.00 -999.00 -999.00 -999.00 77.00 583.00 265.00
2017 160 18 0 -999.00 -999.00 -999.00 -999.00 -999.00 1.30000 34.00 26.11 100.30 0.00 98.00 -999.00 -999.00 -999.00 -999.00 -999.00 -999.00 45.00 352.00 256.00
2017 160 19 0 -999.00 -999.00 -999.00 -999.00 -999.00 1.50000 37.00 25.00 100.41 0.00 0.00 -999.00 -999.00 -999.00 -999.00 -999.00 -999.00 0.00 0.00 254.00
2017 160 20 0 -999.00 -999.00 -999.00 -999.00 -999.00 1.60000 37.00 24.44 100.44 0.00 0.00 -999.00 -999.00 -999.00 -999.00 -999.00 -999.00 0.00 0.00 256.00
2017 160 21 0 -999.00 -999.00 -999.00 -999.00 -999.00 1.70000 37.00 24.44 100.58 0.00 0.00 -999.00 -999.00 -999.00 -999.00 -999.00 -999.00 0.00 0.00 260.00
2017 160 22 0 -999.00 -999.00 -999.00 -999.00 -999.00 1.80000 43.00 23.33 100.64 0.00 0.00 -999.00 -999.00 -999.00 -999.00 -999.00 -999.00 0.00 0.00 263.00
2017 160 23 0 -999.00 -999.00 -999.00 -999.00 -999.00 1.70000 46.00 22.78 100.71 0.00 0.00 -999.00 -999.00 -999.00 -999.00 -999.00 -999.00 0.00 0.00 270.00
2017 161 0 0 -999.00 -999.00 -999.00 -999.00 -999.00 1.60000 49.00 21.67 100.75 0.00 0.00 -999.00 -999.00 -999.00 -999.00 -999.00 -999.00 0.00 0.00 277.00
2017 161 1 0 -999.00 -999.00 -999.00 -999.00 -999.00 1.50000 49.00 21.11 100.78 0.00 0.00 -999.00 -999.00 -999.00 -999.00 -999.00 -999.00 0.00 0.00 285.00
2017 161 2 0 -999.00 -999.00 -999.00 -999.00 -999.00 1.40000 51.00 20.56 100.81 0.00 0.00 -999.00 -999.00 -999.00 -999.00 -999.00 -999.00 0.00 0.00 291.00
2017 161 3 0 -999.00 -999.00 -999.00 -999.00 -999.00 1.40000 53.00 20.00 100.81 0.00 0.00 -999.00 -999.00 -999.00 -999.00 -999.00 -999.00 0.00 0.00 295.00
2017 161 4 0 -999.00 -999.00 -999.00 -999.00 -999.00 1.30000 57.00 19.44 100.81 0.00 0.00 -999.00 -999.00 -999.00 -999.00 -999.00 -999.00 0.00 0.00 300.00
2017 161 5 0 -999.00 -999.00 -999.00 -999.00 -999.00 1.20000 57.00 19.44 100.88 0.00 118.00 -999.00 -999.00 -999.00 -999.00 -999.00 -999.00 55.00 347.00 304.00
2017 161 6 0 -999.00 -999.00 -999.00 -999.00 -999.00 1.00000 57.00 20.00 100.95 0.00 291.00 -999.00 -999.00 -999.00 -999.00 -999.00 -999.00 93.00 549.00 298.00
2017 161 7 0 -999.00 -999.00 -999.00 -999.00 -999.00 0.90000 57.00 20.56 101.05 0.00 475.00 -999.00 -999.00 -999.00 -999.00 -999.00 -999.00 122.00 658.00 279.00
2017 161 8 0 -999.00 -999.00 -999.00 -999.00 -999.00 1.20000 53.00 22.22 101.12 0.00 504.00 -999.00 -999.00 -999.00 -999.00 -999.00 -999.00 369.00 197.00 261.00
2017 161 9 0 -999.00 -999.00 -999.00 -999.00 -999.00 1.50000 48.00 23.89 101.12 0.00 568.00 -999.00 -999.00 -999.00 -999.00 -999.00 -999.00 438.00 159.00 243.00
2017 161 10 0 -999.00 -999.00 -999.00 -999.00 -999.00 1.90000 48.00 25.00 101.08 0.00 747.00 -999.00 -999.00 -999.00 -999.00 -999.00 -999.00 440.00 340.00 227.00
2017 161 11 0 -999.00 -999.00 -999.00 -999.00 -999.00 2.20000 47.00 26.67 101.08 0.00 942.00 -999.00 -999.00 -999.00 -999.00 -999.00 -999.00 155.00 829.00 219.00
2017 161 12 0 -999.00 -999.00 -999.00 -999.00 -999.00 2.50000 40.00 27.78 101.08 0.00 939.00 -999.00 -999.00 -999.00 -999.00 -999.00 -999.00 157.00 828.00 214.00
2017 161 13 0 -999.00 -999.00 -999.00 -999.00 -999.00 2.70000 40.00 28.33 101.05 0.00 870.00 -999.00 -999.00 -999.00 -999.00 -999.00 -999.00 178.00 774.00 213.00
2017 161 14 0 -999.00 -999.00 -999.00 -999.00 -999.00 2.90000 41.00 28.89 100.95 0.00 760.00 -999.00 -999.00 -999.00 -999.00 -999.00 -999.00 175.00 731.00 211.00
2017 161 15 0 -999.00 -999.00 -999.00 -999.00 -999.00 2.90000 43.00 28.33 100.95 0.00 340.00 -999.00 -999.00 -999.00 -999.00 -999.00 -999.00 309.00 47.00 207.00
2017 161 16 0 -999.00 -999.00 -999.00 -999.00 -999.00 2.90000 38.00 28.89 100.91 0.00 326.00 -999.00 -999.00 -999.00 -999.00 -999.00 -999.00 279.00 92.00 205.00
2017 161 17 0 -999.00 -999.00 -999.00 -999.00 -999.00 2.80000 38.00 28.33 100.91 0.00 196.00 -999.00 -999.00 -999.00 -999.00 -999.00 -999.00 177.00 55.00 205.00
2017 161 18 0 -999.00 -999.00 -999.00 -999.00 -999.00 2.60000 38.00 28.33 100.91 0.00 93.00 -999.00 -999.00 -999.00 -999.00 -999.00 -999.00 53.00 261.00 208.00
2017 161 19 0 -999.00 -999.00 -999.00 -999.00 -999.00 2.50000 41.00 27.78 101.02 0.00 0.00 -999.00 -999.00 -999.00 -999.00 -999.00 -999.00 0.00 0.00 212.00
2017 161 20 0 -999.00 -999.00 -999.00 -999.00 -999.00 2.40000 41.00 27.22 101.05 0.00 0.00 -999.00 -999.00 -999.00 -999.00 -999.00 -999.00 0.00 0.00 218.00
2017 161 21 0 -999.00 -999.00 -999.00 -999.00 -999.00 2.30000 44.00 26.67 101.15 0.00 0.00 -999.00 -999.00 -999.00 -999.00 -999.00 -999.00 0.00 0.00 223.00
2017 161 22 0 -999.00 -999.00 -999.00 -999.00 -999.00 2.10000 47.00 26.11 101.19 0.00 0.00 -999.00 -999.00 -999.00 -999.00 -999.00 -999.00 0.00 0.00 229.00
2017 161 23 0 -999.00 -999.00 -999.00 -999.00 -999.00 1.90000 50.00 25.00 101.19 0.00 0.00 -999.00 -999.00 -999.00 -999.00 -999.00 -999.00 0.00 0.00 233.00
2017 162 0 0 -999.00 -999.00 -999.00 -999.00 -999.00 1.70000 52.00 25.00 101.19 0.00 0.00 -999.00 -999.00 -999.00 -999.00 -999.00 -999.00 0.00 0.00 236.00
2017 162 1 0 -999.00 -999.00 -999.00 -999.00 -999.00 1.60000 58.00 23.89 101.22 0.00 0.00 -999.00 -999.00 -999.00 -999.00 -999.00 -999.00 0.00 0.00 240.00
2017 162 2 0 -999.00 -999.00 -999.00 -999.00 -999.00 1.50000 60.00 23.33 101.22 0.00 0.00 -999.00 -999.00 -999.00 -999.00 -999.00 -999.00 0.00 0.00 244.00
2017 162 3 0 -999.00 -999.00 -999.00 -999.00 -999.00 1.40000 60.00 23.33 101.22 0.00 0.00 -999.00 -999.00 -999.00 -999.00 -999.00 -999.00 0.00 0.00 248.00
2017 162 4 0 -999.00 -999.00 -999.00 -999.00 -999.00 1.40000 64.00 22.78 101.25 0.00 0.00 -999.00 -999.00 -999.00 -999.00 -999.00 -999.00 0.00 0.00 251.00
2017 162 5 0 -999.00 -999.00 -999.00 -999.00 -999.00 1.40000 66.00 22.22 101.29 0.00 118.00 -999.00 -999.00 -999.00 -999.00 -999.00 -999.00 54.00 356.00 247.00
2017 162 6 0 -999.00 -999.00 -999.00 -999.00 -999.00 1.30000 66.00 22.78 101.32 0.00 294.00 -999.00 -999.00 -999.00 -999.00 -999.00 -999.00 83.00 584.00 237.00
2017 162 7 0 -999.00 -999.00 -999.00 -999.00 -999.00 1.40000 64.00 23.89 101.35 0.00 482.00 -999.00 -999.00 -999.00 -999.00 -999.00 -999.00 98.00 716.00 233.00
2017 162 8 0 -999.00 -999.00 -999.00 -999.00 -999.00 1.50000 58.00 25.56 101.35 0.00 604.00 -999.00 -999.00 -999.00 -999.00 -999.00 -999.00 183.00 609.00 242.00
2017 162 9 0 -999.00 -999.00 -999.00 -999.00 -999.00 1.60000 52.00 26.67 101.32 0.00 740.00 -999.00 -999.00 -999.00 -999.00 -999.00 -999.00 216.00 641.00 244.00
2017 162 10 0 -999.00 -999.00 -999.00 -999.00 -999.00 1.80000 46.00 28.89 101.32 0.00 870.00 -999.00 -999.00 -999.00 -999.00 -999.00 -999.00 267.00 666.00 234.00
2017 162 11 0 -999.00 -999.00 -999.00 -999.00 -999.00 2.00000 40.00 30.56 101.29 0.00 958.00 -999.00 -999.00 -999.00 -999.00 -999.00 -999.00 126.00 876.00 226.00
2017 162 12 0 -999.00 -999.00 -999.00 -999.00 -999.00 2.20000 36.00 31.67 101.25 0.00 956.00 -999.00 -999.00 -999.00 -999.00 -999.00 -999.00 126.00 878.00 223.00
2017 162 13 0 -999.00 -999.00 -999.00 -999.00 -999.00 2.40000 36.00 31.67 101.19 0.00 898.00 -999.00 -999.00 -999.00 -999.00 -999.00 -999.00 125.00 864.00 221.00
2017 162 14 0 -999.00 -999.00 -999.00 -999.00 -999.00 2.40000 39.00 31.67 101.12 0.00 789.00 -999.00 -999.00 -999.00 -999.00 -999.00 -999.00 119.00 836.00 219.00
2017 162 15 0 -999.00 -999.00 -999.00 -999.00 -999.00 2.40000 38.00 32.22 101.08 0.00 639.00 -999.00 -999.00 -999.00 -999.00 -999.00 -999.00 110.00 790.00 219.00
2017 162 16 0 -999.00 -999.00 -999.00 -999.00 -999.00 2.30000 36.00 31.67 101.08 0.00 461.00 -999.00 -999.00 -999.00 -999.00 -999.00 -999.00 95.00 716.00 223.00
2017 162 17 0 -999.00 -999.00 -999.00 -999.00 -999.00 2.20000 38.00 31.67 101.05 0.00 274.00 -999.00 -999.00 -999.00 -999.00 -999.00 -999.00 75.00 594.00 228.00
2017 162 18 0 -999.00 -999.00 -999.00 -999.00 -999.00 2.20000 35.00 31.11 101.05 0.00 101.00 -999.00 -999.00 -999.00 -999.00 -999.00 -999.00 45.00 364.00 234.00
2017 162 19 0 -999.00 -999.00 -999.00 -999.00 -999.00 2.10000 38.00 31.11 101.08 0.00 0.00 -999.00 -999.00 -999.00 -999.00 -999.00 -999.00 0.00 0.00 242.00
2017 162 20 0 -999.00 -999.00 -999.00 -999.00 -999.00 2.00000 39.00 30.00 101.08 0.00 0.00 -999.00 -999.00 -999.00 -999.00 -999.00 -999.00 0.00 0.00 252.00
2017 162 21 0 -999.00 -999.00 -999.00 -999.00 -999.00 1.90000 43.00 29.44 101.12 0.00 0.00 -999.00 -999.00 -999.00 -999.00 -999.00 -999.00 0.00 0.00 264.00
2017 162 22 0 -999.00 -999.00 -999.00 -999.00 -999.00 1.80000 44.00 28.89 101.15 0.00 0.00 -999.00 -999.00 -999.00 -999.00 -999.00 -999.00 0.00 0.00 271.00
2017 162 23 0 -999.00 -999.00 -999.00 -999.00 -999.00 1.70000 51.00 27.78 101.12 0.00 0.00 -999.00 -999.00 -999.00 -999.00 -999.00 -999.00 0.00 0.00 271.00
2017 163 0 0 -999.00 -999.00 -999.00 -999.00 -999.00 1.50000 54.00 26.67 101.12 0.00 0.00 -999.00 -999.00 -999.00 -999.00 -999.00 -999.00 0.00 0.00 268.00
2017 163 1 0 -999.00 -999.00 -999.00 -999.00 -999.00 1.50000 58.00 26.11 101.12 0.00 0.00 -999.00 -999.00 -999.00 -999.00 -999.00 -999.00 0.00 0.00 267.00
2017 163 2 0 -999.00 -999.00 -999.00 -999.00 -999.00 1.40000 62.00 25.00 101.08 0.00 0.00 -999.00 -999.00 -999.00 -999.00 -999.00 -999.00 0.00 0.00 268.00
2017 163 3 0 -999.00 -999.00 -999.00 -999.00 -999.00 1.40000 62.00 25.00 101.12 0.00 0.00 -999.00 -999.00 -999.00 -999.00 -999.00 -999.00 0.00 0.00 273.00
2017 163 4 0 -999.00 -999.00 -999.00 -999.00 -999.00 1.30000 62.00 24.44 101.19 0.00 0.00 -999.00 -999.00 -999.00 -999.00 -999.00 -999.00 0.00 0.00 280.00
2017 163 5 0 -999.00 -999.00 -999.00 -999.00 -999.00 1.30000 58.00 24.44 101.22 0.00 126.00 -999.00 -999.00 -999.00 -999.00 -999.00 -999.00 50.00 423.00 278.00
2017 163 6 0 -999.00 -999.00 -999.00 -999.00 -999.00 1.10000 58.00 25.00 101.25 0.00 307.00 -999.00 -999.00 -999.00 -999.00 -999.00 -999.00 76.00 637.00 266.00
2017 163 7 0 -999.00 -999.00 -999.00 -999.00 -999.00 1.10000 56.00 25.56 101.29 0.00 496.00 -999.00 -999.00 -999.00 -999.00 -999.00 -999.00 94.00 751.00 262.00
2017 163 8 0 -999.00 -999.00 -999.00 -999.00 -999.00 1.10000 52.00 26.67 101.25 0.00 669.00 -999.00 -999.00 -999.00 -999.00 -999.00 -999.00 106.00 813.00 273.00
2017 163 9 0 -999.00 -999.00 -999.00 -999.00 -999.00 1.20000 49.00 27.78 101.22 0.00 813.00 -999.00 -999.00 -999.00 -999.00 -999.00 -999.00 117.00 851.00 277.00
2017 163 10 0 -999.00 -999.00 -999.00 -999.00 -999.00 1.20000 46.00 29.44 101.19 0.00 915.00 -999.00 -999.00 -999.00 -999.00 -999.00 -999.00 122.00 876.00 269.00
2017 163 11 0 -999.00 -999.00 -999.00 -999.00 -999.00 1.30000 39.00 31.67 101.15 0.00 965.00 -999.00 -999.00 -999.00 -999.00 -999.00 -999.00 127.00 883.00 256.00
2017 163 12 0 -999.00 -999.00 -999.00 -999.00 -999.00 1.40000 34.00 32.22 101.12 0.00 960.00 -999.00 -999.00 -999.00 -999.00 -999.00 -999.00 128.00 880.00 244.00
2017 163 13 0 -999.00 -999.00 -999.00 -999.00 -999.00 1.50000 34.00 32.78 101.02 0.00 907.00 -999.00 -999.00 -999.00 -999.00 -999.00 -999.00 117.00 882.00 237.00
2017 163 14 0 -999.00 -999.00 -999.00 -999.00 -999.00 1.70000 34.00 32.78 100.95 0.00 797.00 -999.00 -999.00 -999.00 -999.00 -999.00 -999.00 114.00 852.00 234.00
2017 163 15 0 -999.00 -999.00 -999.00 -999.00 -999.00 1.80000 34.00 33.33 100.91 0.00 645.00 -999.00 -999.00 -999.00 -999.00 -999.00 -999.00 106.00 804.00 239.00
2017 163 16 0 -999.00 -999.00 -999.00 -999.00 -999.00 1.90000 34.00 33.33 100.85 0.00 466.00 -999.00 -999.00 -999.00 -999.00 -999.00 -999.00 94.00 726.00 246.00
2017 163 17 0 -999.00 -999.00 -999.00 -999.00 -999.00 1.80000 41.00 31.67 100.81 0.00 278.00 -999.00 -999.00 -999.00 -999.00 -999.00 -999.00 76.00 601.00 251.00
2017 163 18 0 -999.00 -999.00 -999.00 -999.00 -999.00 1.70000 39.00 31.67 100.85 0.00 104.00 -999.00 -999.00 -999.00 -999.00 -999.00 -999.00 46.00 374.00 258.00
2017 163 19 0 -999.00 -999.00 -999.00 -999.00 -999.00 1.70000 40.00 31.11 100.85 0.00 0.00 -999.00 -999.00 -999.00 -999.00 -999.00 -999.00 0.00 0.00 266.00
2017 163 20 0 -999.00 -999.00 -999.00 -999.00 -999.00 1.70000 43.00 30.00 100.88 0.00 0.00 -999.00 -999.00 -999.00 -999.00 -999.00 -999.00 0.00 0.00 271.00
2017 163 21 0 -999.00 -999.00 -999.00 -999.00 -999.00 1.60000 42.00 30.00 100.91 0.00 0.00 -999.00 -999.00 -999.00 -999.00 -999.00 -999.00 0.00 0.00 273.00
2017 163 22 0 -999.00 -999.00 -999.00 -999.00 -999.00 1.60000 45.00 29.44 100.91 0.00 0.00 -999.00 -999.00 -999.00 -999.00 -999.00 -999.00 0.00 0.00 275.00
2017 163 23 0 -999.00 -999.00 -999.00 -999.00 -999.00 1.50000 46.00 28.89 100.91 0.00 0.00 -999.00 -999.00 -999.00 -999.00 -999.00 -999.00 0.00 0.00 278.00
2017 164 0 0 -999.00 -999.00 -999.00 -999.00 -999.00 1.50000 48.00 28.33 100.88 0.00 0.00 -999.00 -999.00 -999.00 -999.00 -999.00 -999.00 0.00 0.00 281.00
2017 164 1 0 -999.00 -999.00 -999.00 -999.00 -999.00 1.40000 51.00 27.22 100.91 0.00 0.00 -999.00 -999.00 -999.00 -999.00 -999.00 -999.00 0.00 0.00 284.00
2017 164 2 0 -999.00 -999.00 -999.00 -999.00 -999.00 1.40000 54.00 26.67 100.91 0.00 0.00 -999.00 -999.00 -999.00 -999.00 -999.00 -999.00 0.00 0.00 287.00
2017 164 3 0 -999.00 -999.00 -999.00 -999.00 -999.00 1.30000 54.00 26.67 100.91 0.00 0.00 -999.00 -999.00 -999.00 -999.00 -999.00 -999.00 0.00 0.00 291.00
2017 164 4 0 -999.00 -999.00 -999.00 -999.00 -999.00 1.30000 58.00 25.56 100.91 0.00 0.00 -999.00 -999.00 -999.00 -999.00 -999.00 -999.00 0.00 0.00 293.00
2017 164 5 0 -999.00 -999.00 -999.00 -999.00 -999.00 1.40000 60.00 25.56 100.91 0.00 123.00 -999.00 -999.00 -999.00 -999.00 -999.00 -999.00 54.00 382.00 288.00
2017 164 6 0 -999.00 -999.00 -999.00 -999.00 -999.00 1.30000 62.00 25.56 100.95 0.00 300.00 -999.00 -999.00 -999.00 -999.00 -999.00 -999.00 85.00 593.00 276.00
2017 164 7 0 -999.00 -999.00 -999.00 -999.00 -999.00 1.30000 58.00 26.67 100.91 0.00 486.00 -999.00 -999.00 -999.00 -999.00 -999.00 -999.00 105.00 711.00 263.00
2017 164 8 0 -999.00 -999.00 -999.00 -999.00 -999.00 1.50000 55.00 27.78 100.91 0.00 657.00 -999.00 -999.00 -999.00 -999.00 -999.00 -999.00 119.00 779.00 257.00
2017 164 9 0 -999.00 -999.00 -999.00 -999.00 -999.00 1.60000 53.00 29.44 100.88 0.00 798.00 -999.00 -999.00 -999.00 -999.00 -999.00 -999.00 129.00 818.00 255.00
2017 164 10 0 -999.00 -999.00 -999.00 -999.00 -999.00 1.80000 46.00 31.11 100.85 0.00 893.00 -999.00 -999.00 -999.00 -999.00 -999.00 -999.00 143.00 828.00 251.00
2017 164 11 0 -999.00 -999.00 -999.00 -999.00 -999.00 1.90000 41.00 33.33 100.81 0.00 941.00 -999.00 -999.00 -999.00 -999.00 -999.00 -999.00 147.00 836.00 245.00
2017 164 12 0 -999.00 -999.00 -999.00 -999.00 -999.00 2.00000 37.00 33.89 100.71 0.00 936.00 -999.00 -999.00 -999.00 -999.00 -999.00 -999.00 150.00 831.00 238.00
2017 164 13 0 -999.00 -999.00 -999.00 -999.00 -999.00 2.20000 33.00 33.89 100.68 0.00 874.00 -999.00 -999.00 -999.00 -999.00 -999.00 -999.00 152.00 806.00 235.00
2017 164 14 0 -999.00 -999.00 -999.00 -999.00 -999.00 2.10000 36.00 34.44 100.61 0.00 764.00 -999.00 -999.00 -999.00 -999.00 -999.00 -999.00 149.00 766.00 240.00
2017 164 15 0 -999.00 -999.00 -999.00 -999.00 -999.00 2.00000 40.00 33.89 100.54 0.00 614.00 -999.00 -999.00 -999.00 -999.00 -999.00 -999.00 140.00 706.00 251.00
2017 164 16 0 -999.00 -999.00 -999.00 -999.00 -999.00 1.80000 40.00 33.33 100.51 0.00 440.00 -999.00 -999.00 -999.00 -999.00 -999.00 -999.00 122.00 620.00 261.00
2017 164 17 0 -999.00 -999.00 -999.00 -999.00 -999.00 1.70000 42.00 32.78 100.44 0.00 261.00 -999.00 -999.00 -999.00 -999.00 -999.00 -999.00 91.00 506.00 267.00
2017 164 18 0 -999.00 -999.00 -999.00 -999.00 -999.00 1.70000 38.00 32.78 100.47 0.00 73.00 -999.00 -999.00 -999.00 -999.00 -999.00 -999.00 69.00 23.00 277.00
2017 164 19 0 -999.00 -999.00 -999.00 -999.00 -999.00 1.60000 35.00 32.78 100.51 0.00 0.00 -999.00 -999.00 -999.00 -999.00 -999.00 -999.00 0.00 0.00 299.00
2017 164 20 0 -999.00 -999.00 -999.00 -999.00 -999.00 1.40000 48.00 31.11 100.58 0.00 0.00 -999.00 -999.00 -999.00 -999.00 -999.00 -999.00 0.00 0.00 326.00
2017 164 21 0 -999.00 -999.00 -999.00 -999.00 -999.00 1.20000 59.00 28.89 100.68 0.00 0.00 -999.00 -999.00 -999.00 -999.00 -999.00 -999.00 0.00 0.00 345.00
2017 164 22 0 -999.00 -999.00 -999.00 -999.00 -999.00 1.00000 53.00 29.44 100.64 0.00 0.00 -999.00 -999.00 -999.00 -999.00 -999.00 -999.00 0.00 0.00 180.00
2017 164 23 0 -999.00 -999.00 -999.00 -999.00 -999.00 1.10000 55.00 28.89 100.71 0.00 0.00 -999.00 -999.00 -999.00 -999.00 -999.00 -999.00 0.00 0.00 13.00
2017 165 0 0 -999.00 -999.00 -999.00 -999.00 -999.00 1.40000 60.00 27.78 100.71 0.00 0.00 -999.00 -999.00 -999.00 -999.00 -999.00 -999.00 0.00 0.00 24.00
2017 165 1 0 -999.00 -999.00 -999.00 -999.00 -999.00 1.70000 60.00 26.67 100.71 0.00 0.00 -999.00 -999.00 -999.00 -999.00 -999.00 -999.00 0.00 0.00 33.00
2017 165 2 0 -999.00 -999.00 -999.00 -999.00 -999.00 2.00000 62.00 25.56 100.71 0.00 0.00 -999.00 -999.00 -999.00 -999.00 -999.00 -999.00 0.00 0.00 39.00
2017 165 3 0 -999.00 -999.00 -999.00 -999.00 -999.00 2.00000 84.00 22.22 100.78 0.00 0.00 -999.00 -999.00 -999.00 -999.00 -999.00 -999.00 0.00 0.00 41.00
2017 165 4 0 -999.00 -999.00 -999.00 -999.00 -999.00 2.00000 79.00 22.78 100.81 0.00 0.00 -999.00 -999.00 -999.00 -999.00 -999.00 -999.00 0.00 0.00 38.00
2017 165 5 0 -999.00 -999.00 -999.00 -999.00 -999.00 1.90000 94.00 21.67 100.88 1.52 43.00 -999.00 -999.00 -999.00 -999.00 -999.00 -999.00 43.00 0.00 36.00
2017 165 6 0 -999.00 -999.00 -999.00 -999.00 -999.00 1.80000 94.00 21.67 100.95 0.00 22.00 -999.00 -999.00 -999.00 -999.00 -999.00 -999.00 22.00 0.00 42.00
2017 165 7 0 -999.00 -999.00 -999.00 -999.00 -999.00 1.70000 94.50 20.65 101.07 1.40 263.00 -999.00 -999.00 -999.00 -999.00 -999.00 -999.00 219.00 82.00 45.00
2017 165 8 0 -999.00 -999.00 -999.00 -999.00 -999.00 1.40000 97.00 21.11 101.08 0.25 448.00 -999.00 -999.00 -999.00 -999.00 -999.00 -999.00 294.00 224.00 42.00
2017 165 9 0 -999.00 -999.00 -999.00 -999.00 -999.00 1.20000 79.00 22.22 101.12 0.00 630.00 -999.00 -999.00 -999.00 -999.00 -999.00 -999.00 404.00 276.00 44.00
2017 165 10 0 -999.00 -999.00 -999.00 -999.00 -999.00 1.20000 66.00 23.89 101.12 0.00 405.00 -999.00 -999.00 -999.00 -999.00 -999.00 -999.00 392.00 14.00 56.00
2017 165 11 0 -999.00 -999.00 -999.00 -999.00 -999.00 1.10000 56.00 25.56 101.12 0.00 953.00 -999.00 -999.00 -999.00 -999.00 -999.00 -999.00 120.00 877.00 66.00
2017 165 12 0 -999.00 -999.00 -999.00 -999.00 -999.00 1.00000 51.00 26.67 101.08 0.00 625.00 -999.00 -999.00 -999.00 -999.00 -999.00 -999.00 472.00 162.00 69.00
2017 165 13 0 -999.00 -999.00 -999.00 -999.00 -999.00 0.90000 46.00 28.89 101.02 0.00 900.00 -999.00 -999.00 -999.00 -999.00 -999.00 -999.00 110.00 881.00 67.00
2017 165 14 0 -999.00 -999.00 -999.00 -999.00 -999.00 0.80000 58.00 27.22 100.98 0.00 791.00 -999.00 -999.00 -999.00 -999.00 -999.00 -999.00 106.00 854.00 72.00
2017 165 15 0 -999.00 -999.00 -999.00 -999.00 -999.00 0.90000 60.00 25.56 100.98 0.00 588.00 -999.00 -999.00 -999.00 -999.00 -999.00 -999.00 177.00 611.00 105.00
2017 165 16 0 -999.00 -999.00 -999.00 -999.00 -999.00 1.10000 48.00 25.56 101.02 0.00 466.00 -999.00 -999.00 -999.00 -999.00 -999.00 -999.00 87.00 737.00 145.00
2017 165 17 0 -999.00 -999.00 -999.00 -999.00 -999.00 1.20000 42.00 24.44 100.98 0.00 279.00 -999.00 -999.00 -999.00 -999.00 -999.00 -999.00 70.00 618.00 162.00
2017 165 18 0 -999.00 -999.00 -999.00 -999.00 -999.00 1.40000 48.00 23.33 100.98 0.00 105.00 -999.00 -999.00 -999.00 -999.00 -999.00 -999.00 43.00 393.00 163.00
2017 165 19 0 -999.00 -999.00 -999.00 -999.00 -999.00 1.60000 43.00 22.78 101.05 0.00 0.00 -999.00 -999.00 -999.00 -999.00 -999.00 -999.00 0.00 0.00 165.00
2017 165 20 0 -999.00 -999.00 -999.00 -999.00 -999.00 1.60000 42.00 21.67 101.05 0.00 0.00 -999.00 -999.00 -999.00 -999.00 -999.00 -999.00 0.00 0.00 171.00
2017 165 21 0 -999.00 -999.00 -999.00 -999.00 -999.00 1.40000 47.00 21.11 101.15 0.00 0.00 -999.00 -999.00 -999.00 -999.00 -999.00 -999.00 0.00 0.00 172.00
2017 165 22 0 -999.00 -999.00 -999.00 -999.00 -999.00 1.20000 46.00 21.11 101.22 0.00 0.00 -999.00 -999.00 -999.00 -999.00 -999.00 -999.00 0.00 0.00 170.00
2017 165 23 0 -999.00 -999.00 -999.00 -999.00 -999.00 1.20000 51.00 20.56 101.22 0.00 0.00 -999.00 -999.00 -999.00 -999.00 -999.00 -999.00 0.00 0.00 161.00
2017 166 0 0 -999.00 -999.00 -999.00 -999.00 -999.00 1.20000 45.00 20.56 101.22 0.00 0.00 -999.00 -999.00 -999.00 -999.00 -999.00 -999.00 0.00 0.00 146.00
2017 166 1 0 -999.00 -999.00 -999.00 -999.00 -999.00 1.40000 53.00 20.00 101.22 0.00 0.00 -999.00 -999.00 -999.00 -999.00 -999.00 -999.00 0.00 0.00 130.00
2017 166 2 0 -999.00 -999.00 -999.00 -999.00 -999.00 1.50000 49.00 20.00 101.19 0.00 0.00 -999.00 -999.00 -999.00 -999.00 -999.00 -999.00 0.00 0.00 119.00
2017 166 3 0 -999.00 -999.00 -999.00 -999.00 -999.00 1.60000 65.00 18.89 101.19 0.00 0.00 -999.00 -999.00 -999.00 -999.00 -999.00 -999.00 0.00 0.00 114.00
2017 166 4 0 -999.00 -999.00 -999.00 -999.00 -999.00 1.70000 70.00 18.89 101.19 0.00 0.00 -999.00 -999.00 -999.00 -999.00 -999.00 -999.00 0.00 0.00 111.00
2017 166 5 0 -999.00 -999.00 -999.00 -999.00 -999.00 1.80000 76.00 18.33 101.22 0.00 120.00 -999.00 -999.00 -999.00 -999.00 -999.00 -999.00 54.00 361.00 116.00
2017 166 6 0 -999.00 -999.00 -999.00 -999.00 -999.00 1.90000 75.00 18.89 101.25 0.00 292.00 -999.00 -999.00 -999.00 -999.00 -999.00 -999.00 86.00 570.00 127.00
2017 166 7 0 -999.00 -999.00 -999.00 -999.00 -999.00 1.90000 59.00 20.56 101.25 0.00 300.00 -999.00 -999.00 -999.00 -999.00 -999.00 -999.00 271.00 55.00 137.00
2017 166 8 0 -999.00 -999.00 -999.00 -999.00 -999.00 2.00000 57.00 21.11 101.29 0.00 351.00 -999.00 -999.00 -999.00 -999.00 -999.00 -999.00 321.00 43.00 144.00
2017 166 9 0 -999.00 -999.00 -999.00 -999.00 -999.00 2.10000 51.00 21.67 101.32 0.00 792.00 -999.00 -999.00 -999.00 -999.00 -999.00 -999.00 132.00 808.00 147.00
2017 166 10 0 -999.00 -999.00 -999.00 -999.00 -999.00 2.20000 53.00 22.22 101.35 0.00 705.00 -999.00 -999.00 -999.00 -999.00 -999.00 -999.00 469.00 260.00 148.00
2017 166 11 0 -999.00 -999.00 -999.00 -999.00 -999.00 2.40000 45.00 23.33 101.35 0.00 934.00 -999.00 -999.00 -999.00 -999.00 -999.00 -999.00 170.00 804.00 149.00
2017 166 12 0 -999.00 -999.00 -999.00 -999.00 -999.00 2.50000 46.00 23.89 101.32 0.00 930.00 -999.00 -999.00 -999.00 -999.00 -999.00 -999.00 169.00 804.00 151.00
2017 166 13 0 -999.00 -999.00 -999.00 -999.00 -999.00 2.50000 41.00 23.89 101.29 0.00 802.00 -999.00 -999.00 -999.00 -999.00 -999.00 -999.00 266.00 598.00 153.00
2017 166 14 0 -999.00 -999.00 -999.00 -999.00 -999.00 2.50000 41.00 23.33 101.22 0.00 771.00 -999.00 -999.00 -999.00 -999.00 -999.00 -999.00 143.00 780.00 154.00
2017 166 15 0 -999.00 -999.00 -999.00 -999.00 -999.00 2.50000 43.00 23.33 101.22 0.00 625.00 -999.00 -999.00 -999.00 -999.00 -999.00 -999.00 130.00 735.00 152.00
2017 166 16 0 -999.00 -999.00 -999.00 -999.00 -999.00 2.40000 46.00 22.22 101.19 0.00 452.00 -999.00 -999.00 -999.00 -999.00 -999.00 -999.00 111.00 662.00 148.00
2017 166 17 0 -999.00 -999.00 -999.00 -999.00 -999.00 2.40000 49.00 21.67 101.15 0.00 269.00 -999.00 -999.00 -999.00 -999.00 -999.00 -999.00 87.00 538.00 142.00
2017 166 18 0 -999.00 -999.00 -999.00 -999.00 -999.00 2.30000 57.00 20.56 101.15 0.00 101.00 -999.00 -999.00 -999.00 -999.00 -999.00 -999.00 51.00 314.00 135.00
2017 166 19 0 -999.00 -999.00 -999.00 -999.00 -999.00 2.30000 59.00 20.00 101.19 0.00 0.00 -999.00 -999.00 -999.00 -999.00 -999.00 -999.00 0.00 0.00 131.00
2017 166 20 0 -999.00 -999.00 -999.00 -999.00 -999.00 2.30000 63.00 19.44 101.19 0.00 0.00 -999.00 -999.00 -999.00 -999.00 -999.00 -999.00 0.00 0.00 131.00
2017 166 21 0 -999.00 -999.00 -999.00 -999.00 -999.00 2.20000 65.00 18.89 101.25 0.00 0.00 -999.00 -999.00 -999.00 -999.00 -999.00 -999.00 0.00 0.00 131.00
2017 166 22 0 -999.00 -999.00 -999.00 -999.00 -999.00 2.10000 70.00 18.33 101.25 0.00 0.00 -999.00 -999.00 -999.00 -999.00 -999.00 -999.00 0.00 0.00 128.00
2017 166 23 0 -999.00 -999.00 -999.00 -999.00 -999.00 2.10000 70.00 18.33 101.22 0.00 0.00 -999.00 -999.00 -999.00 -999.00 -999.00 -999.00 0.00 0.00 122.00
2017 167 0 0 -999.00 -999.00 -999.00 -999.00 -999.00 2.20000 73.00 18.33 101.25 0.00 0.00 -999.00 -999.00 -999.00 -999.00 -999.00 -999.00 0.00 0.00 119.00
2017 167 1 0 -999.00 -999.00 -999.00 -999.00 -999.00 2.40000 78.00 17.78 101.15 0.00 0.00 -999.00 -999.00 -999.00 -999.00 -999.00 -999.00 0.00 0.00 119.00
2017 167 2 0 -999.00 -999.00 -999.00 -999.00 -999.00 2.50000 78.00 17.78 101.15 0.00 0.00 -999.00 -999.00 -999.00 -999.00 -999.00 -999.00 0.00 0.00 120.00
2017 167 3 0 -999.00 -999.00 -999.00 -999.00 -999.00 2.60000 78.00 17.78 101.12 0.00 0.00 -999.00 -999.00 -999.00 -999.00 -999.00 -999.00 0.00 0.00 121.00
2017 167 4 0 -999.00 -999.00 -999.00 -999.00 -999.00 2.60000 81.00 17.78 101.08 0.00 0.00 -999.00 -999.00 -999.00 -999.00 -999.00 -999.00 0.00 0.00 121.00
2017 167 5 0 -999.00 -999.00 -999.00 -999.00 -999.00 2.80000 79.50 17.78 101.12 0.00 112.00 -999.00 -999.00 -999.00 -999.00 -999.00 -999.00 65.00 262.00 120.00
2017 167 6 0 -999.00 -999.00 -999.00 -999.00 -999.00 2.80000 78.00 18.89 101.08 0.00 131.00 -999.00 -999.00 -999.00 -999.00 -999.00 -999.00 130.00 4.00 120.00
2017 167 7 0 -999.00 -999.00 -999.00 -999.00 -999.00 2.70000 74.50 19.72 101.08 0.00 149.00 -999.00 -999.00 -999.00 -999.00 -999.00 -999.00 148.00 0.00 121.00
2017 167 8 0 -999.00 -999.00 -999.00 -999.00 -999.00 2.60000 79.00 19.44 101.08 0.00 136.00 -999.00 -999.00 -999.00 -999.00 -999.00 -999.00 136.00 0.00 124.00
2017 167 9 0 -999.00 -999.00 -999.00 -999.00 -999.00 2.50000 79.00 19.44 101.05 0.00 136.00 -999.00 -999.00 -999.00 -999.00 -999.00 -999.00 136.00 0.00 126.00
2017 167 10 0 -999.00 -999.00 -999.00 -999.00 -999.00 2.30000 78.00 20.00 101.05 0.00 256.00 -999.00 -999.00 -999.00 -999.00 -999.00 -999.00 253.00 4.00 129.00
2017 167 11 0 -999.00 -999.00 -999.00 -999.00 -999.00 2.10000 81.00 20.00 101.02 0.00 224.00 -999.00 -999.00 -999.00 -999.00 -999.00 -999.00 222.00 2.00 129.00
2017 167 12 0 -999.00 -999.00 -999.00 -999.00 -999.00 1.90000 82.50 19.72 101.02 0.00 255.00 -999.00 -999.00 -999.00 -999.00 -999.00 -999.00 253.00 3.00 129.00
2017 167 13 0 -999.00 -999.00 -999.00 -999.00 -999.00 1.70000 84.00 19.44 100.98 0.00 121.00 -999.00 -999.00 -999.00 -999.00 -999.00 -999.00 121.00 0.00 128.00
2017 167 14 0 -999.00 -999.00 -999.00 -999.00 -999.00 1.60000 84.00 20.00 100.91 0.00 286.00 -999.00 -999.00 -999.00 -999.00 -999.00 -999.00 276.00 12.00 126.00
2017 167 15 0 -999.00 -999.00 -999.00 -999.00 -999.00 1.40000 84.00 20.00 100.88 0.00 197.00 -999.00 -999.00 -999.00 -999.00 -999.00 -999.00 193.00 7.00 122.00
2017 167 16 0 -999.00 -999.00 -999.00 -999.00 -999.00 1.30000 84.00 19.44 100.88 0.00 164.00 -999.00 -999.00 -999.00 -999.00 -999.00 -999.00 159.00 10.00 115.00
2017 167 17 0 -999.00 -999.00 -999.00 -999.00 -999.00 1.20000 87.00 18.89 100.88 0.00 126.00 -999.00 -999.00 -999.00 -999.00 -999.00 -999.00 124.00 3.00 106.00
2017 167 18 0 -999.00 -999.00 -999.00 -999.00 -999.00 1.00000 90.00 18.89 100.88 0.00 17.00 -999.00 -999.00 -999.00 -999.00 -999.00 -999.00 17.00 0.00 96.00
2017 167 19 0 -999.00 -999.00 -999.00 -999.00 -999.00 1.00000 87.00 18.89 100.91 0.00 0.00 -999.00 -999.00 -999.00 -999.00 -999.00 -999.00 0.00 0.00 91.00
2017 167 20 0 -999.00 -999.00 -999.00 -999.00 -999.00 1.00000 90.00 18.89 100.88 0.00 0.00 -999.00 -999.00 -999.00 -999.00 -999.00 -999.00 0.00 0.00 91.00
2017 167 21 0 -999.00 -999.00 -999.00 -999.00 -999.00 1.10000 90.00 18.89 100.88 0.00 0.00 -999.00 -999.00 -999.00 -999.00 -999.00 -999.00 0.00 0.00 94.00
2017 167 22 0 -999.00 -999.00 -999.00 -999.00 -999.00 1.10000 90.00 18.89 100.90 0.00 0.00 -999.00 -999.00 -999.00 -999.00 -999.00 -999.00 0.00 0.00 98.00
2017 167 23 0 -999.00 -999.00 -999.00 -999.00 -999.00 1.00000 90.00 18.89 100.91 0.00 0.00 -999.00 -999.00 -999.00 -999.00 -999.00 -999.00 0.00 0.00 103.00
2017 168 0 0 -999.00 -999.00 -999.00 -999.00 -999.00 0.80000 90.00 18.89 100.88 0.00 0.00 -999.00 -999.00 -999.00 -999.00 -999.00 -999.00 0.00 0.00 104.00
2017 168 1 0 -999.00 -999.00 -999.00 -999.00 -999.00 0.60000 91.50 18.89 100.88 0.00 0.00 -999.00 -999.00 -999.00 -999.00 -999.00 -999.00 0.00 0.00 101.00
2017 168 2 0 -999.00 -999.00 -999.00 -999.00 -999.00 0.50000 90.00 18.89 100.85 0.00 0.00 -999.00 -999.00 -999.00 -999.00 -999.00 -999.00 0.00 0.00 95.00
2017 168 3 0 -999.00 -999.00 -999.00 -999.00 -999.00 0.40000 93.00 18.89 100.85 0.00 0.00 -999.00 -999.00 -999.00 -999.00 -999.00 -999.00 0.00 0.00 88.00
2017 168 4 0 -999.00 -999.00 -999.00 -999.00 -999.00 0.50000 90.00 18.89 100.85 0.00 0.00 -999.00 -999.00 -999.00 -999.00 -999.00 -999.00 0.00 0.00 87.00
2017 168 5 0 -999.00 -999.00 -999.00 -999.00 -999.00 0.50000 91.00 19.44 100.85 0.00 30.00 -999.00 -999.00 -999.00 -999.00 -999.00 -999.00 30.00 0.00 90.00
2017 168 6 0 -999.00 -999.00 -999.00 -999.00 -999.00 0.50000 91.00 19.44 100.85 0.00 77.00 -999.00 -999.00 -999.00 -999.00 -999.00 -999.00 77.00 0.00 95.00
2017 168 7 0 -999.00 -999.00 -999.00 -999.00 -999.00 0.40000 87.00 20.00 100.88 0.00 160.00 -999.00 -999.00 -999.00 -999.00 -999.00 -999.00 160.00 1.00 118.00
2017 168 8 0 -999.00 -999.00 -999.00 -999.00 -999.00 0.60000 87.00 20.56 100.95 0.00 352.00 -999.00 -999.00 -999.00 -999.00 -999.00 -999.00 294.00 84.00 158.00
2017 168 9 0 -999.00 -999.00 -999.00 -999.00 -999.00 0.70000 80.00 21.94 100.93 0.00 409.00 -999.00 -999.00 -999.00 -999.00 -999.00 -999.00 370.00 48.00 179.00
2017 168 10 0 -999.00 -999.00 -999.00 -999.00 -999.00 0.90000 79.00 22.78 100.91 0.00 481.00 -999.00 -999.00 -999.00 -999.00 -999.00 -999.00 400.00 89.00 171.00
2017 168 11 0 -999.00 -999.00 -999.00 -999.00 -999.00 1.20000 85.00 21.85 100.95 0.25 69.00 -999.00 -999.00 -999.00 -999.00 -999.00 -999.00 69.00 0.00 163.00
2017 168 12 0 -999.00 -999.00 -999.00 -999.00 -999.00 1.40000 93.33 21.11 100.95 4.66 81.00 -999.00 -999.00 -999.00 -999.00 -999.00 -999.00 81.00 0.00 164.00
2017 168 13 0 -999.00 -999.00 -999.00 -999.00 -999.00 1.60000 95.50 20.69 100.91 13.08 29.00 -999.00 -999.00 -999.00 -999.00 -999.00 -999.00 29.00 0.00 165.00
2017 168 14 0 -999.00 -999.00 -999.00 -999.00 -999.00 1.70000 96.50 20.83 100.91 10.92 579.00 -999.00 -999.00 -999.00 -999.00 -999.00 -999.00 335.00 303.00 165.00
2017 168 15 0 -999.00 -999.00 -999.00 -999.00 -999.00 1.90000 94.00 21.67 100.88 0.00 480.00 -999.00 -999.00 -999.00 -999.00 -999.00 -999.00 278.00 299.00 165.00
2017 168 16 0 -999.00 -999.00 -999.00 -999.00 -999.00 1.90000 92.50 22.22 100.85 0.00 274.00 -999.00 -999.00 -999.00 -999.00 -999.00 -999.00 252.00 43.00 164.00
2017 168 17 0 -999.00 -999.00 -999.00 -999.00 -999.00 1.90000 91.00 22.22 100.81 0.00 241.00 -999.00 -999.00 -999.00 -999.00 -999.00 -999.00 152.00 261.00 162.00
2017 168 18 0 -999.00 -999.00 -999.00 -999.00 -999.00 1.70000 87.00 22.22 100.81 0.00 6.00 -999.00 -999.00 -999.00 -999.00 -999.00 -999.00 6.00 0.00 159.00
2017 168 19 0 -999.00 -999.00 -999.00 -999.00 -999.00 1.70000 90.00 21.67 100.85 0.00 0.00 -999.00 -999.00 -999.00 -999.00 -999.00 -999.00 0.00 0.00 159.00
2017 168 20 0 -999.00 -999.00 -999.00 -999.00 -999.00 1.80000 94.50 20.83 100.85 0.00 0.00 -999.00 -999.00 -999.00 -999.00 -999.00 -999.00 0.00 0.00 162.00
2017 168 21 0 -999.00 -999.00 -999.00 -999.00 -999.00 1.80000 95.00 20.74 100.85 0.00 0.00 -999.00 -999.00 -999.00 -999.00 -999.00 -999.00 0.00 0.00 165.00
2017 168 22 0 -999.00 -999.00 -999.00 -999.00 -999.00 1.90000 95.00 20.83 100.85 0.00 0.00 -999.00 -999.00 -999.00 -999.00 -999.00 -999.00 0.00 0.00 169.00
2017 168 23 0 -999.00 -999.00 -999.00 -999.00 -999.00 1.90000 94.00 21.11 100.84 0.00 0.00 -999.00 -999.00 -999.00 -999.00 -999.00 -999.00 0.00 0.00 173.00
2017 169 0 0 -999.00 -999.00 -999.00 -999.00 -999.00 1.80000 97.00 21.11 100.81 0.00 0.00 -999.00 -999.00 -999.00 -999.00 -999.00 -999.00 0.00 0.00 176.00
2017 169 1 0 -999.00 -999.00 -999.00 -999.00 -999.00 1.90000 97.00 21.11 100.71 0.00 0.00 -999.00 -999.00 -999.00 -999.00 -999.00 -999.00 0.00 0.00 177.00
2017 169 2 0 -999.00 -999.00 -999.00 -999.00 -999.00 1.90000 95.50 21.53 100.71 0.00 0.00 -999.00 -999.00 -999.00 -999.00 -999.00 -999.00 0.00 0.00 179.00
2017 169 3 0 -999.00 -999.00 -999.00 -999.00 -999.00 1.90000 94.00 21.67 100.71 0.00 0.00 -999.00 -999.00 -999.00 -999.00 -999.00 -999.00 0.00 0.00 182.00
2017 169 4 0 -999.00 -999.00 -999.00 -999.00 -999.00 1.90000 94.80 21.78 100.70 0.00 0.00 -999.00 -999.00 -999.00 -999.00 -999.00 -999.00 0.00 0.00 185.00
2017 169 5 0 -999.00 -999.00 -999.00 -999.00 -999.00 1.80000 94.00 22.22 100.71 0.00 68.00 -999.00 -999.00 -999.00 -999.00 -999.00 -999.00 68.00 1.00 184.00
2017 169 6 0 -999.00 -999.00 -999.00 -999.00 -999.00 1.80000 94.00 22.50 100.75 0.00 92.00 -999.00 -999.00 -999.00 -999.00 -999.00 -999.00 91.00 0.00 179.00
2017 169 7 0 -999.00 -999.00 -999.00 -999.00 -999.00 2.00000 93.00 22.96 100.75 0.00 253.00 -999.00 -999.00 -999.00 -999.00 -999.00 -999.00 238.00 28.00 179.00
2017 169 8 0 -999.00 -999.00 -999.00 -999.00 -999.00 2.30000 85.00 25.00 100.78 0.00 151.00 -999.00 -999.00 -999.00 -999.00 -999.00 -999.00 151.00 0.00 182.00
2017 169 9 0 -999.00 -999.00 -999.00 -999.00 -999.00 2.70000 86.50 25.00 100.78 0.00 63.00 -999.00 -999.00 -999.00 -999.00 -999.00 -999.00 63.00 0.00 181.00
2017 169 10 0 -999.00 -999.00 -999.00 -999.00 -999.00 3.10000 79.00 26.67 100.75 0.00 568.00 -999.00 -999.00 -999.00 -999.00 -999.00 -999.00 448.00 133.00 180.00
2017 169 11 0 -999.00 -999.00 -999.00 -999.00 -999.00 3.40000 74.00 27.78 100.66 0.00 924.00 -999.00 -999.00 -999.00 -999.00 -999.00 -999.00 153.00 812.00 183.00
2017 169 12 0 -999.00 -999.00 -999.00 -999.00 -999.00 3.50000 72.00 28.89 100.61 0.00 924.00 -999.00 -999.00 -999.00 -999.00 -999.00 -999.00 146.00 822.00 186.00
2017 169 13 0 -999.00 -999.00 -999.00 -999.00 -999.00 3.50000 70.00 28.89 100.58 0.00 867.00 -999.00 -999.00 -999.00 -999.00 -999.00 -999.00 143.00 806.00 188.00
2017 169 14 0 -999.00 -999.00 -999.00 -999.00 -999.00 3.50000 72.00 28.33 100.51 0.00 760.00 -999.00 -999.00 -999.00 -999.00 -999.00 -999.00 141.00 768.00 188.00
2017 169 15 0 -999.00 -999.00 -999.00 -999.00 -999.00 3.50000 74.00 27.22 100.47 0.00 613.00 -999.00 -999.00 -999.00 -999.00 -999.00 -999.00 135.00 708.00 188.00
2017 169 16 0 -999.00 -999.00 -999.00 -999.00 -999.00 3.40000 72.00 27.78 100.37 0.00 438.00 -999.00 -999.00 -999.00 -999.00 -999.00 -999.00 127.00 602.00 187.00
2017 169 17 0 -999.00 -999.00 -999.00 -999.00 -999.00 3.20000 74.00 27.22 100.34 0.00 256.00 -999.00 -999.00 -999.00 -999.00 -999.00 -999.00 106.00 437.00 185.00
2017 169 18 0 -999.00 -999.00 -999.00 -999.00 -999.00 2.90000 69.00 27.78 100.37 0.00 69.00 -999.00 -999.00 -999.00 -999.00 -999.00 -999.00 69.00 2.00 183.00
2017 169 19 0 -999.00 -999.00 -999.00 -999.00 -999.00 2.80000 74.00 26.67 100.37 0.00 0.00 -999.00 -999.00 -999.00 -999.00 -999.00 -999.00 0.00 0.00 184.00
2017 169 20 0 -999.00 -999.00 -999.00 -999.00 -999.00 2.80000 77.00 26.11 100.37 0.00 0.00 -999.00 -999.00 -999.00 -999.00 -999.00 -999.00 0.00 0.00 186.00
2017 169 21 0 -999.00 -999.00 -999.00 -999.00 -999.00 2.70000 79.00 25.56 100.44 0.00 0.00 -999.00 -999.00 -999.00 -999.00 -999.00 -999.00 0.00 0.00 189.00
2017 169 22 0 -999.00 -999.00 -999.00 -999.00 -999.00 2.70000 85.00 25.00 100.51 0.00 0.00 -999.00 -999.00 -999.00 -999.00 -999.00 -999.00 0.00 0.00 192.00
2017 169 23 0 -999.00 -999.00 -999.00 -999.00 -999.00 2.70000 82.00 25.56 100.51 0.00 0.00 -999.00 -999.00 -999.00 -999.00 -999.00 -999.00 0.00 0.00 193.00
2017 170 0 0 -999.00 -999.00 -999.00 -999.00 -999.00 2.70000 85.00 25.00 100.51 0.00 0.00 -999.00 -999.00 -999.00 -999.00 -999.00 -999.00 0.00 0.00 195.00
2017 170 1 0 -999.00 -999.00 -999.00 -999.00 -999.00 2.70000 85.00 25.00 100.47 0.00 0.00 -999.00 -999.00 -999.00 -999.00 -999.00 -999.00 0.00 0.00 196.00
2017 170 2 0 -999.00 -999.00 -999.00 -999.00 -999.00 2.70000 85.00 25.00 100.47 0.00 0.00 -999.00 -999.00 -999.00 -999.00 -999.00 -999.00 0.00 0.00 197.00
2017 170 3 0 -999.00 -999.00 -999.00 -999.00 -999.00 2.60000 82.00 25.56 100.47 0.00 0.00 -999.00 -999.00 -999.00 -999.00 -999.00 -999.00 0.00 0.00 195.00
2017 170 4 0 -999.00 -999.00 -999.00 -999.00 -999.00 2.70000 82.00 25.56 100.51 0.00 0.00 -999.00 -999.00 -999.00 -999.00 -999.00 -999.00 0.00 0.00 193.00
2017 170 5 0 -999.00 -999.00 -999.00 -999.00 -999.00 2.80000 82.00 25.56 100.54 0.00 116.00 -999.00 -999.00 -999.00 -999.00 -999.00 -999.00 54.00 346.00 191.00
2017 170 6 0 -999.00 -999.00 -999.00 -999.00 -999.00 3.00000 85.00 25.56 100.56 0.00 289.00 -999.00 -999.00 -999.00 -999.00 -999.00 -999.00 83.00 574.00 193.00
2017 170 7 0 -999.00 -999.00 -999.00 -999.00 -999.00 3.10000 83.50 25.83 100.58 0.00 355.00 -999.00 -999.00 -999.00 -999.00 -999.00 -999.00 275.00 151.00 198.00
2017 170 8 0 -999.00 -999.00 -999.00 -999.00 -999.00 3.20000 79.00 26.67 100.58 0.00 484.00 -999.00 -999.00 -999.00 -999.00 -999.00 -999.00 353.00 190.00 202.00
2017 170 9 0 -999.00 -999.00 -999.00 -999.00 -999.00 3.30000 80.50 27.22 100.58 0.00 574.00 -999.00 -999.00 -999.00 -999.00 -999.00 -999.00 419.00 189.00 201.00
2017 170 10 0 -999.00 -999.00 -999.00 -999.00 -999.00 3.50000 77.00 27.78 100.51 0.00 406.00 -999.00 -999.00 -999.00 -999.00 -999.00 -999.00 391.00 17.00 197.00
2017 170 11 0 -999.00 -999.00 -999.00 -999.00 -999.00 3.70000 65.00 29.44 100.47 0.00 744.00 -999.00 -999.00 -999.00 -999.00 -999.00 -999.00 323.00 443.00 194.00
2017 170 12 0 -999.00 -999.00 -999.00 -999.00 -999.00 3.90000 63.00 30.56 100.44 0.00 753.00 -999.00 -999.00 -999.00 -999.00 -999.00 -999.00 308.00 470.00 190.00
2017 170 13 0 -999.00 -999.00 -999.00 -999.00 -999.00 4.10000 61.00 30.56 100.37 0.00 862.00 -999.00 -999.00 -999.00 -999.00 -999.00 -999.00 156.00 786.00 187.00
2017 170 14 0 -999.00 -999.00 -999.00 -999.00 -999.00 4.20000 65.00 30.00 100.27 0.00 752.00 -999.00 -999.00 -999.00 -999.00 -999.00 -999.00 163.00 731.00 185.00
2017 170 15 0 -999.00 -999.00 -999.00 -999.00 -999.00 4.20000 65.00 28.89 100.27 0.00 604.00 -999.00 -999.00 -999.00 -999.00 -999.00 -999.00 160.00 657.00 184.00
2017 170 16 0 -999.00 -999.00 -999.00 -999.00 -999.00 4.00000 87.25 24.58 100.36 2.60 172.00 -999.00 -999.00 -999.00 -999.00 -999.00 -999.00 167.00 10.00 186.00
2017 170 17 0 -999.00 -999.00 -999.00 -999.00 -999.00 3.80000 95.29 22.14 100.44 6.06 55.00 -999.00 -999.00 -999.00 -999.00 -999.00 -999.00 54.00 0.00 189.00
2017 170 18 0 -999.00 -999.00 -999.00 -999.00 -999.00 3.50000 96.40 21.22 100.54 2.44 17.00 -999.00 -999.00 -999.00 -999.00 -999.00 -999.00 17.00 0.00 190.00
2017 170 19 0 -999.00 -999.00 -999.00 -999.00 -999.00 3.30000 98.50 21.11 100.61 1.78 0.00 -999.00 -999.00 -999.00 -999.00 -999.00 -999.00 0.00 0.00 189.00
2017 170 20 0 -999.00 -999.00 -999.00 -999.00 -999.00 3.20000 97.00 21.11 100.58 1.27 0.00 -999.00 -999.00 -999.00 -999.00 -999.00 -999.00 0.00 0.00 191.00
2017 170 21 0 -999.00 -999.00 -999.00 -999.00 -999.00 3.20000 97.00 21.11 100.69 0.25 0.00 -999.00 -999.00 -999.00 -999.00 -999.00 -999.00 0.00 0.00 199.00
2017 170 22 0 -999.00 -999.00 -999.00 -999.00 -999.00 3.00000 97.00 21.11 100.71 0.00 0.00 -999.00 -999.00 -999.00 -999.00 -999.00 -999.00 0.00 0.00 211.00
2017 170 23 0 -999.00 -999.00 -999.00 -999.00 -999.00 2.50000 94.00 21.67 100.69 0.44 0.00 -999.00 -999.00 -999.00 -999.00 -999.00 -999.00 0.00 0.00 224.00
2017 171 0 0 -999.00 -999.00 -999.00 -999.00 -999.00 1.90000 94.00 21.67 100.63 1.19 0.00 -999.00 -999.00 -999.00 -999.00 -999.00 -999.00 0.00 0.00 230.00
2017 171 1 0 -999.00 -999.00 -999.00 -999.00 -999.00 1.50000 96.00 21.67 100.58 0.51 0.00 -999.00 -999.00 -999.00 -999.00 -999.00 -999.00 0.00 0.00 222.00
2017 171 2 0 -999.00 -999.00 -999.00 -999.00 -999.00 1.50000 96.00 21.67 100.61 0.25 0.00 -999.00 -999.00 -999.00 -999.00 -999.00 -999.00 0.00 0.00 215.00
2017 171 3 0 -999.00 -999.00 -999.00 -999.00 -999.00 1.60000 96.00 21.67 100.56 0.00 0.00 -999.00 -999.00 -999.00 -999.00 -999.00 -999.00 0.00 0.00 225.00
2017 171 4 0 -999.00 -999.00 -999.00 -999.00 -999.00 1.50000 96.00 21.67 100.58 0.00 0.00 -999.00 -999.00 -999.00 -999.00 -999.00 -999.00 0.00 0.00 237.00
2017 171 5 0 -999.00 -999.00 -999.00 -999.00 -999.00 1.60000 95.33 21.85 100.60 0.00 80.00 -999.00 -999.00 -999.00 -999.00 -999.00 -999.00 79.00 6.00 241.00
2017 171 6 0 -999.00 -999.00 -999.00 -999.00 -999.00 2.00000 94.00 22.22 100.65 0.00 300.00 -999.00 -999.00 -999.00 -999.00 -999.00 -999.00 76.00 624.00 244.00
2017 171 7 0 -999.00 -999.00 -999.00 -999.00 -999.00 2.20000 91.00 22.22 100.71 0.00 489.00 -999.00 -999.00 -999.00 -999.00 -999.00 -999.00 94.00 742.00 249.00
2017 171 8 0 -999.00 -999.00 -999.00 -999.00 -999.00 2.30000 76.00 22.78 100.71 0.00 668.00 -999.00 -999.00 -999.00 -999.00 -999.00 -999.00 104.00 817.00 251.00
2017 171 9 0 -999.00 -999.00 -999.00 -999.00 -999.00 2.40000 71.00 23.33 100.75 0.00 817.00 -999.00 -999.00 -999.00 -999.00 -999.00 -999.00 109.00 867.00 247.00
2017 171 10 0 -999.00 -999.00 -999.00 -999.00 -999.00 2.50000 56.00 25.00 100.81 0.00 920.00 -999.00 -999.00 -999.00 -999.00 -999.00 -999.00 112.00 893.00 243.00
2017 171 11 0 -999.00 -999.00 -999.00 -999.00 -999.00 2.60000 49.00 26.67 100.81 0.00 970.00 -999.00 -999.00 -999.00 -999.00 -999.00 -999.00 121.00 895.00 240.00
2017 171 12 0 -999.00 -999.00 -999.00 -999.00 -999.00 2.60000 45.00 27.22 100.81 0.00 967.00 -999.00 -999.00 -999.00 -999.00 -999.00 -999.00 123.00 890.00 238.00
2017 171 13 0 -999.00 -999.00 -999.00 -999.00 -999.00 2.50000 42.00 27.78 100.78 0.00 912.00 -999.00 -999.00 -999.00 -999.00 -999.00 -999.00 113.00 889.00 237.00
2017 171 14 0 -999.00 -999.00 -999.00 -999.00 -999.00 2.50000 37.00 27.78 100.78 0.00 801.00 -999.00 -999.00 -999.00 -999.00 -999.00 -999.00 111.00 856.00 238.00
2017 171 15 0 -999.00 -999.00 -999.00 -999.00 -999.00 2.30000 37.00 27.78 100.81 0.00 652.00 -999.00 -999.00 -999.00 -999.00 -999.00 -999.00 105.00 808.00 241.00
2017 171 16 0 -999.00 -999.00 -999.00 -999.00 -999.00 2.10000 39.00 26.67 100.81 0.00 474.00 -999.00 -999.00 -999.00 -999.00 -999.00 -999.00 95.00 730.00 245.00
2017 171 17 0 -999.00 -999.00 -999.00 -999.00 -999.00 1.80000 34.00 27.78 100.81 0.00 286.00 -999.00 -999.00 -999.00 -999.00 -999.00 -999.00 72.00 623.00 248.00
2017 171 18 0 -999.00 -999.00 -999.00 -999.00 -999.00 1.60000 37.00 27.22 100.85 0.00 111.00 -999.00 -999.00 -999.00 -999.00 -999.00 -999.00 45.00 402.00 247.00
2017 171 19 0 -999.00 -999.00 -999.00 -999.00 -999.00 1.70000 39.00 26.67 100.88 0.00 0.00 -999.00 -999.00 -999.00 -999.00 -999.00 -999.00 0.00 0.00 247.00
2017 171 20 0 -999.00 -999.00 -999.00 -999.00 -999.00 1.80000 39.00 26.11 100.91 0.00 0.00 -999.00 -999.00 -999.00 -999.00 -999.00 -999.00 0.00 0.00 244.00
2017 171 21 0 -999.00 -999.00 -999.00 -999.00 -999.00 2.00000 39.00 26.11 100.91 0.00 0.00 -999.00 -999.00 -999.00 -999.00 -999.00 -999.00 0.00 0.00 239.00
2017 171 22 0 -999.00 -999.00 -999.00 -999.00 -999.00 2.20000 42.00 25.56 100.95 0.00 0.00 -999.00 -999.00 -999.00 -999.00 -999.00 -999.00 0.00 0.00 237.00
2017 171 23 0 -999.00 -999.00 -999.00 -999.00 -999.00 2.20000 48.00 24.44 100.91 0.00 0.00 -999.00 -999.00 -999.00 -999.00 -999.00 -999.00 0.00 0.00 239.00
2017 172 0 0 -999.00 -999.00 -999.00 -999.00 -999.00 2.00000 58.00 24.44 100.88 0.00 0.00 -999.00 -999.00 -999.00 -999.00 -999.00 -999.00 0.00 0.00 246.00
2017 172 1 0 -999.00 -999.00 -999.00 -999.00 -999.00 1.60000 69.00 23.33 100.88 0.00 0.00 -999.00 -999.00 -999.00 -999.00 -999.00 -999.00 0.00 0.00 251.00
2017 172 2 0 -999.00 -999.00 -999.00 -999.00 -999.00 1.40000 71.00 23.33 100.85 0.00 0.00 -999.00 -999.00 -999.00 -999.00 -999.00 -999.00 0.00 0.00 254.00
2017 172 3 0 -999.00 -999.00 -999.00 -999.00 -999.00 1.30000 74.00 22.78 100.85 0.00 0.00 -999.00 -999.00 -999.00 -999.00 -999.00 -999.00 0.00 0.00 256.00
2017 172 4 0 -999.00 -999.00 -999.00 -999.00 -999.00 1.10000 73.00 22.22 100.85 0.00 0.00 -999.00 -999.00 -999.00 -999.00 -999.00 -999.00 0.00 0.00 257.00
2017 172 5 0 -999.00 -999.00 -999.00 -999.00 -999.00 1.10000 71.00 21.67 100.85 0.00 84.00 -999.00 -999.00 -999.00 -999.00 -999.00 -999.00 79.00 30.00 253.00
2017 172 6 0 -999.00 -999.00 -999.00 -999.00 -999.00 1.10000 68.00 22.22 100.88 0.00 300.00 -999.00 -999.00 -999.00 -999.00 -999.00 -999.00 73.00 633.00 240.00
2017 172 7 0 -999.00 -999.00 -999.00 -999.00 -999.00 1.40000 60.00 23.33 100.91 0.00 487.00 -999.00 -999.00 -999.00 -999.00 -999.00 -999.00 88.00 748.00 236.00
2017 172 8 0 -999.00 -999.00 -999.00 -999.00 -999.00 1.70000 56.00 24.44 100.91 0.00 660.00 -999.00 -999.00 -999.00 -999.00 -999.00 -999.00 101.00 812.00 242.00
2017 172 9 0 -999.00 -999.00 -999.00 -999.00 -999.00 1.90000 58.00 24.44 100.88 0.00 597.00 -999.00 -999.00 -999.00 -999.00 -999.00 -999.00 421.00 216.00 242.00
2017 172 10 0 -999.00 -999.00 -999.00 -999.00 -999.00 2.10000 50.00 26.11 100.85 0.00 435.00 -999.00 -999.00 -999.00 -999.00 -999.00 -999.00 408.00 29.00 241.00
2017 172 11 0 -999.00 -999.00 -999.00 -999.00 -999.00 2.20000 41.00 27.78 100.88 0.00 752.00 -999.00 -999.00 -999.00 -999.00 -999.00 -999.00 471.00 296.00 242.00
2017 172 12 0 -999.00 -999.00 -999.00 -999.00 -999.00 2.30000 44.00 26.11 100.81 0.00 104.00 -999.00 -999.00 -999.00 -999.00 -999.00 -999.00 104.00 0.00 244.00
2017 172 13 0 -999.00 -999.00 -999.00 -999.00 -999.00 2.30000 45.00 27.22 100.75 0.00 889.00 -999.00 -999.00 -999.00 -999.00 -999.00 -999.00 138.00 836.00 244.00
2017 172 14 0 -999.00 -999.00 -999.00 -999.00 -999.00 2.20000 44.00 27.78 100.71 0.00 729.00 -999.00 -999.00 -999.00 -999.00 -999.00 -999.00 336.00 487.00 245.00
2017 172 15 0 -999.00 -999.00 -999.00 -999.00 -999.00 2.10000 42.00 27.78 100.68 0.00 632.00 -999.00 -999.00 -999.00 -999.00 -999.00 -999.00 134.00 735.00 250.00
2017 172 16 0 -999.00 -999.00 -999.00 -999.00 -999.00 1.80000 42.00 27.78 100.64 0.00 356.00 -999.00 -999.00 -999.00 -999.00 -999.00 -999.00 228.00 246.00 259.00
2017 172 17 0 -999.00 -999.00 -999.00 -999.00 -999.00 1.60000 42.00 27.78 100.64 0.00 281.00 -999.00 -999.00 -999.00 -999.00 -999.00 -999.00 81.00 583.00 270.00
2017 172 18 0 -999.00 -999.00 -999.00 -999.00 -999.00 1.40000 44.00 27.22 100.68 0.00 109.00 -999.00 -999.00 -999.00 -999.00 -999.00 -999.00 47.00 382.00 278.00
2017 172 19 0 -999.00 -999.00 -999.00 -999.00 -999.00 1.30000 47.00 26.67 100.68 0.00 0.00 -999.00 -999.00 -999.00 -999.00 -999.00 -999.00 0.00 0.00 282.00
2017 172 20 0 -999.00 -999.00 -999.00 -999.00 -999.00 1.30000 52.00 25.00 100.78 0.00 0.00 -999.00 -999.00 -999.00 -999.00 -999.00 -999.00 0.00 0.00 286.00
2017 172 21 0 -999.00 -999.00 -999.00 -999.00 -999.00 1.30000 54.00 24.44 100.85 0.00 0.00 -999.00 -999.00 -999.00 -999.00 -999.00 -999.00 0.00 0.00 290.00
2017 172 22 0 -999.00 -999.00 -999.00 -999.00 -999.00 1.30000 58.00 23.89 100.88 0.00 0.00 -999.00 -999.00 -999.00 -999.00 -999.00 -999.00 0.00 0.00 295.00
2017 172 23 0 -999.00 -999.00 -999.00 -999.00 -999.00 1.30000 62.00 23.33 100.91 0.00 0.00 -999.00 -999.00 -999.00 -999.00 -999.00 -999.00 0.00 0.00 303.00
2017 173 0 0 -999.00 -999.00 -999.00 -999.00 -999.00 1.30000 66.00 22.78 100.98 0.00 0.00 -999.00 -999.00 -999.00 -999.00 -999.00 -999.00 0.00 0.00 317.00
2017 173 1 0 -999.00 -999.00 -999.00 -999.00 -999.00 1.20000 71.00 21.67 100.98 0.00 0.00 -999.00 -999.00 -999.00 -999.00 -999.00 -999.00 0.00 0.00 334.00
2017 173 2 0 -999.00 -999.00 -999.00 -999.00 -999.00 1.20000 78.00 20.56 100.98 0.00 0.00 -999.00 -999.00 -999.00 -999.00 -999.00 -999.00 0.00 0.00 171.00
2017 173 3 0 -999.00 -999.00 -999.00 -999.00 -999.00 1.30000 78.00 20.56 101.02 0.00 0.00 -999.00 -999.00 -999.00 -999.00 -999.00 -999.00 0.00 0.00 6.00
2017 173 4 0 -999.00 -999.00 -999.00 -999.00 -999.00 1.40000 68.00 20.00 101.05 0.00 0.00 -999.00 -999.00 -999.00 -999.00 -999.00 -999.00 0.00 0.00 17.00
2017 173 5 0 -999.00 -999.00 -999.00 -999.00 -999.00 1.40000 68.00 20.00 101.08 0.00 93.00 -999.00 -999.00 -999.00 -999.00 -999.00 -999.00 83.00 53.00 25.00
2017 173 6 0 -999.00 -999.00 -999.00 -999.00 -999.00 1.20000 66.00 21.11 101.15 0.00 250.00 -999.00 -999.00 -999.00 -999.00 -999.00 -999.00 149.00 284.00 33.00
2017 173 7 0 -999.00 -999.00 -999.00 -999.00 -999.00 0.80000 59.00 22.22 101.22 0.00 490.00 -999.00 -999.00 -999.00 -999.00 -999.00 -999.00 98.00 735.00 40.00
2017 173 8 0 -999.00 -999.00 -999.00 -999.00 -999.00 0.40000 52.00 23.89 101.22 0.00 664.00 -999.00 -999.00 -999.00 -999.00 -999.00 -999.00 112.00 802.00 142.00
2017 173 9 0 -999.00 -999.00 -999.00 -999.00 -999.00 0.60000 47.00 25.00 101.15 0.00 808.00 -999.00 -999.00 -999.00 -999.00 -999.00 -999.00 124.00 839.00 235.00
2017 173 10 0 -999.00 -999.00 -999.00 -999.00 -999.00 1.00000 47.00 25.56 101.08 0.00 908.00 -999.00 -999.00 -999.00 -999.00 -999.00 -999.00 134.00 856.00 224.00
2017 173 11 0 -999.00 -999.00 -999.00 -999.00 -999.00 1.30000 45.00 27.22 101.08 0.00 956.00 -999.00 -999.00 -999.00 -999.00 -999.00 -999.00 141.00 858.00 219.00
2017 173 12 0 -999.00 -999.00 -999.00 -999.00 -999.00 1.60000 46.00 27.78 101.05 0.00 949.00 -999.00 -999.00 -999.00 -999.00 -999.00 -999.00 141.00 852.00 212.00
2017 173 13 0 -999.00 -999.00 -999.00 -999.00 -999.00 2.00000 45.00 27.22 100.98 0.00 895.00 -999.00 -999.00 -999.00 -999.00 -999.00 -999.00 121.00 860.00 203.00
2017 173 14 0 -999.00 -999.00 -999.00 -999.00 -999.00 2.20000 47.00 27.22 100.95 0.00 783.00 -999.00 -999.00 -999.00 -999.00 -999.00 -999.00 119.00 822.00 198.00
2017 173 15 0 -999.00 -999.00 -999.00 -999.00 -999.00 2.30000 49.00 27.78 100.88 0.00 575.00 -999.00 -999.00 -999.00 -999.00 -999.00 -999.00 179.00 585.00 196.00
2017 173 16 0 -999.00 -999.00 -999.00 -999.00 -999.00 2.20000 54.00 27.22 100.88 0.00 451.00 -999.00 -999.00 -999.00 -999.00 -999.00 -999.00 115.00 646.00 193.00
2017 173 17 0 -999.00 -999.00 -999.00 -999.00 -999.00 2.10000 52.00 26.67 100.75 0.00 266.00 -999.00 -999.00 -999.00 -999.00 -999.00 -999.00 97.00 491.00 189.00
2017 173 18 0 -999.00 -999.00 -999.00 -999.00 -999.00 2.10000 52.00 26.67 100.75 0.00 77.00 -999.00 -999.00 -999.00 -999.00 -999.00 -999.00 73.00 19.00 187.00
2017 173 19 0 -999.00 -999.00 -999.00 -999.00 -999.00 2.30000 60.00 26.11 100.78 0.00 0.00 -999.00 -999.00 -999.00 -999.00 -999.00 -999.00 0.00 0.00 187.00
2017 173 20 0 -999.00 -999.00 -999.00 -999.00 -999.00 2.40000 64.00 25.56 100.78 0.00 0.00 -999.00 -999.00 -999.00 -999.00 -999.00 -999.00 0.00 0.00 191.00
2017 173 21 0 -999.00 -999.00 -999.00 -999.00 -999.00 2.30000 67.00 25.56 100.81 0.00 0.00 -999.00 -999.00 -999.00 -999.00 -999.00 -999.00 0.00 0.00 202.00
2017 173 22 0 -999.00 -999.00 -999.00 -999.00 -999.00 2.10000 67.00 26.11 100.78 0.00 0.00 -999.00 -999.00 -999.00 -999.00 -999.00 -999.00 0.00 0.00 213.00
2017 173 23 0 -999.00 -999.00 -999.00 -999.00 -999.00 1.80000 69.00 26.67 100.78 0.00 0.00 -999.00 -999.00 -999.00 -999.00 -999.00 -999.00 0.00 0.00 224.00
2017 174 0 0 -999.00 -999.00 -999.00 -999.00 -999.00 1.50000 69.00 26.67 100.71 0.00 0.00 -999.00 -999.00 -999.00 -999.00 -999.00 -999.00 0.00 0.00 232.00
2017 174 1 0 -999.00 -999.00 -999.00 -999.00 -999.00 1.30000 69.00 26.67 100.64 0.00 0.00 -999.00 -999.00 -999.00 -999.00 -999.00 -999.00 0.00 0.00 237.00
2017 174 2 0 -999.00 -999.00 -999.00 -999.00 -999.00 1.20000 72.00 26.11 100.58 0.00 0.00 -999.00 -999.00 -999.00 -999.00 -999.00 -999.00 0.00 0.00 237.00
2017 174 3 0 -999.00 -999.00 -999.00 -999.00 -999.00 1.10000 74.00 26.11 100.54 0.00 0.00 -999.00 -999.00 -999.00 -999.00 -999.00 -999.00 0.00 0.00 231.00
2017 174 4 0 -999.00 -999.00 -999.00 -999.00 -999.00 1.30000 76.00 25.56 100.51 0.00 0.00 -999.00 -999.00 -999.00 -999.00 -999.00 -999.00 0.00 0.00 218.00
2017 174 5 0 -999.00 -999.00 -999.00 -999.00 -999.00 1.50000 76.00 25.56 100.54 0.00 70.00 -999.00 -999.00 -999.00 -999.00 -999.00 -999.00 69.00 2.00 206.00
2017 174 6 0 -999.00 -999.00 -999.00 -999.00 -999.00 1.80000 79.00 25.56 100.51 0.00 170.00 -999.00 -999.00 -999.00 -999.00 -999.00 -999.00 157.00 36.00 199.00
2017 174 7 0 -999.00 -999.00 -999.00 -999.00 -999.00 2.00000 77.00 26.11 100.51 0.00 339.00 -999.00 -999.00 -999.00 -999.00 -999.00 -999.00 259.00 152.00 197.00
2017 174 8 0 -999.00 -999.00 -999.00 -999.00 -999.00 2.30000 76.00 26.67 100.47 0.00 438.00 -999.00 -999.00 -999.00 -999.00 -999.00 -999.00 321.00 170.00 199.00
2017 174 9 0 -999.00 -999.00 -999.00 -999.00 -999.00 2.50000 77.00 27.22 100.37 0.00 401.00 -999.00 -999.00 -999.00 -999.00 -999.00 -999.00 346.00 67.00 203.00
2017 174 10 0 -999.00 -999.00 -999.00 -999.00 -999.00 2.70000 79.00 26.85 100.34 0.00 639.00 -999.00 -999.00 -999.00 -999.00 -999.00 -999.00 359.00 310.00 208.00
2017 174 11 0 -999.00 -999.00 -999.00 -999.00 -999.00 2.80000 74.00 27.22 100.30 0.00 500.00 -999.00 -999.00 -999.00 -999.00 -999.00 -999.00 430.00 74.00 209.00
2017 174 12 0 -999.00 -999.00 -999.00 -999.00 -999.00 3.00000 75.50 26.67 100.17 0.00 325.00 -999.00 -999.00 -999.00 -999.00 -999.00 -999.00 315.00 11.00 206.00
2017 174 13 0 -999.00 -999.00 -999.00 -999.00 -999.00 3.20000 88.00 24.44 100.14 0.00 219.00 -999.00 -999.00 -999.00 -999.00 -999.00 -999.00 219.00 0.00 202.00
2017 174 14 0 -999.00 -999.00 -999.00 -999.00 -999.00 3.30000 74.00 26.94 100.05 0.00 169.00 -999.00 -999.00 -999.00 -999.00 -999.00 -999.00 168.00 0.00 200.00
2017 174 15 0 -999.00 -999.00 -999.00 -999.00 -999.00 3.30000 74.00 26.67 100.00 0.00 190.00 -999.00 -999.00 -999.00 -999.00 -999.00 -999.00 189.00 0.00 202.00
2017 174 16 0 -999.00 -999.00 -999.00 -999.00 -999.00 3.10000 74.00 27.22 99.97 0.00 263.00 -999.00 -999.00 -999.00 -999.00 -999.00 -999.00 220.00 82.00 202.00
2017 174 17 0 -999.00 -999.00 -999.00 -999.00 -999.00 3.10000 70.00 28.33 99.93 0.00 240.00 -999.00 -999.00 -999.00 -999.00 -999.00 -999.00 53.00 541.00 199.00
2017 174 18 0 -999.00 -999.00 -999.00 -999.00 -999.00 3.10000 74.00 27.78 99.90 0.00 8.00 -999.00 -999.00 -999.00 -999.00 -999.00 -999.00 8.00 0.00 196.00
2017 174 19 0 -999.00 -999.00 -999.00 -999.00 -999.00 3.00000 77.00 27.22 99.90 0.00 0.00 -999.00 -999.00 -999.00 -999.00 -999.00 -999.00 0.00 0.00 196.00
2017 174 20 0 -999.00 -999.00 -999.00 -999.00 -999.00 3.00000 94.00 25.00 99.90 0.76 0.00 -999.00 -999.00 -999.00 -999.00 -999.00 -999.00 0.00 0.00 200.00
2017 174 21 0 -999.00 -999.00 -999.00 -999.00 -999.00 2.80000 90.00 25.56 99.90 0.00 0.00 -999.00 -999.00 -999.00 -999.00 -999.00 -999.00 0.00 0.00 205.00
2017 174 22 0 -999.00 -999.00 -999.00 -999.00 -999.00 2.70000 90.00 25.00 99.86 0.25 0.00 -999.00 -999.00 -999.00 -999.00 -999.00 -999.00 0.00 0.00 208.00
2017 174 23 0 -999.00 -999.00 -999.00 -999.00 -999.00 2.60000 80.50 26.39 99.83 0.00 0.00 -999.00 -999.00 -999.00 -999.00 -999.00 -999.00 0.00 0.00 211.00
2017 175 0 0 -999.00 -999.00 -999.00 -999.00 -999.00 2.50000 84.25 25.69 99.83 0.25 0.00 -999.00 -999.00 -999.00 -999.00 -999.00 -999.00 0.00 0.00 213.00
2017 175 1 0 -999.00 -999.00 -999.00 -999.00 -999.00 2.50000 91.00 24.44 99.83 0.51 0.00 -999.00 -999.00 -999.00 -999.00 -999.00 -999.00 0.00 0.00 212.00
2017 175 2 0 -999.00 -999.00 -999.00 -999.00 -999.00 2.40000 94.00 23.00 99.82 1.73 0.00 -999.00 -999.00 -999.00 -999.00 -999.00 -999.00 0.00 0.00 211.00
2017 175 3 0 -999.00 -999.00 -999.00 -999.00 -999.00 2.30000 97.00 22.22 99.76 2.54 0.00 -999.00 -999.00 -999.00 -999.00 -999.00 -999.00 0.00 0.00 209.00
2017 175 4 0 -999.00 -999.00 -999.00 -999.00 -999.00 2.20000 94.00 22.78 99.76 0.00 0.00 -999.00 -999.00 -999.00 -999.00 -999.00 -999.00 0.00 0.00 206.00
2017 175 5 0 -999.00 -999.00 -999.00 -999.00 -999.00 2.20000 94.00 22.78 99.74 1.19 4.00 -999.00 -999.00 -999.00 -999.00 -999.00 -999.00 4.00 0.00 205.00
2017 175 6 0 -999.00 -999.00 -999.00 -999.00 -999.00 2.20000 94.50 22.59 99.66 5.84 12.00 -999.00 -999.00 -999.00 -999.00 -999.00 -999.00 12.00 0.00 213.00
2017 175 7 0 -999.00 -999.00 -999.00 -999.00 -999.00 2.10000 96.00 21.67 99.73 11.01 216.00 -999.00 -999.00 -999.00 -999.00 -999.00 -999.00 200.00 30.00 238.00
2017 175 8 0 -999.00 -999.00 -999.00 -999.00 -999.00 2.10000 95.00 21.94 99.76 3.81 636.00 -999.00 -999.00 -999.00 -999.00 -999.00 -999.00 115.00 759.00 282.00
2017 175 9 0 -999.00 -999.00 -999.00 -999.00 -999.00 2.30000 91.00 23.33 99.86 0.00 793.00 -999.00 -999.00 -999.00 -999.00 -999.00 -999.00 112.00 837.00 316.00
2017 175 10 0 -999.00 -999.00 -999.00 -999.00 -999.00 2.50000 74.00 25.56 99.93 0.00 916.00 -999.00 -999.00 -999.00 -999.00 -999.00 -999.00 101.00 902.00 322.00
2017 175 11 0 -999.00 -999.00 -999.00 -999.00 -999.00 2.50000 53.00 27.22 100.07 0.00 982.00 -999.00 -999.00 -999.00 -999.00 -999.00 -999.00 101.00 928.00 310.00
2017 175 12 0 -999.00 -999.00 -999.00 -999.00 -999.00 2.50000 41.00 27.78 100.17 0.00 980.00 -999.00 -999.00 -999.00 -999.00 -999.00 -999.00 102.00 927.00 298.00
2017 175 13 0 -999.00 -999.00 -999.00 -999.00 -999.00 2.40000 37.00 28.33 100.20 0.00 921.00 -999.00 -999.00 -999.00 -999.00 -999.00 -999.00 101.00 912.00 292.00
2017 175 14 0 -999.00 -999.00 -999.00 -999.00 -999.00 2.20000 41.00 28.33 100.27 0.00 757.00 -999.00 -999.00 -999.00 -999.00 -999.00 -999.00 295.00 573.00 289.00
2017 175 15 0 -999.00 -999.00 -999.00 -999.00 -999.00 2.00000 38.00 28.33 100.34 0.00 493.00 -999.00 -999.00 -999.00 -999.00 -999.00 -999.00 254.00 353.00 287.00
2017 175 16 0 -999.00 -999.00 -999.00 -999.00 -999.00 1.70000 37.00 27.78 100.41 0.00 434.00 -999.00 -999.00 -999.00 -999.00 -999.00 -999.00 168.00 509.00 284.00
2017 175 17 0 -999.00 -999.00 -999.00 -999.00 -999.00 1.50000 36.00 28.33 100.41 0.00 292.00 -999.00 -999.00 -999.00 -999.00 -999.00 -999.00 66.00 655.00 279.00
2017 175 18 0 -999.00 -999.00 -999.00 -999.00 -999.00 1.40000 40.00 27.78 100.44 0.00 92.00 -999.00 -999.00 -999.00 -999.00 -999.00 -999.00 77.00 89.00 272.00
2017 175 19 0 -999.00 -999.00 -999.00 -999.00 -999.00 1.40000 41.00 27.78 100.51 0.00 0.00 -999.00 -999.00 -999.00 -999.00 -999.00 -999.00 0.00 0.00 267.00
2017 175 20 0 -999.00 -999.00 -999.00 -999.00 -999.00 1.40000 42.00 27.22 100.54 0.00 0.00 -999.00 -999.00 -999.00 -999.00 -999.00 -999.00 0.00 0.00 267.00
2017 175 21 0 -999.00 -999.00 -999.00 -999.00 -999.00 1.40000 47.00 26.67 100.68 0.00 0.00 -999.00 -999.00 -999.00 -999.00 -999.00 -999.00 0.00 0.00 270.00
2017 175 22 0 -999.00 -999.00 -999.00 -999.00 -999.00 1.30000 49.00 26.11 100.71 0.00 0.00 -999.00 -999.00 -999.00 -999.00 -999.00 -999.00 0.00 0.00 276.00
2017 175 23 0 -999.00 -999.00 -999.00 -999.00 -999.00 1.30000 48.00 25.56 100.75 0.00 0.00 -999.00 -999.00 -999.00 -999.00 -999.00 -999.00 0.00 0.00 286.00
2017 176 0 0 -999.00 -999.00 -999.00 -999.00 -999.00 1.20000 55.00 23.89 100.85 0.00 0.00 -999.00 -999.00 -999.00 -999.00 -999.00 -999.00 0.00 0.00 297.00
2017 176 1 0 -999.00 -999.00 -999.00 -999.00 -999.00 1.20000 59.00 22.78 100.81 0.00 0.00 -999.00 -999.00 -999.00 -999.00 -999.00 -999.00 0.00 0.00 311.00
2017 176 2 0 -999.00 -999.00 -999.00 -999.00 -999.00 1.30000 62.00 22.78 100.85 0.00 0.00 -999.00 -999.00 -999.00 -999.00 -999.00 -999.00 0.00 0.00 326.00
2017 176 3 0 -999.00 -999.00 -999.00 -999.00 -999.00 1.30000 66.00 21.67 100.85 0.00 0.00 -999.00 -999.00 -999.00 -999.00 -999.00 -999.00 0.00 0.00 341.00
2017 176 4 0 -999.00 -999.00 -999.00 -999.00 -999.00 1.20000 66.00 21.11 100.91 0.00 0.00 -999.00 -999.00 -999.00 -999.00 -999.00 -999.00 0.00 0.00 174.00
2017 176 5 0 -999.00 -999.00 -999.00 -999.00 -999.00 1.00000 73.00 20.00 100.98 0.00 121.00 -999.00 -999.00 -999.00 -999.00 -999.00 -999.00 48.00 419.00 8.00
2017 176 6 0 -999.00 -999.00 -999.00 -999.00 -999.00 0.70000 73.00 20.56 101.05 0.00 298.00 -999.00 -999.00 -999.00 -999.00 -999.00 -999.00 74.00 630.00 27.00
2017 176 7 0 -999.00 -999.00 -999.00 -999.00 -999.00 0.40000 62.00 22.78 101.08 0.00 473.00 -999.00 -999.00 -999.00 -999.00 -999.00 -999.00 180.00 553.00 155.00
2017 176 8 0 -999.00 -999.00 -999.00 -999.00 -999.00 0.30000 54.00 23.89 101.08 0.00 658.00 -999.00 -999.00 -999.00 -999.00 -999.00 -999.00 109.00 800.00 251.00
2017 176 9 0 -999.00 -999.00 -999.00 -999.00 -999.00 0.60000 45.00 25.00 101.05 0.00 801.00 -999.00 -999.00 -999.00 -999.00 -999.00 -999.00 123.00 832.00 225.00
2017 176 10 0 -999.00 -999.00 -999.00 -999.00 -999.00 1.00000 45.00 25.56 101.08 0.00 635.00 -999.00 -999.00 -999.00 -999.00 -999.00 -999.00 471.00 182.00 217.00
2017 176 11 0 -999.00 -999.00 -999.00 -999.00 -999.00 1.40000 49.00 26.67 101.05 0.00 957.00 -999.00 -999.00 -999.00 -999.00 -999.00 -999.00 134.00 867.00 213.00
2017 176 12 0 -999.00 -999.00 -999.00 -999.00 -999.00 1.60000 45.00 26.11 100.98 0.00 897.00 -999.00 -999.00 -999.00 -999.00 -999.00 -999.00 322.00 607.00 210.00
2017 176 13 0 -999.00 -999.00 -999.00 -999.00 -999.00 1.80000 42.00 27.78 100.88 0.00 886.00 -999.00 -999.00 -999.00 -999.00 -999.00 -999.00 162.00 805.00 208.00
2017 176 14 0 -999.00 -999.00 -999.00 -999.00 -999.00 2.00000 44.00 26.67 100.85 0.00 127.00 -999.00 -999.00 -999.00 -999.00 -999.00 -999.00 126.00 0.00 207.00
2017 176 15 0 -999.00 -999.00 -999.00 -999.00 -999.00 2.00000 56.00 25.00 100.91 0.00 626.00 -999.00 -999.00 -999.00 -999.00 -999.00 -999.00 155.00 694.00 205.00
2017 176 16 0 -999.00 -999.00 -999.00 -999.00 -999.00 2.00000 58.00 25.00 100.85 0.00 452.00 -999.00 -999.00 -999.00 -999.00 -999.00 -999.00 136.00 606.00 203.00
2017 176 17 0 -999.00 -999.00 -999.00 -999.00 -999.00 1.90000 54.00 25.56 100.85 0.00 270.00 -999.00 -999.00 -999.00 -999.00 -999.00 -999.00 105.00 477.00 205.00
2017 176 18 0 -999.00 -999.00 -999.00 -999.00 -999.00 1.90000 54.00 24.44 100.85 0.00 104.00 -999.00 -999.00 -999.00 -999.00 -999.00 -999.00 59.00 271.00 213.00
2017 176 19 0 -999.00 -999.00 -999.00 -999.00 -999.00 1.80000 58.00 24.44 100.85 0.00 0.00 -999.00 -999.00 -999.00 -999.00 -999.00 -999.00 0.00 0.00 228.00
2017 176 20 0 -999.00 -999.00 -999.00 -999.00 -999.00 1.70000 60.00 23.89 100.88 0.00 0.00 -999.00 -999.00 -999.00 -999.00 -999.00 -999.00 0.00 0.00 251.00
2017 176 21 0 -999.00 -999.00 -999.00 -999.00 -999.00 1.70000 43.00 25.56 100.91 0.00 0.00 -999.00 -999.00 -999.00 -999.00 -999.00 -999.00 0.00 0.00 276.00
2017 176 22 0 -999.00 -999.00 -999.00 -999.00 -999.00 1.80000 39.00 25.56 100.95 0.00 0.00 -999.00 -999.00 -999.00 -999.00 -999.00 -999.00 0.00 0.00 297.00
2017 176 23 0 -999.00 -999.00 -999.00 -999.00 -999.00 1.90000 39.00 24.44 100.98 0.00 0.00 -999.00 -999.00 -999.00 -999.00 -999.00 -999.00 0.00 0.00 311.00
2017 177 0 0 -999.00 -999.00 -999.00 -999.00 -999.00 1.90000 49.00 21.67 101.08 0.00 0.00 -999.00 -999.00 -999.00 -999.00 -999.00 -999.00 0.00 0.00 318.00
2017 177 1 0 -999.00 -999.00 -999.00 -999.00 -999.00 1.80000 49.00 20.56 101.08 0.00 0.00 -999.00 -999.00 -999.00 -999.00 -999.00 -999.00 0.00 0.00 321.00
2017 177 2 0 -999.00 -999.00 -999.00 -999.00 -999.00 1.70000 53.00 19.44 101.05 0.00 0.00 -999.00 -999.00 -999.00 -999.00 -999.00 -999.00 0.00 0.00 323.00
2017 177 3 0 -999.00 -999.00 -999.00 -999.00 -999.00 1.60000 59.00 18.89 101.12 0.00 0.00 -999.00 -999.00 -999.00 -999.00 -999.00 -999.00 0.00 0.00 324.00
2017 177 4 0 -999.00 -999.00 -999.00 -999.00 -999.00 1.40000 59.00 18.33 101.12 0.00 0.00 -999.00 -999.00 -999.00 -999.00 -999.00 -999.00 0.00 0.00 323.00
2017 177 5 0 -999.00 -999.00 -999.00 -999.00 -999.00 1.20000 63.00 17.78 101.15 0.00 122.00 -999.00 -999.00 -999.00 -999.00 -999.00 -999.00 49.00 419.00 319.00
2017 177 6 0 -999.00 -999.00 -999.00 -999.00 -999.00 1.00000 63.00 18.89 101.22 0.00 304.00 -999.00 -999.00 -999.00 -999.00 -999.00 -999.00 75.00 646.00 317.00
2017 177 7 0 -999.00 -999.00 -999.00 -999.00 -999.00 1.00000 61.00 19.44 101.22 0.00 497.00 -999.00 -999.00 -999.00 -999.00 -999.00 -999.00 92.00 766.00 307.00
2017 177 8 0 -999.00 -999.00 -999.00 -999.00 -999.00 1.00000 55.00 20.56 101.25 0.00 676.00 -999.00 -999.00 -999.00 -999.00 -999.00 -999.00 104.00 834.00 283.00
2017 177 9 0 -999.00 -999.00 -999.00 -999.00 -999.00 1.10000 46.00 21.67 101.25 0.00 822.00 -999.00 -999.00 -999.00 -999.00 -999.00 -999.00 113.00 872.00 262.00
2017 177 10 0 -999.00 -999.00 -999.00 -999.00 -999.00 1.30000 43.00 22.78 101.22 0.00 929.00 -999.00 -999.00 -999.00 -999.00 -999.00 -999.00 113.00 904.00 248.00
2017 177 11 0 -999.00 -999.00 -999.00 -999.00 -999.00 1.50000 35.00 25.00 101.19 0.00 976.00 -999.00 -999.00 -999.00 -999.00 -999.00 -999.00 125.00 897.00 239.00
2017 177 12 0 -999.00 -999.00 -999.00 -999.00 -999.00 1.70000 35.00 25.56 101.15 0.00 972.00 -999.00 -999.00 -999.00 -999.00 -999.00 -999.00 129.00 889.00 231.00
2017 177 13 0 -999.00 -999.00 -999.00 -999.00 -999.00 1.80000 37.00 24.44 101.12 0.00 754.00 -999.00 -999.00 -999.00 -999.00 -999.00 -999.00 443.00 346.00 224.00
2017 177 14 0 -999.00 -999.00 -999.00 -999.00 -999.00 1.90000 39.00 25.00 101.05 0.00 546.00 -999.00 -999.00 -999.00 -999.00 -999.00 -999.00 433.00 140.00 219.00
2017 177 15 0 -999.00 -999.00 -999.00 -999.00 -999.00 2.00000 40.00 25.00 101.05 0.00 649.00 -999.00 -999.00 -999.00 -999.00 -999.00 -999.00 125.00 773.00 215.00
2017 177 16 0 -999.00 -999.00 -999.00 -999.00 -999.00 2.00000 45.00 23.33 101.05 0.00 328.00 -999.00 -999.00 -999.00 -999.00 -999.00 -999.00 283.00 85.00 213.00
2017 177 17 0 -999.00 -999.00 -999.00 -999.00 -999.00 1.90000 45.00 23.89 101.02 0.00 285.00 -999.00 -999.00 -999.00 -999.00 -999.00 -999.00 88.00 567.00 213.00
2017 177 18 0 -999.00 -999.00 -999.00 -999.00 -999.00 1.80000 48.00 23.33 101.02 0.00 111.00 -999.00 -999.00 -999.00 -999.00 -999.00 -999.00 53.00 350.00 216.00
2017 177 19 0 -999.00 -999.00 -999.00 -999.00 -999.00 1.90000 50.00 23.33 101.02 0.00 0.00 -999.00 -999.00 -999.00 -999.00 -999.00 -999.00 0.00 0.00 221.00
2017 177 20 0 -999.00 -999.00 -999.00 -999.00 -999.00 1.90000 37.00 23.33 100.98 0.00 0.00 -999.00 -999.00 -999.00 -999.00 -999.00 -999.00 0.00 0.00 226.00
2017 177 21 0 -999.00 -999.00 -999.00 -999.00 -999.00 1.90000 37.00 23.33 101.02 0.00 0.00 -999.00 -999.00 -999.00 -999.00 -999.00 -999.00 0.00 0.00 233.00
2017 177 22 0 -999.00 -999.00 -999.00 -999.00 -999.00 1.90000 38.00 22.78 101.05 0.00 0.00 -999.00 -999.00 -999.00 -999.00 -999.00 -999.00 0.00 0.00 241.00
2017 177 23 0 -999.00 -999.00 -999.00 -999.00 -999.00 1.70000 41.00 22.22 101.05 0.00 0.00 -999.00 -999.00 -999.00 -999.00 -999.00 -999.00 0.00 0.00 250.00
2017 178 0 0 -999.00 -999.00 -999.00 -999.00 -999.00 1.50000 43.00 22.22 101.05 0.00 0.00 -999.00 -999.00 -999.00 -999.00 -999.00 -999.00 0.00 0.00 260.00
2017 178 1 0 -999.00 -999.00 -999.00 -999.00 -999.00 1.40000 49.00 21.67 101.08 0.00 0.00 -999.00 -999.00 -999.00 -999.00 -999.00 -999.00 0.00 0.00 267.00
2017 178 2 0 -999.00 -999.00 -999.00 -999.00 -999.00 1.20000 51.00 20.00 101.12 0.00 0.00 -999.00 -999.00 -999.00 -999.00 -999.00 -999.00 0.00 0.00 274.00
2017 178 3 0 -999.00 -999.00 -999.00 -999.00 -999.00 1.00000 56.00 18.89 101.05 0.00 0.00 -999.00 -999.00 -999.00 -999.00 -999.00 -999.00 0.00 0.00 284.00
2017 178 4 0 -999.00 -999.00 -999.00 -999.00 -999.00 0.70000 78.00 17.22 101.15 0.00 0.00 -999.00 -999.00 -999.00 -999.00 -999.00 -999.00 0.00 0.00 294.00
2017 178 5 0 -999.00 -999.00 -999.00 -999.00 -999.00 0.60000 94.67 16.11 101.20 1.52 57.00 -999.00 -999.00 -999.00 -999.00 -999.00 -999.00 57.00 0.00 296.00
2017 178 6 0 -999.00 -999.00 -999.00 -999.00 -999.00 0.80000 97.00 16.11 101.12 0.51 203.00 -999.00 -999.00 -999.00 -999.00 -999.00 -999.00 189.00 39.00 272.00
2017 178 7 0 -999.00 -999.00 -999.00 -999.00 -999.00 1.00000 93.00 17.22 101.15 0.00 450.00 -999.00 -999.00 -999.00 -999.00 -999.00 -999.00 172.00 528.00 244.00
2017 178 8 0 -999.00 -999.00 -999.00 -999.00 -999.00 0.90000 87.00 18.33 101.12 0.00 455.00 -999.00 -999.00 -999.00 -999.00 -999.00 -999.00 329.00 185.00 228.00
2017 178 9 0 -999.00 -999.00 -999.00 -999.00 -999.00 0.80000 79.00 19.44 101.12 0.00 254.00 -999.00 -999.00 -999.00 -999.00 -999.00 -999.00 248.00 7.00 207.00
2017 178 10 0 -999.00 -999.00 -999.00 -999.00 -999.00 1.00000 81.00 19.44 101.12 0.00 678.00 -999.00 -999.00 -999.00 -999.00 -999.00 -999.00 347.00 367.00 200.00
2017 178 11 0 -999.00 -999.00 -999.00 -999.00 -999.00 1.40000 76.00 21.67 101.08 0.00 813.00 -999.00 -999.00 -999.00 -999.00 -999.00 -999.00 190.00 657.00 206.00
2017 178 12 0 -999.00 -999.00 -999.00 -999.00 -999.00 1.70000 60.00 23.33 101.02 0.00 963.00 -999.00 -999.00 -999.00 -999.00 -999.00 -999.00 135.00 874.00 211.00
2017 178 13 0 -999.00 -999.00 -999.00 -999.00 -999.00 1.70000 54.00 24.44 100.91 0.00 912.00 -999.00 -999.00 -999.00 -999.00 -999.00 -999.00 126.00 874.00 214.00
2017 178 14 0 -999.00 -999.00 -999.00 -999.00 -999.00 1.70000 52.00 24.44 100.85 0.00 643.00 -999.00 -999.00 -999.00 -999.00 -999.00 -999.00 275.00 456.00 220.00
2017 178 15 0 -999.00 -999.00 -999.00 -999.00 -999.00 1.60000 55.00 22.78 100.88 0.00 357.00 -999.00 -999.00 -999.00 -999.00 -999.00 -999.00 292.00 96.00 225.00
2017 178 16 0 -999.00 -999.00 -999.00 -999.00 -999.00 1.50000 60.00 23.33 100.85 0.00 296.00 -999.00 -999.00 -999.00 -999.00 -999.00 -999.00 238.00 110.00 232.00
2017 178 17 0 -999.00 -999.00 -999.00 -999.00 -999.00 1.20000 51.00 22.78 100.85 0.00 284.00 -999.00 -999.00 -999.00 -999.00 -999.00 -999.00 88.00 564.00 246.00
2017 178 18 0 -999.00 -999.00 -999.00 -999.00 -999.00 1.10000 46.00 22.78 100.88 0.00 110.00 -999.00 -999.00 -999.00 -999.00 -999.00 -999.00 53.00 340.00 268.00
2017 178 19 0 -999.00 -999.00 -999.00 -999.00 -999.00 1.20000 43.00 22.78 100.95 0.00 0.00 -999.00 -999.00 -999.00 -999.00 -999.00 -999.00 0.00 0.00 290.00
2017 178 20 0 -999.00 -999.00 -999.00 -999.00 -999.00 1.40000 40.00 22.22 100.95 0.00 0.00 -999.00 -999.00 -999.00 -999.00 -999.00 -999.00 0.00 0.00 306.00
2017 178 21 0 -999.00 -999.00 -999.00 -999.00 -999.00 1.60000 42.00 21.67 101.02 0.00 0.00 -999.00 -999.00 -999.00 -999.00 -999.00 -999.00 0.00 0.00 316.00
2017 178 22 0 -999.00 -999.00 -999.00 -999.00 -999.00 1.70000 51.00 20.56 101.08 0.00 0.00 -999.00 -999.00 -999.00 -999.00 -999.00 -999.00 0.00 0.00 320.00
2017 178 23 0 -999.00 -999.00 -999.00 -999.00 -999.00 1.70000 59.00 18.89 101.15 0.00 0.00 -999.00 -999.00 -999.00 -999.00 -999.00 -999.00 0.00 0.00 319.00
2017 179 0 0 -999.00 -999.00 -999.00 -999.00 -999.00 1.60000 53.00 19.44 101.19 0.00 0.00 -999.00 -999.00 -999.00 -999.00 -999.00 -999.00 0.00 0.00 314.00
2017 179 1 0 -999.00 -999.00 -999.00 -999.00 -999.00 1.70000 54.00 18.89 101.22 0.00 0.00 -999.00 -999.00 -999.00 -999.00 -999.00 -999.00 0.00 0.00 306.00
2017 179 2 0 -999.00 -999.00 -999.00 -999.00 -999.00 1.70000 63.00 17.22 101.25 0.00 0.00 -999.00 -999.00 -999.00 -999.00 -999.00 -999.00 0.00 0.00 301.00
2017 179 3 0 -999.00 -999.00 -999.00 -999.00 -999.00 1.70000 63.00 17.22 101.29 0.00 0.00 -999.00 -999.00 -999.00 -999.00 -999.00 -999.00 0.00 0.00 299.00
2017 179 4 0 -999.00 -999.00 -999.00 -999.00 -999.00 1.80000 65.00 16.67 101.35 0.00 0.00 -999.00 -999.00 -999.00 -999.00 -999.00 -999.00 0.00 0.00 299.00
2017 179 5 0 -999.00 -999.00 -999.00 -999.00 -999.00 1.90000 67.00 16.67 101.39 0.00 125.00 -999.00 -999.00 -999.00 -999.00 -999.00 -999.00 42.00 482.00 301.00
2017 179 6 0 -999.00 -999.00 -999.00 -999.00 -999.00 2.00000 65.00 16.67 101.42 0.00 308.00 -999.00 -999.00 -999.00 -999.00 -999.00 -999.00 64.00 694.00 308.00
2017 179 7 0 -999.00 -999.00 -999.00 -999.00 -999.00 2.10000 65.00 17.22 101.46 0.00 503.00 -999.00 -999.00 -999.00 -999.00 -999.00 -999.00 77.00 807.00 313.00
2017 179 8 0 -999.00 -999.00 -999.00 -999.00 -999.00 2.00000 59.00 18.33 101.52 0.00 682.00 -999.00 -999.00 -999.00 -999.00 -999.00 -999.00 86.00 872.00 309.00
2017 179 9 0 -999.00 -999.00 -999.00 -999.00 -999.00 1.80000 57.00 20.00 101.49 0.00 830.00 -999.00 -999.00 -999.00 -999.00 -999.00 -999.00 93.00 908.00 299.00
2017 179 10 0 -999.00 -999.00 -999.00 -999.00 -999.00 1.70000 46.00 21.67 101.52 0.00 930.00 -999.00 -999.00 -999.00 -999.00 -999.00 -999.00 107.00 913.00 288.00
2017 179 11 0 -999.00 -999.00 -999.00 -999.00 -999.00 1.70000 41.00 22.78 101.52 0.00 979.00 -999.00 -999.00 -999.00 -999.00 -999.00 -999.00 112.00 914.00 278.00
2017 179 12 0 -999.00 -999.00 -999.00 -999.00 -999.00 1.70000 39.00 23.89 101.49 0.00 754.00 -999.00 -999.00 -999.00 -999.00 -999.00 -999.00 488.00 281.00 271.00
2017 179 13 0 -999.00 -999.00 -999.00 -999.00 -999.00 1.60000 40.00 23.89 101.49 0.00 915.00 -999.00 -999.00 -999.00 -999.00 -999.00 -999.00 125.00 878.00 270.00
2017 179 14 0 -999.00 -999.00 -999.00 -999.00 -999.00 1.50000 37.00 24.44 101.42 0.00 805.00 -999.00 -999.00 -999.00 -999.00 -999.00 -999.00 120.00 847.00 271.00
2017 179 15 0 -999.00 -999.00 -999.00 -999.00 -999.00 1.40000 39.00 24.44 101.42 0.00 655.00 -999.00 -999.00 -999.00 -999.00 -999.00 -999.00 115.00 796.00 271.00
2017 179 16 0 -999.00 -999.00 -999.00 -999.00 -999.00 1.40000 33.00 25.56 101.39 0.00 476.00 -999.00 -999.00 -999.00 -999.00 -999.00 -999.00 102.00 716.00 264.00
2017 179 17 0 -999.00 -999.00 -999.00 -999.00 -999.00 1.40000 36.00 25.00 101.39 0.00 287.00 -999.00 -999.00 -999.00 -999.00 -999.00 -999.00 81.00 595.00 252.00
2017 179 18 0 -999.00 -999.00 -999.00 -999.00 -999.00 1.60000 37.00 25.00 101.39 0.00 88.00 -999.00 -999.00 -999.00 -999.00 -999.00 -999.00 83.00 30.00 241.00
2017 179 19 0 -999.00 -999.00 -999.00 -999.00 -999.00 1.90000 39.00 23.89 101.39 0.00 0.00 -999.00 -999.00 -999.00 -999.00 -999.00 -999.00 0.00 0.00 230.00
2017 179 20 0 -999.00 -999.00 -999.00 -999.00 -999.00 2.40000 37.00 24.44 101.42 0.00 0.00 -999.00 -999.00 -999.00 -999.00 -999.00 -999.00 0.00 0.00 223.00
2017 179 21 0 -999.00 -999.00 -999.00 -999.00 -999.00 2.70000 40.00 23.89 101.46 0.00 0.00 -999.00 -999.00 -999.00 -999.00 -999.00 -999.00 0.00 0.00 225.00
2017 179 22 0 -999.00 -999.00 -999.00 -999.00 -999.00 2.80000 43.00 23.33 101.49 0.00 0.00 -999.00 -999.00 -999.00 -999.00 -999.00 -999.00 0.00 0.00 231.00
2017 179 23 0 -999.00 -999.00 -999.00 -999.00 -999.00 2.50000 44.00 22.78 101.52 0.00 0.00 -999.00 -999.00 -999.00 -999.00 -999.00 -999.00 0.00 0.00 236.00
2017 180 0 0 -999.00 -999.00 -999.00 -999.00 -999.00 2.20000 48.00 22.22 101.52 0.00 0.00 -999.00 -999.00 -999.00 -999.00 -999.00 -999.00 0.00 0.00 237.00
2017 180 1 0 -999.00 -999.00 -999.00 -999.00 -999.00 2.00000 55.00 21.11 101.56 0.00 0.00 -999.00 -999.00 -999.00 -999.00 -999.00 -999.00 0.00 0.00 237.00
2017 180 2 0 -999.00 -999.00 -999.00 -999.00 -999.00 1.90000 59.00 20.56 101.59 0.00 0.00 -999.00 -999.00 -999.00 -999.00 -999.00 -999.00 0.00 0.00 237.00
2017 180 3 0 -999.00 -999.00 -999.00 -999.00 -999.00 1.80000 61.00 20.56 101.63 0.00 0.00 -999.00 -999.00 -999.00 -999.00 -999.00 -999.00 0.00 0.00 239.00
2017 180 4 0 -999.00 -999.00 -999.00 -999.00 -999.00 1.70000 61.00 20.56 101.63 0.00 0.00 -999.00 -999.00 -999.00 -999.00 -999.00 -999.00 0.00 0.00 238.00
2017 180 5 0 -999.00 -999.00 -999.00 -999.00 -999.00 1.70000 65.00 20.00 101.63 0.00 80.00 -999.00 -999.00 -999.00 -999.00 -999.00 -999.00 76.00 24.00 228.00
2017 180 6 0 -999.00 -999.00 -999.00 -999.00 -999.00 1.90000 70.00 20.00 101.66 0.00 212.00 -999.00 -999.00 -999.00 -999.00 -999.00 -999.00 188.00 69.00 215.00
2017 180 7 0 -999.00 -999.00 -999.00 -999.00 -999.00 2.30000 66.00 21.11 101.63 0.00 472.00 -999.00 -999.00 -999.00 -999.00 -999.00 -999.00 109.00 690.00 208.00
2017 180 8 0 -999.00 -999.00 -999.00 -999.00 -999.00 2.60000 66.00 21.67 101.63 0.00 653.00 -999.00 -999.00 -999.00 -999.00 -999.00 -999.00 118.00 783.00 206.00
2017 180 9 0 -999.00 -999.00 -999.00 -999.00 -999.00 2.90000 58.00 23.89 101.52 0.00 802.00 -999.00 -999.00 -999.00 -999.00 -999.00 -999.00 123.00 837.00 199.00
2017 180 10 0 -999.00 -999.00 -999.00 -999.00 -999.00 3.20000 60.00 24.44 101.52 0.00 803.00 -999.00 -999.00 -999.00 -999.00 -999.00 -999.00 385.00 464.00 194.00
2017 180 11 0 -999.00 -999.00 -999.00 -999.00 -999.00 3.40000 58.00 25.56 101.49 0.00 836.00 -999.00 -999.00 -999.00 -999.00 -999.00 -999.00 415.00 443.00 193.00
2017 180 12 0 -999.00 -999.00 -999.00 -999.00 -999.00 3.60000 54.00 26.67 101.42 0.00 822.00 -999.00 -999.00 -999.00 -999.00 -999.00 -999.00 229.00 626.00 192.00
2017 180 13 0 -999.00 -999.00 -999.00 -999.00 -999.00 3.70000 53.00 27.22 101.35 0.00 715.00 -999.00 -999.00 -999.00 -999.00 -999.00 -999.00 306.00 455.00 191.00
2017 180 14 0 -999.00 -999.00 -999.00 -999.00 -999.00 3.80000 58.00 27.22 101.32 0.00 696.00 -999.00 -999.00 -999.00 -999.00 -999.00 -999.00 251.00 550.00 190.00
2017 180 15 0 -999.00 -999.00 -999.00 -999.00 -999.00 3.90000 57.00 27.22 101.22 0.00 504.00 -999.00 -999.00 -999.00 -999.00 -999.00 -999.00 283.00 326.00 189.00
2017 180 16 0 -999.00 -999.00 -999.00 -999.00 -999.00 3.80000 60.00 26.67 101.22 0.00 349.00 -999.00 -999.00 -999.00 -999.00 -999.00 -999.00 246.00 198.00 188.00
2017 180 17 0 -999.00 -999.00 -999.00 -999.00 -999.00 3.60000 65.00 26.11 101.19 0.00 227.00 -999.00 -999.00 -999.00 -999.00 -999.00 -999.00 177.00 145.00 187.00
2017 180 18 0 -999.00 -999.00 -999.00 -999.00 -999.00 3.30000 67.00 25.56 101.19 0.00 68.00 -999.00 -999.00 -999.00 -999.00 -999.00 -999.00 66.00 8.00 188.00
2017 180 19 0 -999.00 -999.00 -999.00 -999.00 -999.00 3.20000 64.00 25.56 101.22 0.00 0.00 -999.00 -999.00 -999.00 -999.00 -999.00 -999.00 0.00 0.00 194.00
2017 180 20 0 -999.00 -999.00 -999.00 -999.00 -999.00 3.00000 62.00 25.00 101.19 0.00 0.00 -999.00 -999.00 -999.00 -999.00 -999.00 -999.00 0.00 0.00 202.00
2017 180 21 0 -999.00 -999.00 -999.00 -999.00 -999.00 3.00000 64.00 24.44 101.22 0.00 0.00 -999.00 -999.00 -999.00 -999.00 -999.00 -999.00 0.00 0.00 208.00
2017 180 22 0 -999.00 -999.00 -999.00 -999.00 -999.00 2.90000 60.00 25.00 101.22 0.00 0.00 -999.00 -999.00 -999.00 -999.00 -999.00 -999.00 0.00 0.00 212.00
2017 180 23 0 -999.00 -999.00 -999.00 -999.00 -999.00 2.70000 66.00 23.89 101.22 0.00 0.00 -999.00 -999.00 -999.00 -999.00 -999.00 -999.00 0.00 0.00 214.00
2017 181 0 0 -999.00 -999.00 -999.00 -999.00 -999.00 2.50000 64.00 23.33 101.22 0.00 0.00 -999.00 -999.00 -999.00 -999.00 -999.00 -999.00 0.00 0.00 215.00
2017 181 1 0 -999.00 -999.00 -999.00 -999.00 -999.00 2.40000 62.00 23.33 101.19 0.00 0.00 -999.00 -999.00 -999.00 -999.00 -999.00 -999.00 0.00 0.00 215.00
2017 181 2 0 -999.00 -999.00 -999.00 -999.00 -999.00 2.30000 64.00 23.33 101.15 0.00 0.00 -999.00 -999.00 -999.00 -999.00 -999.00 -999.00 0.00 0.00 215.00
2017 181 3 0 -999.00 -999.00 -999.00 -999.00 -999.00 2.20000 66.00 22.78 101.08 0.00 0.00 -999.00 -999.00 -999.00 -999.00 -999.00 -999.00 0.00 0.00 214.00
2017 181 4 0 -999.00 -999.00 -999.00 -999.00 -999.00 2.30000 67.00 23.33 101.08 0.00 0.00 -999.00 -999.00 -999.00 -999.00 -999.00 -999.00 0.00 0.00 212.00
2017 181 5 0 -999.00 -999.00 -999.00 -999.00 -999.00 2.40000 67.00 23.33 101.08 0.00 70.00 -999.00 -999.00 -999.00 -999.00 -999.00 -999.00 68.00 9.00 209.00
2017 181 6 0 -999.00 -999.00 -999.00 -999.00 -999.00 2.60000 67.00 23.33 101.08 0.00 262.00 -999.00 -999.00 -999.00 -999.00 -999.00 -999.00 115.00 421.00 209.00
2017 181 7 0 -999.00 -999.00 -999.00 -999.00 -999.00 2.60000 69.00 23.33 101.15 0.00 443.00 -999.00 -999.00 -999.00 -999.00 -999.00 -999.00 144.00 569.00 212.00
2017 181 8 0 -999.00 -999.00 -999.00 -999.00 -999.00 2.60000 69.00 24.44 101.15 0.00 614.00 -999.00 -999.00 -999.00 -999.00 -999.00 -999.00 165.00 658.00 214.00
2017 181 9 0 -999.00 -999.00 -999.00 -999.00 -999.00 2.60000 60.00 26.11 101.15 0.00 759.00 -999.00 -999.00 -999.00 -999.00 -999.00 -999.00 173.00 723.00 211.00
2017 181 10 0 -999.00 -999.00 -999.00 -999.00 -999.00 2.70000 58.00 27.22 101.15 0.00 651.00 -999.00 -999.00 -999.00 -999.00 -999.00 -999.00 472.00 199.00 204.00
2017 181 11 0 -999.00 -999.00 -999.00 -999.00 -999.00 2.90000 59.00 28.33 101.08 0.00 925.00 -999.00 -999.00 -999.00 -999.00 -999.00 -999.00 163.00 805.00 198.00
2017 181 12 0 -999.00 -999.00 -999.00 -999.00 -999.00 3.20000 55.00 29.44 101.05 0.00 924.00 -999.00 -999.00 -999.00 -999.00 -999.00 -999.00 159.00 808.00 195.00
2017 181 13 0 -999.00 -999.00 -999.00 -999.00 -999.00 3.40000 52.00 31.11 100.95 0.00 870.00 -999.00 -999.00 -999.00 -999.00 -999.00 -999.00 156.00 793.00 194.00
2017 181 14 0 -999.00 -999.00 -999.00 -999.00 -999.00 3.60000 57.00 30.56 100.85 0.00 765.00 -999.00 -999.00 -999.00 -999.00 -999.00 -999.00 148.00 763.00 193.00
2017 181 15 0 -999.00 -999.00 -999.00 -999.00 -999.00 3.60000 57.00 30.00 100.81 0.00 621.00 -999.00 -999.00 -999.00 -999.00 -999.00 -999.00 136.00 714.00 193.00
2017 181 16 0 -999.00 -999.00 -999.00 -999.00 -999.00 3.50000 55.00 30.56 100.75 0.00 373.00 -999.00 -999.00 -999.00 -999.00 -999.00 -999.00 199.00 333.00 192.00
2017 181 17 0 -999.00 -999.00 -999.00 -999.00 -999.00 3.40000 59.00 30.00 100.71 0.00 215.00 -999.00 -999.00 -999.00 -999.00 -999.00 -999.00 167.00 140.00 192.00
2017 181 18 0 -999.00 -999.00 -999.00 -999.00 -999.00 3.30000 61.00 29.44 100.78 0.00 46.00 -999.00 -999.00 -999.00 -999.00 -999.00 -999.00 46.00 2.00 194.00
2017 181 19 0 -999.00 -999.00 -999.00 -999.00 -999.00 3.20000 61.00 28.89 100.88 0.00 0.00 -999.00 -999.00 -999.00 -999.00 -999.00 -999.00 0.00 0.00 198.00
2017 181 20 0 -999.00 -999.00 -999.00 -999.00 -999.00 3.10000 63.00 28.33 100.91 0.00 0.00 -999.00 -999.00 -999.00 -999.00 -999.00 -999.00 0.00 0.00 202.00
2017 181 21 0 -999.00 -999.00 -999.00 -999.00 -999.00 2.90000 65.00 27.78 101.02 0.00 0.00 -999.00 -999.00 -999.00 -999.00 -999.00 -999.00 0.00 0.00 204.00
2017 181 22 0 -999.00 -999.00 -999.00 -999.00 -999.00 2.70000 63.00 27.78 100.98 0.00 0.00 -999.00 -999.00 -999.00 -999.00 -999.00 -999.00 0.00 0.00 204.00
2017 181 23 0 -999.00 -999.00 -999.00 -999.00 -999.00 2.50000 65.00 26.11 100.98 0.00 0.00 -999.00 -999.00 -999.00 -999.00 -999.00 -999.00 0.00 0.00 204.00
2017 182 0 0 -999.00 -999.00 -999.00 -999.00 -999.00 2.20000 69.00 25.56 100.98 0.00 0.00 -999.00 -999.00 -999.00 -999.00 -999.00 -999.00 0.00 0.00 206.00
2017 182 1 0 -999.00 -999.00 -999.00 -999.00 -999.00 1.90000 71.00 25.56 100.95 0.00 0.00 -999.00 -999.00 -999.00 -999.00 -999.00 -999.00 0.00 0.00 206.00
2017 182 2 0 -999.00 -999.00 -999.00 -999.00 -999.00 1.70000 74.00 25.00 100.91 0.00 0.00 -999.00 -999.00 -999.00 -999.00 -999.00 -999.00 0.00 0.00 203.00
2017 182 3 0 -999.00 -999.00 -999.00 -999.00 -999.00 1.60000 77.00 24.44 100.88 0.00 0.00 -999.00 -999.00 -999.00 -999.00 -999.00 -999.00 0.00 0.00 201.00
2017 182 4 0 -999.00 -999.00 -999.00 -999.00 -999.00 1.70000 77.00 24.44 100.91 0.00 0.00 -999.00 -999.00 -999.00 -999.00 -999.00 -999.00 0.00 0.00 199.00
2017 182 5 0 -999.00 -999.00 -999.00 -999.00 -999.00 1.80000 79.00 24.44 100.95 0.00 35.00 -999.00 -999.00 -999.00 -999.00 -999.00 -999.00 35.00 0.00 192.00
2017 182 6 0 -999.00 -999.00 -999.00 -999.00 -999.00 1.90000 79.00 25.00 100.98 0.00 180.00 -999.00 -999.00 -999.00 -999.00 -999.00 -999.00 169.00 32.00 189.00
2017 182 7 0 -999.00 -999.00 -999.00 -999.00 -999.00 2.10000 79.00 25.56 101.02 0.00 156.00 -999.00 -999.00 -999.00 -999.00 -999.00 -999.00 156.00 1.00 190.00
2017 182 8 0 -999.00 -999.00 -999.00 -999.00 -999.00 2.30000 75.00 26.11 100.99 0.00 392.00 -999.00 -999.00 -999.00 -999.00 -999.00 -999.00 334.00 85.00 184.00
2017 182 9 0 -999.00 -999.00 -999.00 -999.00 -999.00 2.70000 76.00 26.11 100.93 0.00 441.00 -999.00 -999.00 -999.00 -999.00 -999.00 -999.00 367.00 93.00 176.00
2017 182 10 0 -999.00 -999.00 -999.00 -999.00 -999.00 3.10000 79.00 26.11 100.91 0.00 868.00 -999.00 -999.00 -999.00 -999.00 -999.00 -999.00 152.00 795.00 173.00
2017 182 11 0 -999.00 -999.00 -999.00 -999.00 -999.00 3.40000 72.50 27.22 100.85 0.00 158.00 -999.00 -999.00 -999.00 -999.00 -999.00 -999.00 158.00 0.00 175.00
2017 182 12 0 -999.00 -999.00 -999.00 -999.00 -999.00 3.50000 72.67 27.22 100.82 0.00 697.00 -999.00 -999.00 -999.00 -999.00 -999.00 -999.00 482.00 227.00 177.00
2017 182 13 0 -999.00 -999.00 -999.00 -999.00 -999.00 3.60000 65.00 29.44 100.75 0.00 625.00 -999.00 -999.00 -999.00 -999.00 -999.00 -999.00 386.00 266.00 180.00
2017 182 14 0 -999.00 -999.00 -999.00 -999.00 -999.00 3.50000 83.33 25.37 100.73 0.42 61.00 -999.00 -999.00 -999.00 -999.00 -999.00 -999.00 60.00 0.00 183.00
2017 182 15 0 -999.00 -999.00 -999.00 -999.00 -999.00 3.40000 90.00 26.11 100.68 1.52 608.00 -999.00 -999.00 -999.00 -999.00 -999.00 -999.00 162.00 657.00 186.00
2017 182 16 0 -999.00 -999.00 -999.00 -999.00 -999.00 3.10000 85.00 26.11 100.61 0.00 437.00 -999.00 -999.00 -999.00 -999.00 -999.00 -999.00 147.00 555.00 188.00
2017 182 17 0 -999.00 -999.00 -999.00 -999.00 -999.00 2.90000 82.00 26.11 100.61 0.00 36.00 -999.00 -999.00 -999.00 -999.00 -999.00 -999.00 36.00 0.00 187.00
2017 182 18 0 -999.00 -999.00 -999.00 -999.00 -999.00 2.60000 80.50 25.83 100.68 0.00 33.00 -999.00 -999.00 -999.00 -999.00 -999.00 -999.00 33.00 0.00 188.00
2017 182 19 0 -999.00 -999.00 -999.00 -999.00 -999.00 2.40000 94.00 22.36 100.76 2.86 0.00 -999.00 -999.00 -999.00 -999.00 -999.00 -999.00 0.00 0.00 194.00
2017 182 20 0 -999.00 -999.00 -999.00 -999.00 -999.00 2.30000 94.00 22.22 100.71 0.00 0.00 -999.00 -999.00 -999.00 -999.00 -999.00 -999.00 0.00 0.00 201.00
2017 182 21 0 -999.00 -999.00 -999.00 -999.00 -999.00 2.20000 94.00 21.67 100.75 0.00 0.00 -999.00 -999.00 -999.00 -999.00 -999.00 -999.00 0.00 0.00 208.00
2017 182 22 0 -999.00 -999.00 -999.00 -999.00 -999.00 2.30000 96.00 21.67 100.81 0.00 0.00 -999.00 -999.00 -999.00 -999.00 -999.00 -999.00 0.00 0.00 221.00
2017 182 23 0 -999.00 -999.00 -999.00 -999.00 -999.00 2.10000 94.00 22.22 100.81 0.00 0.00 -999.00 -999.00 -999.00 -999.00 -999.00 -999.00 0.00 0.00 237.00
2017 183 0 0 -999.00 -999.00 -999.00 -999.00 -999.00 1.70000 92.00 22.59 100.81 0.00 0.00 -999.00 -999.00 -999.00 -999.00 -999.00 -999.00 0.00 0.00 247.00
2017 183 1 0 -999.00 -999.00 -999.00 -999.00 -999.00 1.50000 94.00 22.22 100.81 0.00 0.00 -999.00 -999.00 -999.00 -999.00 -999.00 -999.00 0.00 0.00 254.00
2017 183 2 0 -999.00 -999.00 -999.00 -999.00 -999.00 1.30000 97.00 22.22 100.78 0.00 0.00 -999.00 -999.00 -999.00 -999.00 -999.00 -999.00 0.00 0.00 262.00
2017 183 3 0 -999.00 -999.00 -999.00 -999.00 -999.00 1.20000 94.00 22.22 100.81 0.00 0.00 -999.00 -999.00 -999.00 -999.00 -999.00 -999.00 0.00 0.00 269.00
2017 183 4 0 -999.00 -999.00 -999.00 -999.00 -999.00 1.30000 94.00 22.22 100.88 0.00 0.00 -999.00 -999.00 -999.00 -999.00 -999.00 -999.00 0.00 0.00 278.00
2017 183 5 0 -999.00 -999.00 -999.00 -999.00 -999.00 1.30000 94.00 22.22 100.93 0.00 107.00 -999.00 -999.00 -999.00 -999.00 -999.00 -999.00 49.00 345.00 285.00
2017 183 6 0 -999.00 -999.00 -999.00 -999.00 -999.00 1.30000 90.00 22.78 101.02 0.00 280.00 -999.00 -999.00 -999.00 -999.00 -999.00 -999.00 79.00 578.00 297.00
2017 183 7 0 -999.00 -999.00 -999.00 -999.00 -999.00 1.30000 82.00 23.89 101.05 0.00 469.00 -999.00 -999.00 -999.00 -999.00 -999.00 -999.00 95.00 716.00 311.00
2017 183 8 0 -999.00 -999.00 -999.00 -999.00 -999.00 1.20000 72.00 24.44 101.05 0.00 646.00 -999.00 -999.00 -999.00 -999.00 -999.00 -999.00 103.00 799.00 309.00
2017 183 9 0 -999.00 -999.00 -999.00 -999.00 -999.00 1.20000 64.00 25.56 101.05 0.00 794.00 -999.00 -999.00 -999.00 -999.00 -999.00 -999.00 106.00 851.00 293.00
2017 183 10 0 -999.00 -999.00 -999.00 -999.00 -999.00 1.20000 58.00 26.67 101.08 0.00 906.00 -999.00 -999.00 -999.00 -999.00 -999.00 -999.00 97.00 899.00 275.00
2017 183 11 0 -999.00 -999.00 -999.00 -999.00 -999.00 1.40000 51.00 28.33 101.05 0.00 960.00 -999.00 -999.00 -999.00 -999.00 -999.00 -999.00 100.00 908.00 261.00
2017 183 12 0 -999.00 -999.00 -999.00 -999.00 -999.00 1.50000 45.00 30.00 101.02 0.00 907.00 -999.00 -999.00 -999.00 -999.00 -999.00 -999.00 237.00 709.00 249.00
2017 183 13 0 -999.00 -999.00 -999.00 -999.00 -999.00 1.60000 49.00 30.00 100.98 0.00 859.00 -999.00 -999.00 -999.00 -999.00 -999.00 -999.00 272.00 652.00 240.00
2017 183 14 0 -999.00 -999.00 -999.00 -999.00 -999.00 1.70000 45.00 30.56 100.98 0.00 789.00 -999.00 -999.00 -999.00 -999.00 -999.00 -999.00 116.00 832.00 233.00
2017 183 15 0 -999.00 -999.00 -999.00 -999.00 -999.00 1.80000 45.00 30.00 100.95 0.00 638.00 -999.00 -999.00 -999.00 -999.00 -999.00 -999.00 111.00 777.00 226.00
2017 183 16 0 -999.00 -999.00 -999.00 -999.00 -999.00 1.80000 49.00 30.00 100.88 0.00 462.00 -999.00 -999.00 -999.00 -999.00 -999.00 -999.00 102.00 690.00 220.00
2017 183 17 0 -999.00 -999.00 -999.00 -999.00 -999.00 1.80000 48.00 29.44 100.88 0.00 33.00 -999.00 -999.00 -999.00 -999.00 -999.00 -999.00 33.00 0.00 219.00
2017 183 18 0 -999.00 -999.00 -999.00 -999.00 -999.00 1.70000 50.00 29.44 100.91 0.00 74.00 -999.00 -999.00 -999.00 -999.00 -999.00 -999.00 74.00 5.00 221.00
2017 183 19 0 -999.00 -999.00 -999.00 -999.00 -999.00 1.80000 46.00 29.44 100.91 0.00 0.00 -999.00 -999.00 -999.00 -999.00 -999.00 -999.00 0.00 0.00 224.00
2017 183 20 0 -999.00 -999.00 -999.00 -999.00 -999.00 1.90000 48.00 28.33 100.95 0.00 0.00 -999.00 -999.00 -999.00 -999.00 -999.00 -999.00 0.00 0.00 231.00
2017 183 21 0 -999.00 -999.00 -999.00 -999.00 -999.00 1.90000 49.00 28.33 100.98 0.00 0.00 -999.00 -999.00 -999.00 -999.00 -999.00 -999.00 0.00 0.00 237.00
2017 183 22 0 -999.00 -999.00 -999.00 -999.00 -999.00 1.80000 51.00 28.33 100.95 0.00 0.00 -999.00 -999.00 -999.00 -999.00 -999.00 -999.00 0.00 0.00 244.00
2017 183 23 0 -999.00 -999.00 -999.00 -999.00 -999.00 1.60000 55.00 27.78 100.95 0.00 0.00 -999.00 -999.00 -999.00 -999.00 -999.00 -999.00 0.00 0.00 253.00
2017 184 0 0 -999.00 -999.00 -999.00 -999.00 -999.00 1.50000 58.00 26.67 100.95 0.00 0.00 -999.00 -999.00 -999.00 -999.00 -999.00 -999.00 0.00 0.00 265.00
2017 184 1 0 -999.00 -999.00 -999.00 -999.00 -999.00 1.30000 62.00 26.11 100.95 0.00 0.00 -999.00 -999.00 -999.00 -999.00 -999.00 -999.00 0.00 0.00 277.00
2017 184 2 0 -999.00 -999.00 -999.00 -999.00 -999.00 1.20000 67.00 24.44 100.95 0.00 0.00 -999.00 -999.00 -999.00 -999.00 -999.00 -999.00 0.00 0.00 285.00
2017 184 3 0 -999.00 -999.00 -999.00 -999.00 -999.00 1.10000 69.00 23.89 100.91 0.00 0.00 -999.00 -999.00 -999.00 -999.00 -999.00 -999.00 0.00 0.00 291.00
2017 184 4 0 -999.00 -999.00 -999.00 -999.00 -999.00 1.00000 66.00 23.89 100.95 0.00 0.00 -999.00 -999.00 -999.00 -999.00 -999.00 -999.00 0.00 0.00 296.00
2017 184 5 0 -999.00 -999.00 -999.00 -999.00 -999.00 1.00000 62.00 23.89 100.98 0.00 111.00 -999.00 -999.00 -999.00 -999.00 -999.00 -999.00 45.00 401.00 297.00
2017 184 6 0 -999.00 -999.00 -999.00 -999.00 -999.00 0.90000 62.00 25.00 101.02 0.00 285.00 -999.00 -999.00 -999.00 -999.00 -999.00 -999.00 74.00 610.00 291.00
2017 184 7 0 -999.00 -999.00 -999.00 -999.00 -999.00 0.80000 60.00 25.00 101.05 0.00 470.00 -999.00 -999.00 -999.00 -999.00 -999.00 -999.00 94.00 721.00 286.00
2017 184 8 0 -999.00 -999.00 -999.00 -999.00 -999.00 1.00000 56.00 26.11 101.05 0.00 641.00 -999.00 -999.00 -999.00 -999.00 -999.00 -999.00 109.00 784.00 279.00
2017 184 9 0 -999.00 -999.00 -999.00 -999.00 -999.00 1.10000 45.00 27.22 101.08 0.00 783.00 -999.00 -999.00 -999.00 -999.00 -999.00 -999.00 120.00 820.00 267.00
2017 184 10 0 -999.00 -999.00 -999.00 -999.00 -999.00 1.30000 46.00 28.33 101.05 0.00 885.00 -999.00 -999.00 -999.00 -999.00 -999.00 -999.00 125.00 846.00 260.00
2017 184 11 0 -999.00 -999.00 -999.00 -999.00 -999.00 1.50000 45.00 29.44 101.05 0.00 935.00 -999.00 -999.00 -999.00 -999.00 -999.00 -999.00 133.00 848.00 257.00
2017 184 12 0 -999.00 -999.00 -999.00 -999.00 -999.00 1.60000 43.00 30.00 100.98 0.00 885.00 -999.00 -999.00 -999.00 -999.00 -999.00 -999.00 134.00 794.00 257.00
2017 184 13 0 -999.00 -999.00 -999.00 -999.00 -999.00 1.60000 42.00 30.56 100.95 0.00 792.00 -999.00 -999.00 -999.00 -999.00 -999.00 -999.00 362.00 479.00 259.00
2017 184 14 0 -999.00 -999.00 -999.00 -999.00 -999.00 1.60000 40.00 30.00 100.95 0.00 784.00 -999.00 -999.00 -999.00 -999.00 -999.00 -999.00 118.00 824.00 262.00
2017 184 15 0 -999.00 -999.00 -999.00 -999.00 -999.00 1.50000 42.00 30.56 100.95 0.00 184.00 -999.00 -999.00 -999.00 -999.00 -999.00 -999.00 181.00 5.00 265.00
2017 184 16 0 -999.00 -999.00 -999.00 -999.00 -999.00 1.40000 87.17 23.06 101.03 2.46 292.00 -999.00 -999.00 -999.00 -999.00 -999.00 -999.00 263.00 56.00 268.00
2017 184 17 0 -999.00 -999.00 -999.00 -999.00 -999.00 1.20000 88.00 23.33 100.98 0.00 178.00 -999.00 -999.00 -999.00 -999.00 -999.00 -999.00 169.00 26.00 271.00
2017 184 18 0 -999.00 -999.00 -999.00 -999.00 -999.00 1.00000 77.00 24.44 100.95 0.00 107.00 -999.00 -999.00 -999.00 -999.00 -999.00 -999.00 49.00 353.00 275.00
2017 184 19 0 -999.00 -999.00 -999.00 -999.00 -999.00 1.10000 62.00 25.56 101.02 0.00 0.00 -999.00 -999.00 -999.00 -999.00 -999.00 -999.00 0.00 0.00 282.00
2017 184 20 0 -999.00 -999.00 -999.00 -999.00 -999.00 1.00000 56.00 26.11 101.05 0.00 0.00 -999.00 -999.00 -999.00 -999.00 -999.00 -999.00 0.00 0.00 298.00
2017 184 21 0 -999.00 -999.00 -999.00 -999.00 -999.00 1.00000 56.00 26.11 101.08 0.00 0.00 -999.00 -999.00 -999.00 -999.00 -999.00 -999.00 0.00 0.00 323.00
2017 184 22 0 -999.00 -999.00 -999.00 -999.00 -999.00 0.90000 53.00 27.22 101.08 0.00 0.00 -999.00 -999.00 -999.00 -999.00 -999.00 -999.00 0.00 0.00 347.00
2017 184 23 0 -999.00 -999.00 -999.00 -999.00 -999.00 0.70000 76.00 22.78 101.12 0.00 0.00 -999.00 -999.00 -999.00 -999.00 -999.00 -999.00 0.00 0.00 185.00
2017 185 0 0 -999.00 -999.00 -999.00 -999.00 -999.00 0.70000 76.00 22.78 101.15 0.00 0.00 -999.00 -999.00 -999.00 -999.00 -999.00 -999.00 0.00 0.00 15.00
2017 185 1 0 -999.00 -999.00 -999.00 -999.00 -999.00 0.80000 79.00 22.78 101.12 0.00 0.00 -999.00 -999.00 -999.00 -999.00 -999.00 -999.00 0.00 0.00 17.00
2017 185 2 0 -999.00 -999.00 -999.00 -999.00 -999.00 1.10000 84.00 22.22 101.12 0.00 0.00 -999.00 -999.00 -999.00 -999.00 -999.00 -999.00 0.00 0.00 12.00
2017 185 3 0 -999.00 -999.00 -999.00 -999.00 -999.00 1.40000 69.00 22.78 101.15 0.00 0.00 -999.00 -999.00 -999.00 -999.00 -999.00 -999.00 0.00 0.00 182.00
2017 185 4 0 -999.00 -999.00 -999.00 -999.00 -999.00 2.00000 57.00 22.78 101.22 0.00 0.00 -999.00 -999.00 -999.00 -999.00 -999.00 -999.00 0.00 0.00 180.00
2017 185 5 0 -999.00 -999.00 -999.00 -999.00 -999.00 2.30000 59.00 21.67 101.22 0.00 101.00 -999.00 -999.00 -999.00 -999.00 -999.00 -999.00 57.00 272.00 7.00
2017 185 6 0 -999.00 -999.00 -999.00 -999.00 -999.00 2.10000 68.00 21.11 101.32 0.00 140.00 -999.00 -999.00 -999.00 -999.00 -999.00 -999.00 131.00 26.00 17.00
2017 185 7 0 -999.00 -999.00 -999.00 -999.00 -999.00 1.70000 57.00 22.22 101.39 0.00 431.00 -999.00 -999.00 -999.00 -999.00 -999.00 -999.00 182.00 478.00 23.00
2017 185 8 0 -999.00 -999.00 -999.00 -999.00 -999.00 1.30000 54.00 23.33 101.42 0.00 251.00 -999.00 -999.00 -999.00 -999.00 -999.00 -999.00 237.00 20.00 23.00
2017 185 9 0 -999.00 -999.00 -999.00 -999.00 -999.00 1.00000 55.00 22.78 101.42 0.00 678.00 -999.00 -999.00 -999.00 -999.00 -999.00 -999.00 364.00 389.00 15.00
2017 185 10 0 -999.00 -999.00 -999.00 -999.00 -999.00 0.60000 52.00 25.00 101.39 0.00 753.00 -999.00 -999.00 -999.00 -999.00 -999.00 -999.00 404.00 388.00 175.00
2017 185 11 0 -999.00 -999.00 -999.00 -999.00 -999.00 0.40000 42.00 26.67 101.39 0.00 945.00 -999.00 -999.00 -999.00 -999.00 -999.00 -999.00 124.00 869.00 327.00
2017 185 12 0 -999.00 -999.00 -999.00 -999.00 -999.00 0.30000 45.00 27.22 101.35 0.00 947.00 -999.00 -999.00 -999.00 -999.00 -999.00 -999.00 125.00 869.00 306.00
2017 185 13 0 -999.00 -999.00 -999.00 -999.00 -999.00 0.40000 47.00 27.78 101.29 0.00 890.00 -999.00 -999.00 -999.00 -999.00 -999.00 -999.00 129.00 847.00 296.00
2017 185 14 0 -999.00 -999.00 -999.00 -999.00 -999.00 0.50000 47.00 27.78 101.25 0.00 689.00 -999.00 -999.00 -999.00 -999.00 -999.00 -999.00 355.00 414.00 291.00
2017 185 15 0 -999.00 -999.00 -999.00 -999.00 -999.00 0.50000 46.00 28.33 101.25 0.00 289.00 -999.00 -999.00 -999.00 -999.00 -999.00 -999.00 281.00 11.00 285.00
2017 185 16 0 -999.00 -999.00 -999.00 -999.00 -999.00 0.50000 56.00 26.67 101.25 0.00 245.00 -999.00 -999.00 -999.00 -999.00 -999.00 -999.00 231.00 26.00 287.00
2017 185 17 0 -999.00 -999.00 -999.00 -999.00 -999.00 0.50000 49.00 27.22 101.22 0.00 277.00 -999.00 -999.00 -999.00 -999.00 -999.00 -999.00 84.00 558.00 318.00
2017 185 18 0 -999.00 -999.00 -999.00 -999.00 -999.00 0.50000 50.00 26.11 101.25 0.00 107.00 -999.00 -999.00 -999.00 -999.00 -999.00 -999.00 49.00 351.00 198.00
2017 185 19 0 -999.00 -999.00 -999.00 -999.00 -999.00 0.60000 49.00 26.11 101.32 0.00 0.00 -999.00 -999.00 -999.00 -999.00 -999.00 -999.00 0.00 0.00 61.00
2017 185 20 0 -999.00 -999.00 -999.00 -999.00 -999.00 0.60000 47.00 25.56 101.35 0.00 0.00 -999.00 -999.00 -999.00 -999.00 -999.00 -999.00 0.00 0.00 66.00
2017 185 21 0 -999.00 -999.00 -999.00 -999.00 -999.00 0.60000 50.00 25.00 101.46 0.00 0.00 -999.00 -999.00 -999.00 -999.00 -999.00 -999.00 0.00 0.00 61.00
2017 185 22 0 -999.00 -999.00 -999.00 -999.00 -999.00 0.60000 55.00 24.44 101.49 0.00 0.00 -999.00 -999.00 -999.00 -999.00 -999.00 -999.00 0.00 0.00 55.00
2017 185 23 0 -999.00 -999.00 -999.00 -999.00 -999.00 0.60000 50.00 23.89 101.49 0.00 0.00 -999.00 -999.00 -999.00 -999.00 -999.00 -999.00 0.00 0.00 52.00
2017 186 0 0 -999.00 -999.00 -999.00 -999.00 -999.00 0.60000 57.00 23.33 101.49 0.00 0.00 -999.00 -999.00 -999.00 -999.00 -999.00 -999.00 0.00 0.00 47.00
2017 186 1 0 -999.00 -999.00 -999.00 -999.00 -999.00 0.80000 52.00 23.33 101.49 0.00 0.00 -999.00 -999.00 -999.00 -999.00 -999.00 -999.00 0.00 0.00 44.00
2017 186 2 0 -999.00 -999.00 -999.00 -999.00 -999.00 1.00000 60.00 23.33 101.49 0.00 0.00 -999.00 -999.00 -999.00 -999.00 -999.00 -999.00 0.00 0.00 46.00
2017 186 3 0 -999.00 -999.00 -999.00 -999.00 -999.00 1.20000 62.00 22.78 101.52 0.00 0.00 -999.00 -999.00 -999.00 -999.00 -999.00 -999.00 0.00 0.00 50.00
2017 186 4 0 -999.00 -999.00 -999.00 -999.00 -999.00 1.40000 57.00 22.22 101.56 0.00 0.00 -999.00 -999.00 -999.00 -999.00 -999.00 -999.00 0.00 0.00 55.00
2017 186 5 0 -999.00 -999.00 -999.00 -999.00 -999.00 1.60000 59.00 21.11 101.59 0.00 104.00 -999.00 -999.00 -999.00 -999.00 -999.00 -999.00 45.00 359.00 60.00
2017 186 6 0 -999.00 -999.00 -999.00 -999.00 -999.00 1.60000 61.00 21.67 101.66 0.00 275.00 -999.00 -999.00 -999.00 -999.00 -999.00 -999.00 76.00 582.00 70.00
2017 186 7 0 -999.00 -999.00 -999.00 -999.00 -999.00 1.50000 56.00 23.33 101.76 0.00 429.00 -999.00 -999.00 -999.00 -999.00 -999.00 -999.00 146.00 545.00 83.00
2017 186 8 0 -999.00 -999.00 -999.00 -999.00 -999.00 1.50000 62.00 23.33 101.79 0.00 514.00 -999.00 -999.00 -999.00 -999.00 -999.00 -999.00 232.00 416.00 92.00
2017 186 9 0 -999.00 -999.00 -999.00 -999.00 -999.00 1.50000 58.00 25.00 101.76 0.00 693.00 -999.00 -999.00 -999.00 -999.00 -999.00 -999.00 154.00 669.00 98.00
2017 186 10 0 -999.00 -999.00 -999.00 -999.00 -999.00 1.60000 54.00 26.67 101.79 0.00 794.00 -999.00 -999.00 -999.00 -999.00 -999.00 -999.00 383.00 457.00 103.00
2017 186 11 0 -999.00 -999.00 -999.00 -999.00 -999.00 1.70000 48.00 28.33 101.79 0.00 949.00 -999.00 -999.00 -999.00 -999.00 -999.00 -999.00 133.00 864.00 111.00
2017 186 12 0 -999.00 -999.00 -999.00 -999.00 -999.00 1.80000 43.00 29.44 101.76 0.00 676.00 -999.00 -999.00 -999.00 -999.00 -999.00 -999.00 493.00 193.00 120.00
2017 186 13 0 -999.00 -999.00 -999.00 -999.00 -999.00 1.80000 51.00 28.33 101.73 0.00 893.00 -999.00 -999.00 -999.00 -999.00 -999.00 -999.00 138.00 840.00 130.00
2017 186 14 0 -999.00 -999.00 -999.00 -999.00 -999.00 1.90000 43.00 28.33 101.73 0.00 787.00 -999.00 -999.00 -999.00 -999.00 -999.00 -999.00 136.00 807.00 137.00
2017 186 15 0 -999.00 -999.00 -999.00 -999.00 -999.00 1.80000 47.00 26.67 101.73 0.00 643.00 -999.00 -999.00 -999.00 -999.00 -999.00 -999.00 125.00 763.00 142.00
2017 186 16 0 -999.00 -999.00 -999.00 -999.00 -999.00 1.60000 47.00 26.11 101.73 0.00 467.00 -999.00 -999.00 -999.00 -999.00 -999.00 -999.00 109.00 686.00 143.00
2017 186 17 0 -999.00 -999.00 -999.00 -999.00 -999.00 1.50000 45.00 25.56 101.69 0.00 280.00 -999.00 -999.00 -999.00 -999.00 -999.00 -999.00 86.00 563.00 143.00
2017 186 18 0 -999.00 -999.00 -999.00 -999.00 -999.00 1.30000 42.00 25.00 101.73 0.00 107.00 -999.00 -999.00 -999.00 -999.00 -999.00 -999.00 51.00 344.00 140.00
2017 186 19 0 -999.00 -999.00 -999.00 -999.00 -999.00 1.40000 48.00 23.89 101.73 0.00 0.00 -999.00 -999.00 -999.00 -999.00 -999.00 -999.00 0.00 0.00 139.00
2017 186 20 0 -999.00 -999.00 -999.00 -999.00 -999.00 1.50000 46.00 23.33 101.76 0.00 0.00 -999.00 -999.00 -999.00 -999.00 -999.00 -999.00 0.00 0.00 139.00
2017 186 21 0 -999.00 -999.00 -999.00 -999.00 -999.00 1.60000 59.00 22.22 101.79 0.00 0.00 -999.00 -999.00 -999.00 -999.00 -999.00 -999.00 0.00 0.00 138.00
2017 186 22 0 -999.00 -999.00 -999.00 -999.00 -999.00 1.60000 59.00 22.78 101.79 0.00 0.00 -999.00 -999.00 -999.00 -999.00 -999.00 -999.00 0.00 0.00 136.00
2017 186 23 0 -999.00 -999.00 -999.00 -999.00 -999.00 1.50000 59.00 22.78 101.76 0.00 0.00 -999.00 -999.00 -999.00 -999.00 -999.00 -999.00 0.00 0.00 134.00
2017 187 0 0 -999.00 -999.00 -999.00 -999.00 -999.00 1.50000 66.00 22.22 101.69 0.00 0.00 -999.00 -999.00 -999.00 -999.00 -999.00 -999.00 0.00 0.00 133.00
2017 187 1 0 -999.00 -999.00 -999.00 -999.00 -999.00 1.50000 73.00 21.67 101.69 0.00 0.00 -999.00 -999.00 -999.00 -999.00 -999.00 -999.00 0.00 0.00 135.00
2017 187 2 0 -999.00 -999.00 -999.00 -999.00 -999.00 1.50000 68.00 22.22 101.63 0.00 0.00 -999.00 -999.00 -999.00 -999.00 -999.00 -999.00 0.00 0.00 137.00
2017 187 3 0 -999.00 -999.00 -999.00 -999.00 -999.00 1.50000 73.00 21.67 101.59 0.00 0.00 -999.00 -999.00 -999.00 -999.00 -999.00 -999.00 0.00 0.00 134.00
2017 187 4 0 -999.00 -999.00 -999.00 -999.00 -999.00 1.50000 68.00 22.22 101.59 0.00 0.00 -999.00 -999.00 -999.00 -999.00 -999.00 -999.00 0.00 0.00 131.00
2017 187 5 0 -999.00 -999.00 -999.00 -999.00 -999.00 1.50000 71.00 22.22 101.59 0.00 26.00 -999.00 -999.00 -999.00 -999.00 -999.00 -999.00 26.00 0.00 133.00
2017 187 6 0 -999.00 -999.00 -999.00 -999.00 -999.00 1.60000 73.00 21.67 101.59 0.00 104.00 -999.00 -999.00 -999.00 -999.00 -999.00 -999.00 102.00 6.00 143.00
2017 187 7 0 -999.00 -999.00 -999.00 -999.00 -999.00 1.60000 71.00 22.22 101.59 0.00 232.00 -999.00 -999.00 -999.00 -999.00 -999.00 -999.00 215.00 33.00 153.00
2017 187 8 0 -999.00 -999.00 -999.00 -999.00 -999.00 1.80000 66.00 22.22 101.59 0.00 301.00 -999.00 -999.00 -999.00 -999.00 -999.00 -999.00 276.00 37.00 158.00
2017 187 9 0 -999.00 -999.00 -999.00 -999.00 -999.00 1.90000 73.00 22.22 101.63 0.00 402.00 -999.00 -999.00 -999.00 -999.00 -999.00 -999.00 347.00 69.00 161.00
2017 187 10 0 -999.00 -999.00 -999.00 -999.00 -999.00 1.90000 73.00 22.22 101.63 0.00 476.00 -999.00 -999.00 -999.00 -999.00 -999.00 -999.00 398.00 88.00 160.00
2017 187 11 0 -999.00 -999.00 -999.00 -999.00 -999.00 1.90000 60.00 23.33 101.56 0.00 374.00 -999.00 -999.00 -999.00 -999.00 -999.00 -999.00 350.00 25.00 157.00
2017 187 12 0 -999.00 -999.00 -999.00 -999.00 -999.00 1.90000 57.00 23.33 101.52 0.00 498.00 -999.00 -999.00 -999.00 -999.00 -999.00 -999.00 417.00 86.00 150.00
2017 187 13 0 -999.00 -999.00 -999.00 -999.00 -999.00 1.90000 62.00 22.78 101.49 0.00 683.00 -999.00 -999.00 -999.00 -999.00 -999.00 -999.00 397.00 318.00 144.00
2017 187 14 0 -999.00 -999.00 -999.00 -999.00 -999.00 2.00000 52.00 23.89 101.42 0.00 635.00 -999.00 -999.00 -999.00 -999.00 -999.00 -999.00 321.00 389.00 140.00
2017 187 15 0 -999.00 -999.00 -999.00 -999.00 -999.00 2.00000 60.00 23.33 101.35 0.00 414.00 -999.00 -999.00 -999.00 -999.00 -999.00 -999.00 300.00 168.00 139.00
2017 187 16 0 -999.00 -999.00 -999.00 -999.00 -999.00 1.90000 55.00 23.89 101.29 0.00 260.00 -999.00 -999.00 -999.00 -999.00 -999.00 -999.00 213.00 90.00 137.00
2017 187 17 0 -999.00 -999.00 -999.00 -999.00 -999.00 1.70000 48.00 23.89 101.22 0.00 251.00 -999.00 -999.00 -999.00 -999.00 -999.00 -999.00 145.00 309.00 133.00
2017 187 18 0 -999.00 -999.00 -999.00 -999.00 -999.00 1.40000 52.00 23.33 101.19 0.00 55.00 -999.00 -999.00 -999.00 -999.00 -999.00 -999.00 54.00 4.00 126.00
2017 187 19 0 -999.00 -999.00 -999.00 -999.00 -999.00 1.30000 57.00 23.33 101.15 0.00 0.00 -999.00 -999.00 -999.00 -999.00 -999.00 -999.00 0.00 0.00 120.00
2017 187 20 0 -999.00 -999.00 -999.00 -999.00 -999.00 1.30000 64.00 22.78 101.15 0.00 0.00 -999.00 -999.00 -999.00 -999.00 -999.00 -999.00 0.00 0.00 120.00
2017 187 21 0 -999.00 -999.00 -999.00 -999.00 -999.00 1.50000 67.50 22.78 101.10 0.00 0.00 -999.00 -999.00 -999.00 -999.00 -999.00 -999.00 0.00 0.00 125.00
2017 187 22 0 -999.00 -999.00 -999.00 -999.00 -999.00 1.70000 75.00 22.78 101.07 0.00 0.00 -999.00 -999.00 -999.00 -999.00 -999.00 -999.00 0.00 0.00 130.00
2017 187 23 0 -999.00 -999.00 -999.00 -999.00 -999.00 2.00000 76.00 22.78 101.02 0.00 0.00 -999.00 -999.00 -999.00 -999.00 -999.00 -999.00 0.00 0.00 124.00
2017 188 0 0 -999.00 -999.00 -999.00 -999.00 -999.00 2.40000 76.00 22.78 100.95 0.00 0.00 -999.00 -999.00 -999.00 -999.00 -999.00 -999.00 0.00 0.00 109.00
2017 188 1 0 -999.00 -999.00 -999.00 -999.00 -999.00 2.70000 79.00 22.22 100.86 0.00 0.00 -999.00 -999.00 -999.00 -999.00 -999.00 -999.00 0.00 0.00 92.00
2017 188 2 0 -999.00 -999.00 -999.00 -999.00 -999.00 2.70000 81.00 21.67 100.78 0.00 0.00 -999.00 -999.00 -999.00 -999.00 -999.00 -999.00 0.00 0.00 79.00
2017 188 3 0 -999.00 -999.00 -999.00 -999.00 -999.00 2.60000 90.50 20.83 100.71 0.25 0.00 -999.00 -999.00 -999.00 -999.00 -999.00 -999.00 0.00 0.00 74.00
2017 188 4 0 -999.00 -999.00 -999.00 -999.00 -999.00 2.50000 90.00 21.11 100.61 0.00 0.00 -999.00 -999.00 -999.00 -999.00 -999.00 -999.00 0.00 0.00 76.00
2017 188 5 0 -999.00 -999.00 -999.00 -999.00 -999.00 2.30000 93.00 21.11 100.58 0.00 18.00 -999.00 -999.00 -999.00 -999.00 -999.00 -999.00 18.00 0.00 83.00
2017 188 6 0 -999.00 -999.00 -999.00 -999.00 -999.00 2.10000 93.00 21.11 100.52 0.00 29.00 -999.00 -999.00 -999.00 -999.00 -999.00 -999.00 29.00 0.00 93.00
2017 188 7 0 -999.00 -999.00 -999.00 -999.00 -999.00 2.00000 95.00 20.74 100.44 0.17 30.00 -999.00 -999.00 -999.00 -999.00 -999.00 -999.00 30.00 0.00 106.00
2017 188 8 0 -999.00 -999.00 -999.00 -999.00 -999.00 1.80000 93.00 21.11 100.41 0.25 90.00 -999.00 -999.00 -999.00 -999.00 -999.00 -999.00 89.00 1.00 117.00
2017 188 9 0 -999.00 -999.00 -999.00 -999.00 -999.00 1.60000 94.50 20.83 100.36 1.59 68.00 -999.00 -999.00 -999.00 -999.00 -999.00 -999.00 68.00 0.00 122.00
2017 188 10 0 -999.00 -999.00 -999.00 -999.00 -999.00 1.30000 96.00 20.28 100.38 9.33 253.00 -999.00 -999.00 -999.00 -999.00 -999.00 -999.00 251.00 2.00 117.00
2017 188 11 0 -999.00 -999.00 -999.00 -999.00 -999.00 1.00000 95.33 20.74 100.34 9.91 523.00 -999.00 -999.00 -999.00 -999.00 -999.00 -999.00 400.00 131.00 93.00
2017 188 12 0 -999.00 -999.00 -999.00 -999.00 -999.00 1.10000 94.00 21.67 100.37 0.51 592.00 -999.00 -999.00 -999.00 -999.00 -999.00 -999.00 357.00 248.00 59.00
2017 188 13 0 -999.00 -999.00 -999.00 -999.00 -999.00 1.60000 87.00 22.78 100.32 0.00 637.00 -999.00 -999.00 -999.00 -999.00 -999.00 -999.00 373.00 295.00 36.00
2017 188 14 0 -999.00 -999.00 -999.00 -999.00 -999.00 2.20000 74.50 24.44 100.30 0.00 766.00 -999.00 -999.00 -999.00 -999.00 -999.00 -999.00 141.00 775.00 22.00
2017 188 15 0 -999.00 -999.00 -999.00 -999.00 -999.00 2.50000 67.00 26.11 100.24 0.00 628.00 -999.00 -999.00 -999.00 -999.00 -999.00 -999.00 119.00 752.00 11.00
2017 188 16 0 -999.00 -999.00 -999.00 -999.00 -999.00 2.10000 67.00 26.11 100.17 0.00 461.00 -999.00 -999.00 -999.00 -999.00 -999.00 -999.00 96.00 703.00 179.00
2017 188 17 0 -999.00 -999.00 -999.00 -999.00 -999.00 1.30000 67.00 26.11 100.17 0.00 280.00 -999.00 -999.00 -999.00 -999.00 -999.00 -999.00 71.00 608.00 341.00
2017 188 18 0 -999.00 -999.00 -999.00 -999.00 -999.00 0.90000 69.00 26.11 100.17 0.00 106.00 -999.00 -999.00 -999.00 -999.00 -999.00 -999.00 45.00 379.00 302.00
2017 188 19 0 -999.00 -999.00 -999.00 -999.00 -999.00 0.70000 71.00 25.00 100.20 0.00 0.00 -999.00 -999.00 -999.00 -999.00 -999.00 -999.00 0.00 0.00 252.00
2017 188 20 0 -999.00 -999.00 -999.00 -999.00 -999.00 0.70000 90.60 22.78 100.25 3.00 0.00 -999.00 -999.00 -999.00 -999.00 -999.00 -999.00 0.00 0.00 219.00
2017 188 21 0 -999.00 -999.00 -999.00 -999.00 -999.00 1.00000 94.00 22.22 100.27 0.51 0.00 -999.00 -999.00 -999.00 -999.00 -999.00 -999.00 0.00 0.00 207.00
2017 188 22 0 -999.00 -999.00 -999.00 -999.00 -999.00 1.30000 96.00 21.67 100.27 0.00 0.00 -999.00 -999.00 -999.00 -999.00 -999.00 -999.00 0.00 0.00 204.00
2017 188 23 0 -999.00 -999.00 -999.00 -999.00 -999.00 1.50000 90.00 21.67 100.30 0.00 0.00 -999.00 -999.00 -999.00 -999.00 -999.00 -999.00 0.00 0.00 207.00
2017 189 0 0 -999.00 -999.00 -999.00 -999.00 -999.00 1.60000 93.00 21.11 100.27 0.00 0.00 -999.00 -999.00 -999.00 -999.00 -999.00 -999.00 0.00 0.00 213.00
2017 189 1 0 -999.00 -999.00 -999.00 -999.00 -999.00 1.50000 93.00 20.56 100.24 0.00 0.00 -999.00 -999.00 -999.00 -999.00 -999.00 -999.00 0.00 0.00 223.00
2017 189 2 0 -999.00 -999.00 -999.00 -999.00 -999.00 1.40000 93.00 21.11 100.24 0.00 0.00 -999.00 -999.00 -999.00 -999.00 -999.00 -999.00 0.00 0.00 230.00
2017 189 3 0 -999.00 -999.00 -999.00 -999.00 -999.00 1.40000 94.00 21.67 100.20 0.00 0.00 -999.00 -999.00 -999.00 -999.00 -999.00 -999.00 0.00 0.00 233.00
2017 189 4 0 -999.00 -999.00 -999.00 -999.00 -999.00 1.50000 93.00 21.11 100.24 0.00 0.00 -999.00 -999.00 -999.00 -999.00 -999.00 -999.00 0.00 0.00 241.00
2017 189 5 0 -999.00 -999.00 -999.00 -999.00 -999.00 1.50000 96.00 20.56 100.27 0.00 101.00 -999.00 -999.00 -999.00 -999.00 -999.00 -999.00 44.00 363.00 251.00
2017 189 6 0 -999.00 -999.00 -999.00 -999.00 -999.00 1.40000 90.00 21.11 100.24 0.00 214.00 -999.00 -999.00 -999.00 -999.00 -999.00 -999.00 170.00 133.00 254.00
2017 189 7 0 -999.00 -999.00 -999.00 -999.00 -999.00 1.30000 87.00 22.22 100.30 0.00 357.00 -999.00 -999.00 -999.00 -999.00 -999.00 -999.00 257.00 194.00 248.00
2017 189 8 0 -999.00 -999.00 -999.00 -999.00 -999.00 1.50000 85.00 23.33 100.30 0.00 510.00 -999.00 -999.00 -999.00 -999.00 -999.00 -999.00 237.00 404.00 240.00
2017 189 9 0 -999.00 -999.00 -999.00 -999.00 -999.00 1.70000 74.00 25.56 100.30 0.00 603.00 -999.00 -999.00 -999.00 -999.00 -999.00 -999.00 248.00 443.00 232.00
2017 189 10 0 -999.00 -999.00 -999.00 -999.00 -999.00 1.90000 74.00 26.11 100.34 0.00 878.00 -999.00 -999.00 -999.00 -999.00 -999.00 -999.00 130.00 836.00 227.00
2017 189 11 0 -999.00 -999.00 -999.00 -999.00 -999.00 2.10000 57.00 28.33 100.27 0.00 814.00 -999.00 -999.00 -999.00 -999.00 -999.00 -999.00 151.00 703.00 225.00
2017 189 12 0 -999.00 -999.00 -999.00 -999.00 -999.00 2.30000 59.00 28.33 100.27 0.00 824.00 -999.00 -999.00 -999.00 -999.00 -999.00 -999.00 308.00 548.00 227.00
2017 189 13 0 -999.00 -999.00 -999.00 -999.00 -999.00 2.40000 58.00 27.78 100.24 0.00 751.00 -999.00 -999.00 -999.00 -999.00 -999.00 -999.00 301.00 501.00 232.00
2017 189 14 0 -999.00 -999.00 -999.00 -999.00 -999.00 2.40000 57.00 28.33 100.24 0.00 663.00 -999.00 -999.00 -999.00 -999.00 -999.00 -999.00 222.00 547.00 239.00
2017 189 15 0 -999.00 -999.00 -999.00 -999.00 -999.00 2.30000 58.00 27.78 100.20 0.00 543.00 -999.00 -999.00 -999.00 -999.00 -999.00 -999.00 177.00 541.00 247.00
2017 189 16 0 -999.00 -999.00 -999.00 -999.00 -999.00 2.00000 55.00 27.78 100.20 0.00 357.00 -999.00 -999.00 -999.00 -999.00 -999.00 -999.00 234.00 238.00 256.00
2017 189 17 0 -999.00 -999.00 -999.00 -999.00 -999.00 1.70000 55.00 27.78 100.24 0.00 108.00 -999.00 -999.00 -999.00 -999.00 -999.00 -999.00 105.00 10.00 266.00
2017 189 18 0 -999.00 -999.00 -999.00 -999.00 -999.00 1.50000 57.00 27.22 100.30 0.00 20.00 -999.00 -999.00 -999.00 -999.00 -999.00 -999.00 20.00 0.00 276.00
2017 189 19 0 -999.00 -999.00 -999.00 -999.00 -999.00 1.40000 56.00 25.56 100.41 0.00 0.00 -999.00 -999.00 -999.00 -999.00 -999.00 -999.00 0.00 0.00 288.00
2017 189 20 0 -999.00 -999.00 -999.00 -999.00 -999.00 1.40000 56.00 25.00 100.44 0.00 0.00 -999.00 -999.00 -999.00 -999.00 -999.00 -999.00 0.00 0.00 303.00
2017 189 21 0 -999.00 -999.00 -999.00 -999.00 -999.00 1.50000 56.00 25.00 100.58 0.00 0.00 -999.00 -999.00 -999.00 -999.00 -999.00 -999.00 0.00 0.00 316.00
2017 189 22 0 -999.00 -999.00 -999.00 -999.00 -999.00 1.70000 58.00 24.44 100.64 0.00 0.00 -999.00 -999.00 -999.00 -999.00 -999.00 -999.00 0.00 0.00 324.00
2017 189 23 0 -999.00 -999.00 -999.00 -999.00 -999.00 1.70000 60.00 23.89 100.68 0.00 0.00 -999.00 -999.00 -999.00 -999.00 -999.00 -999.00 0.00 0.00 324.00
2017 190 0 0 -999.00 -999.00 -999.00 -999.00 -999.00 1.70000 62.00 23.33 100.71 0.00 0.00 -999.00 -999.00 -999.00 -999.00 -999.00 -999.00 0.00 0.00 319.00
2017 190 1 0 -999.00 -999.00 -999.00 -999.00 -999.00 1.60000 59.00 22.78 100.78 0.00 0.00 -999.00 -999.00 -999.00 -999.00 -999.00 -999.00 0.00 0.00 313.00
2017 190 2 0 -999.00 -999.00 -999.00 -999.00 -999.00 1.50000 53.00 22.78 100.78 0.00 0.00 -999.00 -999.00 -999.00 -999.00 -999.00 -999.00 0.00 0.00 309.00
2017 190 3 0 -999.00 -999.00 -999.00 -999.00 -999.00 1.50000 53.00 22.22 100.81 0.00 0.00 -999.00 -999.00 -999.00 -999.00 -999.00 -999.00 0.00 0.00 307.00
2017 190 4 0 -999.00 -999.00 -999.00 -999.00 -999.00 1.60000 57.00 21.11 100.85 0.00 0.00 -999.00 -999.00 -999.00 -999.00 -999.00 -999.00 0.00 0.00 307.00
2017 190 5 0 -999.00 -999.00 -999.00 -999.00 -999.00 1.70000 63.00 19.44 100.91 0.00 109.00 -999.00 -999.00 -999.00 -999.00 -999.00 -999.00 40.00 450.00 307.00
2017 190 6 0 -999.00 -999.00 -999.00 -999.00 -999.00 1.90000 57.00 20.56 101.02 0.00 294.00 -999.00 -999.00 -999.00 -999.00 -999.00 -999.00 62.00 688.00 312.00
2017 190 7 0 -999.00 -999.00 -999.00 -999.00 -999.00 2.00000 57.00 20.56 101.08 0.00 490.00 -999.00 -999.00 -999.00 -999.00 -999.00 -999.00 75.00 807.00 316.00
2017 190 8 0 -999.00 -999.00 -999.00 -999.00 -999.00 1.90000 53.00 21.67 101.12 0.00 672.00 -999.00 -999.00 -999.00 -999.00 -999.00 -999.00 84.00 875.00 308.00
2017 190 9 0 -999.00 -999.00 -999.00 -999.00 -999.00 1.80000 43.00 23.33 101.15 0.00 824.00 -999.00 -999.00 -999.00 -999.00 -999.00 -999.00 90.00 916.00 296.00
2017 190 10 0 -999.00 -999.00 -999.00 -999.00 -999.00 1.70000 46.00 23.89 101.19 0.00 932.00 -999.00 -999.00 -999.00 -999.00 -999.00 -999.00 93.00 939.00 284.00
2017 190 11 0 -999.00 -999.00 -999.00 -999.00 -999.00 1.60000 40.00 25.56 101.22 0.00 989.00 -999.00 -999.00 -999.00 -999.00 -999.00 -999.00 95.00 949.00 274.00
2017 190 12 0 -999.00 -999.00 -999.00 -999.00 -999.00 1.60000 41.00 26.11 101.19 0.00 987.00 -999.00 -999.00 -999.00 -999.00 -999.00 -999.00 94.00 947.00 267.00
2017 190 13 0 -999.00 -999.00 -999.00 -999.00 -999.00 1.50000 44.00 26.67 101.15 0.00 929.00 -999.00 -999.00 -999.00 -999.00 -999.00 -999.00 93.00 933.00 262.00
2017 190 14 0 -999.00 -999.00 -999.00 -999.00 -999.00 1.40000 39.00 26.67 101.15 0.00 820.00 -999.00 -999.00 -999.00 -999.00 -999.00 -999.00 89.00 907.00 258.00
2017 190 15 0 -999.00 -999.00 -999.00 -999.00 -999.00 1.30000 38.00 26.67 101.15 0.00 668.00 -999.00 -999.00 -999.00 -999.00 -999.00 -999.00 83.00 865.00 255.00
2017 190 16 0 -999.00 -999.00 -999.00 -999.00 -999.00 1.30000 37.00 27.22 101.15 0.00 488.00 -999.00 -999.00 -999.00 -999.00 -999.00 -999.00 76.00 793.00 252.00
2017 190 17 0 -999.00 -999.00 -999.00 -999.00 -999.00 1.20000 45.00 25.56 101.12 0.00 295.00 -999.00 -999.00 -999.00 -999.00 -999.00 -999.00 60.00 683.00 247.00
2017 190 18 0 -999.00 -999.00 -999.00 -999.00 -999.00 1.30000 42.00 26.11 101.12 0.00 114.00 -999.00 -999.00 -999.00 -999.00 -999.00 -999.00 38.00 469.00 239.00
2017 190 19 0 -999.00 -999.00 -999.00 -999.00 -999.00 1.50000 43.00 25.56 101.15 0.00 0.00 -999.00 -999.00 -999.00 -999.00 -999.00 -999.00 0.00 0.00 231.00
2017 190 20 0 -999.00 -999.00 -999.00 -999.00 -999.00 1.70000 57.00 23.33 101.19 0.00 0.00 -999.00 -999.00 -999.00 -999.00 -999.00 -999.00 0.00 0.00 227.00
2017 190 21 0 -999.00 -999.00 -999.00 -999.00 -999.00 1.90000 48.00 23.89 101.22 0.00 0.00 -999.00 -999.00 -999.00 -999.00 -999.00 -999.00 0.00 0.00 227.00
2017 190 22 0 -999.00 -999.00 -999.00 -999.00 -999.00 2.00000 46.00 23.89 101.25 0.00 0.00 -999.00 -999.00 -999.00 -999.00 -999.00 -999.00 0.00 0.00 231.00
2017 190 23 0 -999.00 -999.00 -999.00 -999.00 -999.00 2.00000 48.00 23.33 101.29 0.00 0.00 -999.00 -999.00 -999.00 -999.00 -999.00 -999.00 0.00 0.00 235.00
2017 191 0 0 -999.00 -999.00 -999.00 -999.00 -999.00 2.00000 48.00 23.33 101.32 0.00 0.00 -999.00 -999.00 -999.00 -999.00 -999.00 -999.00 0.00 0.00 237.00
2017 191 1 0 -999.00 -999.00 -999.00 -999.00 -999.00 1.90000 48.00 22.78 101.32 0.00 0.00 -999.00 -999.00 -999.00 -999.00 -999.00 -999.00 0.00 0.00 239.00
2017 191 2 0 -999.00 -999.00 -999.00 -999.00 -999.00 1.80000 52.00 22.22 101.32 0.00 0.00 -999.00 -999.00 -999.00 -999.00 -999.00 -999.00 0.00 0.00 241.00
2017 191 3 0 -999.00 -999.00 -999.00 -999.00 -999.00 1.70000 52.00 22.22 101.32 0.00 0.00 -999.00 -999.00 -999.00 -999.00 -999.00 -999.00 0.00 0.00 244.00
2017 191 4 0 -999.00 -999.00 -999.00 -999.00 -999.00 1.70000 55.00 21.11 101.29 0.00 0.00 -999.00 -999.00 -999.00 -999.00 -999.00 -999.00 0.00 0.00 246.00
2017 191 5 0 -999.00 -999.00 -999.00 -999.00 -999.00 1.60000 59.00 20.56 101.25 0.00 104.00 -999.00 -999.00 -999.00 -999.00 -999.00 -999.00 41.00 411.00 244.00
2017 191 6 0 -999.00 -999.00 -999.00 -999.00 -999.00 1.50000 55.00 21.67 101.29 0.00 279.00 -999.00 -999.00 -999.00 -999.00 -999.00 -999.00 72.00 617.00 231.00
2017 191 7 0 -999.00 -999.00 -999.00 -999.00 -999.00 1.50000 53.00 22.78 101.32 0.00 467.00 -999.00 -999.00 -999.00 -999.00 -999.00 -999.00 96.00 725.00 218.00
2017 191 8 0 -999.00 -999.00 -999.00 -999.00 -999.00 1.60000 50.00 23.89 101.35 0.00 375.00 -999.00 -999.00 -999.00 -999.00 -999.00 -999.00 331.00 66.00 214.00
2017 191 9 0 -999.00 -999.00 -999.00 -999.00 -999.00 1.70000 48.00 24.44 101.35 0.00 790.00 -999.00 -999.00 -999.00 -999.00 -999.00 -999.00 127.00 828.00 209.00
2017 191 10 0 -999.00 -999.00 -999.00 -999.00 -999.00 1.90000 50.00 25.00 101.35 0.00 801.00 -999.00 -999.00 -999.00 -999.00 -999.00 -999.00 396.00 453.00 206.00
2017 191 11 0 -999.00 -999.00 -999.00 -999.00 -999.00 2.30000 45.00 27.22 101.35 0.00 684.00 -999.00 -999.00 -999.00 -999.00 -999.00 -999.00 402.00 299.00 201.00
2017 191 12 0 -999.00 -999.00 -999.00 -999.00 -999.00 2.60000 43.00 28.33 101.29 0.00 927.00 -999.00 -999.00 -999.00 -999.00 -999.00 -999.00 175.00 798.00 195.00
2017 191 13 0 -999.00 -999.00 -999.00 -999.00 -999.00 2.90000 49.00 28.33 101.25 0.00 741.00 -999.00 -999.00 -999.00 -999.00 -999.00 -999.00 321.00 468.00 192.00
2017 191 14 0 -999.00 -999.00 -999.00 -999.00 -999.00 3.00000 56.00 27.78 101.19 0.00 657.00 -999.00 -999.00 -999.00 -999.00 -999.00 -999.00 299.00 446.00 191.00
2017 191 15 0 -999.00 -999.00 -999.00 -999.00 -999.00 2.90000 56.00 27.78 101.08 0.00 575.00 -999.00 -999.00 -999.00 -999.00 -999.00 -999.00 250.00 481.00 192.00
2017 191 16 0 -999.00 -999.00 -999.00 -999.00 -999.00 2.80000 61.00 27.22 101.05 0.00 444.00 -999.00 -999.00 -999.00 -999.00 -999.00 -999.00 130.00 605.00 191.00
2017 191 17 0 -999.00 -999.00 -999.00 -999.00 -999.00 2.70000 64.00 26.67 100.98 0.00 119.00 -999.00 -999.00 -999.00 -999.00 -999.00 -999.00 118.00 2.00 188.00
2017 191 18 0 -999.00 -999.00 -999.00 -999.00 -999.00 2.70000 58.00 26.67 100.95 0.00 50.00 -999.00 -999.00 -999.00 -999.00 -999.00 -999.00 50.00 0.00 188.00
2017 191 19 0 -999.00 -999.00 -999.00 -999.00 -999.00 2.70000 64.00 26.11 100.98 0.00 0.00 -999.00 -999.00 -999.00 -999.00 -999.00 -999.00 0.00 0.00 186.00
2017 191 20 0 -999.00 -999.00 -999.00 -999.00 -999.00 2.70000 67.00 25.56 100.98 0.00 0.00 -999.00 -999.00 -999.00 -999.00 -999.00 -999.00 0.00 0.00 179.00
2017 191 21 0 -999.00 -999.00 -999.00 -999.00 -999.00 2.60000 67.00 25.56 101.02 0.00 0.00 -999.00 -999.00 -999.00 -999.00 -999.00 -999.00 0.00 0.00 179.00
2017 191 22 0 -999.00 -999.00 -999.00 -999.00 -999.00 2.40000 64.00 25.56 101.05 0.00 0.00 -999.00 -999.00 -999.00 -999.00 -999.00 -999.00 0.00 0.00 184.00
2017 191 23 0 -999.00 -999.00 -999.00 -999.00 -999.00 2.10000 69.00 25.00 101.05 0.00 0.00 -999.00 -999.00 -999.00 -999.00 -999.00 -999.00 0.00 0.00 189.00
2017 192 0 0 -999.00 -999.00 -999.00 -999.00 -999.00 1.90000 71.00 25.00 100.98 0.00 0.00 -999.00 -999.00 -999.00 -999.00 -999.00 -999.00 0.00 0.00 192.00
2017 192 1 0 -999.00 -999.00 -999.00 -999.00 -999.00 1.60000 74.00 25.00 100.95 0.00 0.00 -999.00 -999.00 -999.00 -999.00 -999.00 -999.00 0.00 0.00 196.00
2017 192 2 0 -999.00 -999.00 -999.00 -999.00 -999.00 1.50000 74.00 25.00 100.88 0.00 0.00 -999.00 -999.00 -999.00 -999.00 -999.00 -999.00 0.00 0.00 198.00
2017 192 3 0 -999.00 -999.00 -999.00 -999.00 -999.00 1.40000 77.00 24.44 100.85 0.00 0.00 -999.00 -999.00 -999.00 -999.00 -999.00 -999.00 0.00 0.00 200.00
2017 192 4 0 -999.00 -999.00 -999.00 -999.00 -999.00 1.50000 74.00 24.44 100.81 0.00 0.00 -999.00 -999.00 -999.00 -999.00 -999.00 -999.00 0.00 0.00 205.00
2017 192 5 0 -999.00 -999.00 -999.00 -999.00 -999.00 1.60000 78.67 23.89 100.85 0.00 58.00 -999.00 -999.00 -999.00 -999.00 -999.00 -999.00 58.00 1.00 213.00
2017 192 6 0 -999.00 -999.00 -999.00 -999.00 -999.00 1.70000 82.00 23.89 100.88 0.00 216.00 -999.00 -999.00 -999.00 -999.00 -999.00 -999.00 144.00 217.00 227.00
2017 192 7 0 -999.00 -999.00 -999.00 -999.00 -999.00 1.70000 79.00 25.00 100.91 0.00 450.00 -999.00 -999.00 -999.00 -999.00 -999.00 -999.00 95.00 695.00 246.00
2017 192 8 0 -999.00 -999.00 -999.00 -999.00 -999.00 1.70000 71.00 25.56 100.95 0.00 345.00 -999.00 -999.00 -999.00 -999.00 -999.00 -999.00 266.00 118.00 258.00
2017 192 9 0 -999.00 -999.00 -999.00 -999.00 -999.00 1.60000 74.00 24.44 100.91 0.00 520.00 -999.00 -999.00 -999.00 -999.00 -999.00 -999.00 322.00 248.00 261.00
2017 192 10 0 -999.00 -999.00 -999.00 -999.00 -999.00 1.50000 71.00 25.56 100.95 0.00 784.00 -999.00 -999.00 -999.00 -999.00 -999.00 -999.00 245.00 605.00 254.00
2017 192 11 0 -999.00 -999.00 -999.00 -999.00 -999.00 1.50000 67.00 27.22 100.91 0.00 566.00 -999.00 -999.00 -999.00 -999.00 -999.00 -999.00 445.00 129.00 244.00
2017 192 12 0 -999.00 -999.00 -999.00 -999.00 -999.00 1.50000 65.00 27.78 100.91 0.00 676.00 -999.00 -999.00 -999.00 -999.00 -999.00 -999.00 375.00 319.00 228.00
2017 192 13 0 -999.00 -999.00 -999.00 -999.00 -999.00 1.50000 63.00 27.78 100.88 0.00 476.00 -999.00 -999.00 -999.00 -999.00 -999.00 -999.00 425.00 57.00 214.00
2017 192 14 0 -999.00 -999.00 -999.00 -999.00 -999.00 1.60000 65.00 27.78 100.88 0.00 478.00 -999.00 -999.00 -999.00 -999.00 -999.00 -999.00 378.00 124.00 212.00
2017 192 15 0 -999.00 -999.00 -999.00 -999.00 -999.00 1.50000 63.00 28.89 100.88 0.00 536.00 -999.00 -999.00 -999.00 -999.00 -999.00 -999.00 304.00 343.00 220.00
2017 192 16 0 -999.00 -999.00 -999.00 -999.00 -999.00 1.40000 59.00 28.89 100.85 0.00 355.00 -999.00 -999.00 -999.00 -999.00 -999.00 -999.00 246.00 211.00 233.00
2017 192 17 0 -999.00 -999.00 -999.00 -999.00 -999.00 1.20000 67.00 27.78 100.85 0.00 128.00 -999.00 -999.00 -999.00 -999.00 -999.00 -999.00 127.00 4.00 248.00
2017 192 18 0 -999.00 -999.00 -999.00 -999.00 -999.00 1.10000 65.00 28.33 100.88 0.00 34.00 -999.00 -999.00 -999.00 -999.00 -999.00 -999.00 34.00 0.00 244.00
2017 192 19 0 -999.00 -999.00 -999.00 -999.00 -999.00 1.20000 61.00 28.89 100.91 0.00 0.00 -999.00 -999.00 -999.00 -999.00 -999.00 -999.00 0.00 0.00 223.00
2017 192 20 0 -999.00 -999.00 -999.00 -999.00 -999.00 1.30000 61.00 28.33 100.88 0.00 0.00 -999.00 -999.00 -999.00 -999.00 -999.00 -999.00 0.00 0.00 213.00
2017 192 21 0 -999.00 -999.00 -999.00 -999.00 -999.00 1.40000 65.00 27.78 100.95 0.00 0.00 -999.00 -999.00 -999.00 -999.00 -999.00 -999.00 0.00 0.00 214.00
2017 192 22 0 -999.00 -999.00 -999.00 -999.00 -999.00 1.40000 67.00 27.22 100.91 0.00 0.00 -999.00 -999.00 -999.00 -999.00 -999.00 -999.00 0.00 0.00 212.00
2017 192 23 0 -999.00 -999.00 -999.00 -999.00 -999.00 1.50000 67.00 27.22 100.91 0.00 0.00 -999.00 -999.00 -999.00 -999.00 -999.00 -999.00 0.00 0.00 211.00
2017 193 0 0 -999.00 -999.00 -999.00 -999.00 -999.00 1.50000 71.00 26.67 100.91 0.00 0.00 -999.00 -999.00 -999.00 -999.00 -999.00 -999.00 0.00 0.00 212.00
2017 193 1 0 -999.00 -999.00 -999.00 -999.00 -999.00 1.40000 77.00 26.11 100.95 0.00 0.00 -999.00 -999.00 -999.00 -999.00 -999.00 -999.00 0.00 0.00 214.00
2017 193 2 0 -999.00 -999.00 -999.00 -999.00 -999.00 1.30000 69.00 26.67 100.98 0.00 0.00 -999.00 -999.00 -999.00 -999.00 -999.00 -999.00 0.00 0.00 220.00
2017 193 3 0 -999.00 -999.00 -999.00 -999.00 -999.00 1.30000 69.00 26.67 100.95 0.00 0.00 -999.00 -999.00 -999.00 -999.00 -999.00 -999.00 0.00 0.00 230.00
2017 193 4 0 -999.00 -999.00 -999.00 -999.00 -999.00 1.40000 72.00 26.11 100.95 0.00 0.00 -999.00 -999.00 -999.00 -999.00 -999.00 -999.00 0.00 0.00 242.00
2017 193 5 0 -999.00 -999.00 -999.00 -999.00 -999.00 1.50000 74.00 25.56 100.98 0.00 53.00 -999.00 -999.00 -999.00 -999.00 -999.00 -999.00 53.00 1.00 250.00
2017 193 6 0 -999.00 -999.00 -999.00 -999.00 -999.00 1.50000 77.00 25.00 100.98 0.00 199.00 -999.00 -999.00 -999.00 -999.00 -999.00 -999.00 172.00 80.00 251.00
2017 193 7 0 -999.00 -999.00 -999.00 -999.00 -999.00 1.60000 74.00 25.56 101.05 0.00 414.00 -999.00 -999.00 -999.00 -999.00 -999.00 -999.00 162.00 495.00 242.00
2017 193 8 0 -999.00 -999.00 -999.00 -999.00 -999.00 1.80000 72.00 26.11 101.08 0.00 398.00 -999.00 -999.00 -999.00 -999.00 -999.00 -999.00 339.00 88.00 236.00
2017 193 9 0 -999.00 -999.00 -999.00 -999.00 -999.00 1.90000 74.00 26.11 101.08 0.00 757.00 -999.00 -999.00 -999.00 -999.00 -999.00 -999.00 128.00 789.00 235.00
2017 193 10 0 -999.00 -999.00 -999.00 -999.00 -999.00 2.10000 67.00 28.33 101.08 0.00 857.00 -999.00 -999.00 -999.00 -999.00 -999.00 -999.00 145.00 799.00 230.00
2017 193 11 0 -999.00 -999.00 -999.00 -999.00 -999.00 2.30000 63.00 29.44 101.05 0.00 801.00 -999.00 -999.00 -999.00 -999.00 -999.00 -999.00 283.00 552.00 227.00
2017 193 12 0 -999.00 -999.00 -999.00 -999.00 -999.00 2.40000 57.00 30.56 101.02 0.00 748.00 -999.00 -999.00 -999.00 -999.00 -999.00 -999.00 461.00 305.00 225.00
2017 193 13 0 -999.00 -999.00 -999.00 -999.00 -999.00 2.40000 57.00 30.00 100.98 0.00 735.00 -999.00 -999.00 -999.00 -999.00 -999.00 -999.00 314.00 471.00 226.00
2017 193 14 0 -999.00 -999.00 -999.00 -999.00 -999.00 2.20000 55.00 30.56 100.91 0.00 647.00 -999.00 -999.00 -999.00 -999.00 -999.00 -999.00 293.00 440.00 229.00
2017 193 15 0 -999.00 -999.00 -999.00 -999.00 -999.00 2.00000 57.00 30.56 100.91 0.00 386.00 -999.00 -999.00 -999.00 -999.00 -999.00 -999.00 340.00 68.00 239.00
2017 193 16 0 -999.00 -999.00 -999.00 -999.00 -999.00 1.80000 55.00 30.56 100.85 0.00 265.00 -999.00 -999.00 -999.00 -999.00 -999.00 -999.00 248.00 33.00 254.00
2017 193 17 0 -999.00 -999.00 -999.00 -999.00 -999.00 1.50000 57.00 30.00 100.91 0.00 223.00 -999.00 -999.00 -999.00 -999.00 -999.00 -999.00 166.00 166.00 266.00
2017 193 18 0 -999.00 -999.00 -999.00 -999.00 -999.00 1.40000 59.00 29.44 100.95 0.00 36.00 -999.00 -999.00 -999.00 -999.00 -999.00 -999.00 36.00 0.00 271.00
2017 193 19 0 -999.00 -999.00 -999.00 -999.00 -999.00 1.40000 57.00 30.00 100.95 0.00 0.00 -999.00 -999.00 -999.00 -999.00 -999.00 -999.00 0.00 0.00 271.00
2017 193 20 0 -999.00 -999.00 -999.00 -999.00 -999.00 1.50000 61.00 29.44 101.05 0.00 0.00 -999.00 -999.00 -999.00 -999.00 -999.00 -999.00 0.00 0.00 266.00
2017 193 21 0 -999.00 -999.00 -999.00 -999.00 -999.00 1.60000 67.00 28.33 101.12 0.00 0.00 -999.00 -999.00 -999.00 -999.00 -999.00 -999.00 0.00 0.00 262.00
2017 193 22 0 -999.00 -999.00 -999.00 -999.00 -999.00 1.70000 72.00 27.22 101.15 0.00 0.00 -999.00 -999.00 -999.00 -999.00 -999.00 -999.00 0.00 0.00 262.00
2017 193 23 0 -999.00 -999.00 -999.00 -999.00 -999.00 1.50000 72.00 27.22 101.15 0.00 0.00 -999.00 -999.00 -999.00 -999.00 -999.00 -999.00 0.00 0.00 266.00
2017 194 0 0 -999.00 -999.00 -999.00 -999.00 -999.00 1.40000 72.00 27.22 101.08 0.00 0.00 -999.00 -999.00 -999.00 -999.00 -999.00 -999.00 0.00 0.00 271.00
2017 194 1 0 -999.00 -999.00 -999.00 -999.00 -999.00 1.30000 72.00 27.22 101.08 0.00 0.00 -999.00 -999.00 -999.00 -999.00 -999.00 -999.00 0.00 0.00 270.00
2017 194 2 0 -999.00 -999.00 -999.00 -999.00 -999.00 1.30000 69.00 27.22 101.08 0.00 0.00 -999.00 -999.00 -999.00 -999.00 -999.00 -999.00 0.00 0.00 256.00
2017 194 3 0 -999.00 -999.00 -999.00 -999.00 -999.00 1.30000 72.00 27.22 101.05 0.00 0.00 -999.00 -999.00 -999.00 -999.00 -999.00 -999.00 0.00 0.00 237.00
2017 194 4 0 -999.00 -999.00 -999.00 -999.00 -999.00 1.60000 74.00 26.67 101.05 0.00 0.00 -999.00 -999.00 -999.00 -999.00 -999.00 -999.00 0.00 0.00 230.00
2017 194 5 0 -999.00 -999.00 -999.00 -999.00 -999.00 1.80000 74.00 26.67 101.08 0.00 60.00 -999.00 -999.00 -999.00 -999.00 -999.00 -999.00 60.00 2.00 235.00
2017 194 6 0 -999.00 -999.00 -999.00 -999.00 -999.00 1.90000 74.00 26.67 101.08 0.00 216.00 -999.00 -999.00 -999.00 -999.00 -999.00 -999.00 170.00 137.00 242.00
2017 194 7 0 -999.00 -999.00 -999.00 -999.00 -999.00 1.80000 67.00 27.78 101.08 0.00 343.00 -999.00 -999.00 -999.00 -999.00 -999.00 -999.00 268.00 149.00 245.00
2017 194 8 0 -999.00 -999.00 -999.00 -999.00 -999.00 1.80000 63.00 28.33 101.08 0.00 505.00 -999.00 -999.00 -999.00 -999.00 -999.00 -999.00 332.00 259.00 244.00
2017 194 9 0 -999.00 -999.00 -999.00 -999.00 -999.00 1.80000 59.00 30.00 101.05 0.00 756.00 -999.00 -999.00 -999.00 -999.00 -999.00 -999.00 144.00 767.00 240.00
2017 194 10 0 -999.00 -999.00 -999.00 -999.00 -999.00 1.80000 57.00 30.56 101.02 0.00 847.00 -999.00 -999.00 -999.00 -999.00 -999.00 -999.00 194.00 734.00 239.00
2017 194 11 0 -999.00 -999.00 -999.00 -999.00 -999.00 1.70000 57.00 31.11 100.98 0.00 558.00 -999.00 -999.00 -999.00 -999.00 -999.00 -999.00 427.00 140.00 245.00
2017 194 12 0 -999.00 -999.00 -999.00 -999.00 -999.00 1.60000 55.00 31.11 100.98 0.00 618.00 -999.00 -999.00 -999.00 -999.00 -999.00 -999.00 404.00 228.00 255.00
2017 194 13 0 -999.00 -999.00 -999.00 -999.00 -999.00 1.50000 55.00 31.67 100.95 0.00 652.00 -999.00 -999.00 -999.00 -999.00 -999.00 -999.00 424.00 255.00 263.00
2017 194 14 0 -999.00 -999.00 -999.00 -999.00 -999.00 1.30000 59.00 31.11 100.95 0.00 464.00 -999.00 -999.00 -999.00 -999.00 -999.00 -999.00 364.00 125.00 271.00
2017 194 15 0 -999.00 -999.00 -999.00 -999.00 -999.00 1.20000 65.00 30.00 100.91 0.00 251.00 -999.00 -999.00 -999.00 -999.00 -999.00 -999.00 242.00 14.00 282.00
2017 194 16 0 -999.00 -999.00 -999.00 -999.00 -999.00 1.00000 65.00 29.44 100.95 0.00 187.00 -999.00 -999.00 -999.00 -999.00 -999.00 -999.00 179.00 14.00 293.00
2017 194 17 0 -999.00 -999.00 -999.00 -999.00 -999.00 0.80000 69.00 26.67 101.02 0.00 112.00 -999.00 -999.00 -999.00 -999.00 -999.00 -999.00 110.00 6.00 299.00
2017 194 18 0 -999.00 -999.00 -999.00 -999.00 -999.00 0.40000 79.00 25.00 101.08 0.00 8.00 -999.00 -999.00 -999.00 -999.00 -999.00 -999.00 8.00 0.00 217.00
2017 194 19 0 -999.00 -999.00 -999.00 -999.00 -999.00 0.30000 74.00 26.11 101.08 0.00 0.00 -999.00 -999.00 -999.00 -999.00 -999.00 -999.00 0.00 0.00 121.00
2017 194 20 0 -999.00 -999.00 -999.00 -999.00 -999.00 0.40000 65.00 27.22 101.08 0.00 0.00 -999.00 -999.00 -999.00 -999.00 -999.00 -999.00 0.00 0.00 98.00
2017 194 21 0 -999.00 -999.00 -999.00 -999.00 -999.00 0.50000 74.60 25.56 101.14 0.00 0.00 -999.00 -999.00 -999.00 -999.00 -999.00 -999.00 0.00 0.00 89.00
2017 194 22 0 -999.00 -999.00 -999.00 -999.00 -999.00 0.60000 82.50 24.17 101.19 0.00 0.00 -999.00 -999.00 -999.00 -999.00 -999.00 -999.00 0.00 0.00 94.00
2017 194 23 0 -999.00 -999.00 -999.00 -999.00 -999.00 0.90000 89.00 23.06 101.24 0.00 0.00 -999.00 -999.00 -999.00 -999.00 -999.00 -999.00 0.00 0.00 102.00
2017 195 0 0 -999.00 -999.00 -999.00 -999.00 -999.00 1.30000 85.50 22.78 101.22 0.00 0.00 -999.00 -999.00 -999.00 -999.00 -999.00 -999.00 0.00 0.00 102.00
2017 195 1 0 -999.00 -999.00 -999.00 -999.00 -999.00 1.80000 81.00 22.78 101.19 0.00 0.00 -999.00 -999.00 -999.00 -999.00 -999.00 -999.00 0.00 0.00 95.00
2017 195 2 0 -999.00 -999.00 -999.00 -999.00 -999.00 2.20000 88.50 21.39 101.25 0.00 0.00 -999.00 -999.00 -999.00 -999.00 -999.00 -999.00 0.00 0.00 87.00
2017 195 3 0 -999.00 -999.00 -999.00 -999.00 -999.00 2.40000 90.00 20.56 101.29 0.00 0.00 -999.00 -999.00 -999.00 -999.00 -999.00 -999.00 0.00 0.00 81.00
2017 195 4 0 -999.00 -999.00 -999.00 -999.00 -999.00 2.50000 93.00 19.44 101.29 0.00 0.00 -999.00 -999.00 -999.00 -999.00 -999.00 -999.00 0.00 0.00 75.00
2017 195 5 0 -999.00 -999.00 -999.00 -999.00 -999.00 2.40000 90.00 18.89 101.35 0.00 17.00 -999.00 -999.00 -999.00 -999.00 -999.00 -999.00 17.00 0.00 72.00
2017 195 6 0 -999.00 -999.00 -999.00 -999.00 -999.00 2.30000 90.00 18.89 101.42 0.00 38.00 -999.00 -999.00 -999.00 -999.00 -999.00 -999.00 38.00 0.00 72.00
2017 195 7 0 -999.00 -999.00 -999.00 -999.00 -999.00 2.30000 97.00 18.33 101.39 0.25 91.00 -999.00 -999.00 -999.00 -999.00 -999.00 -999.00 90.00 1.00 78.00
2017 195 8 0 -999.00 -999.00 -999.00 -999.00 -999.00 2.10000 94.00 18.75 101.43 0.89 121.00 -999.00 -999.00 -999.00 -999.00 -999.00 -999.00 120.00 0.00 88.00
2017 195 9 0 -999.00 -999.00 -999.00 -999.00 -999.00 1.90000 94.33 18.89 101.42 2.46 226.00 -999.00 -999.00 -999.00 -999.00 -999.00 -999.00 223.00 4.00 101.00
2017 195 10 0 -999.00 -999.00 -999.00 -999.00 -999.00 1.90000 93.00 18.89 101.42 1.27 328.00 -999.00 -999.00 -999.00 -999.00 -999.00 -999.00 313.00 17.00 115.00
2017 195 11 0 -999.00 -999.00 -999.00 -999.00 -999.00 2.10000 93.00 19.44 101.35 0.25 387.00 -999.00 -999.00 -999.00 -999.00 -999.00 -999.00 374.00 14.00 124.00
2017 195 12 0 -999.00 -999.00 -999.00 -999.00 -999.00 2.20000 94.50 20.00 101.35 0.00 191.00 -999.00 -999.00 -999.00 -999.00 -999.00 -999.00 190.00 1.00 132.00
2017 195 13 0 -999.00 -999.00 -999.00 -999.00 -999.00 2.10000 92.33 20.00 101.32 0.00 175.00 -999.00 -999.00 -999.00 -999.00 -999.00 -999.00 175.00 1.00 137.00
2017 195 14 0 -999.00 -999.00 -999.00 -999.00 -999.00 2.10000 94.00 20.37 101.24 0.85 223.00 -999.00 -999.00 -999.00 -999.00 -999.00 -999.00 220.00 3.00 130.00
2017 195 15 0 -999.00 -999.00 -999.00 -999.00 -999.00 2.10000 93.00 20.56 101.19 0.51 125.00 -999.00 -999.00 -999.00 -999.00 -999.00 -999.00 124.00 1.00 121.00
2017 195 16 0 -999.00 -999.00 -999.00 -999.00 -999.00 2.20000 95.00 20.56 101.10 1.02 30.00 -999.00 -999.00 -999.00 -999.00 -999.00 -999.00 30.00 0.00 113.00
2017 195 17 0 -999.00 -999.00 -999.00 -999.00 -999.00 2.20000 94.75 20.69 101.14 0.00 63.00 -999.00 -999.00 -999.00 -999.00 -999.00 -999.00 62.00 1.00 108.00
2017 195 18 0 -999.00 -999.00 -999.00 -999.00 -999.00 2.10000 96.00 20.00 101.12 0.00 32.00 -999.00 -999.00 -999.00 -999.00 -999.00 -999.00 32.00 1.00 107.00
2017 195 19 0 -999.00 -999.00 -999.00 -999.00 -999.00 2.20000 93.00 20.56 101.12 0.00 0.00 -999.00 -999.00 -999.00 -999.00 -999.00 -999.00 0.00 0.00 105.00
2017 195 20 0 -999.00 -999.00 -999.00 -999.00 -999.00 2.20000 96.00 20.56 101.05 0.00 0.00 -999.00 -999.00 -999.00 -999.00 -999.00 -999.00 0.00 0.00 101.00
2017 195 21 0 -999.00 -999.00 -999.00 -999.00 -999.00 2.20000 95.00 20.56 101.10 0.00 0.00 -999.00 -999.00 -999.00 -999.00 -999.00 -999.00 0.00 0.00 99.00
2017 195 22 0 -999.00 -999.00 -999.00 -999.00 -999.00 2.10000 96.00 20.00 101.07 0.00 0.00 -999.00 -999.00 -999.00 -999.00 -999.00 -999.00 0.00 0.00 105.00
2017 195 23 0 -999.00 -999.00 -999.00 -999.00 -999.00 1.80000 94.50 20.28 100.97 0.00 0.00 -999.00 -999.00 -999.00 -999.00 -999.00 -999.00 0.00 0.00 115.00
2017 196 0 0 -999.00 -999.00 -999.00 -999.00 -999.00 1.50000 95.67 20.65 100.98 0.00 0.00 -999.00 -999.00 -999.00 -999.00 -999.00 -999.00 0.00 0.00 128.00
2017 196 1 0 -999.00 -999.00 -999.00 -999.00 -999.00 1.20000 95.33 20.74 100.98 0.00 0.00 -999.00 -999.00 -999.00 -999.00 -999.00 -999.00 0.00 0.00 131.00
2017 196 2 0 -999.00 -999.00 -999.00 -999.00 -999.00 0.80000 95.33 20.00 100.90 0.00 0.00 -999.00 -999.00 -999.00 -999.00 -999.00 -999.00 0.00 0.00 85.00
2017 196 3 0 -999.00 -999.00 -999.00 -999.00 -999.00 0.60000 96.00 20.00 100.88 0.00 0.00 -999.00 -999.00 -999.00 -999.00 -999.00 -999.00 0.00 0.00 24.00
2017 196 4 0 -999.00 -999.00 -999.00 -999.00 -999.00 0.80000 95.67 20.00 100.88 0.00 0.00 -999.00 -999.00 -999.00 -999.00 -999.00 -999.00 0.00 0.00 6.00
2017 196 5 0 -999.00 -999.00 -999.00 -999.00 -999.00 1.10000 96.00 20.00 100.85 0.00 44.00 -999.00 -999.00 -999.00 -999.00 -999.00 -999.00 44.00 0.00 5.00
2017 196 6 0 -999.00 -999.00 -999.00 -999.00 -999.00 1.40000 94.75 20.00 100.95 0.00 98.00 -999.00 -999.00 -999.00 -999.00 -999.00 -999.00 98.00 1.00 181.00
2017 196 7 0 -999.00 -999.00 -999.00 -999.00 -999.00 1.60000 94.50 20.56 100.95 0.00 389.00 -999.00 -999.00 -999.00 -999.00 -999.00 -999.00 190.00 397.00 356.00
2017 196 8 0 -999.00 -999.00 -999.00 -999.00 -999.00 1.70000 93.50 21.39 100.97 0.00 277.00 -999.00 -999.00 -999.00 -999.00 -999.00 -999.00 271.00 9.00 348.00
2017 196 9 0 -999.00 -999.00 -999.00 -999.00 -999.00 1.60000 87.50 22.22 100.95 0.00 681.00 -999.00 -999.00 -999.00 -999.00 -999.00 -999.00 245.00 549.00 335.00
2017 196 10 0 -999.00 -999.00 -999.00 -999.00 -999.00 1.40000 79.00 23.89 100.91 0.00 866.00 -999.00 -999.00 -999.00 -999.00 -999.00 -999.00 155.00 800.00 316.00
2017 196 11 0 -999.00 -999.00 -999.00 -999.00 -999.00 1.20000 72.00 26.11 100.88 0.00 688.00 -999.00 -999.00 -999.00 -999.00 -999.00 -999.00 495.00 207.00 296.00
2017 196 12 0 -999.00 -999.00 -999.00 -999.00 -999.00 0.90000 64.00 26.67 100.85 0.00 838.00 -999.00 -999.00 -999.00 -999.00 -999.00 -999.00 394.00 474.00 278.00
2017 196 13 0 -999.00 -999.00 -999.00 -999.00 -999.00 0.90000 55.00 28.33 100.78 0.00 689.00 -999.00 -999.00 -999.00 -999.00 -999.00 -999.00 461.00 256.00 268.00
2017 196 14 0 -999.00 -999.00 -999.00 -999.00 -999.00 0.90000 51.00 28.33 100.78 0.00 500.00 -999.00 -999.00 -999.00 -999.00 -999.00 -999.00 410.00 113.00 266.00
2017 196 15 0 -999.00 -999.00 -999.00 -999.00 -999.00 0.90000 51.00 27.78 100.75 0.00 626.00 -999.00 -999.00 -999.00 -999.00 -999.00 -999.00 127.00 743.00 268.00
2017 196 16 0 -999.00 -999.00 -999.00 -999.00 -999.00 0.80000 49.00 28.33 100.71 0.00 355.00 -999.00 -999.00 -999.00 -999.00 -999.00 -999.00 267.00 172.00 274.00
2017 196 17 0 -999.00 -999.00 -999.00 -999.00 -999.00 0.80000 51.00 27.78 100.71 0.00 265.00 -999.00 -999.00 -999.00 -999.00 -999.00 -999.00 86.00 533.00 279.00
2017 196 18 0 -999.00 -999.00 -999.00 -999.00 -999.00 0.80000 51.00 27.22 100.71 0.00 55.00 -999.00 -999.00 -999.00 -999.00 -999.00 -999.00 55.00 1.00 282.00
2017 196 19 0 -999.00 -999.00 -999.00 -999.00 -999.00 0.90000 51.00 26.67 100.75 0.00 0.00 -999.00 -999.00 -999.00 -999.00 -999.00 -999.00 0.00 0.00 285.00
2017 196 20 0 -999.00 -999.00 -999.00 -999.00 -999.00 0.90000 52.00 26.11 100.78 0.00 0.00 -999.00 -999.00 -999.00 -999.00 -999.00 -999.00 0.00 0.00 289.00
2017 196 21 0 -999.00 -999.00 -999.00 -999.00 -999.00 0.90000 52.00 25.56 100.88 0.00 0.00 -999.00 -999.00 -999.00 -999.00 -999.00 -999.00 0.00 0.00 295.00
2017 196 22 0 -999.00 -999.00 -999.00 -999.00 -999.00 1.00000 58.00 24.44 100.88 0.00 0.00 -999.00 -999.00 -999.00 -999.00 -999.00 -999.00 0.00 0.00 305.00
2017 196 23 0 -999.00 -999.00 -999.00 -999.00 -999.00 1.10000 62.00 23.89 100.88 0.00 0.00 -999.00 -999.00 -999.00 -999.00 -999.00 -999.00 0.00 0.00 319.00
2017 197 0 0 -999.00 -999.00 -999.00 -999.00 -999.00 1.20000 66.00 22.78 100.88 0.00 0.00 -999.00 -999.00 -999.00 -999.00 -999.00 -999.00 0.00 0.00 333.00
2017 197 1 0 -999.00 -999.00 -999.00 -999.00 -999.00 1.30000 66.00 22.78 100.88 0.00 0.00 -999.00 -999.00 -999.00 -999.00 -999.00 -999.00 0.00 0.00 342.00
2017 197 2 0 -999.00 -999.00 -999.00 -999.00 -999.00 1.40000 73.00 21.67 100.88 0.00 0.00 -999.00 -999.00 -999.00 -999.00 -999.00 -999.00 0.00 0.00 343.00
2017 197 3 0 -999.00 -999.00 -999.00 -999.00 -999.00 1.50000 76.00 21.11 100.85 0.00 0.00 -999.00 -999.00 -999.00 -999.00 -999.00 -999.00 0.00 0.00 337.00
2017 197 4 0 -999.00 -999.00 -999.00 -999.00 -999.00 1.70000 76.00 21.11 100.88 0.00 0.00 -999.00 -999.00 -999.00 -999.00 -999.00 -999.00 0.00 0.00 332.00
2017 197 5 0 -999.00 -999.00 -999.00 -999.00 -999.00 1.60000 78.00 20.56 100.95 0.00 93.00 -999.00 -999.00 -999.00 -999.00 -999.00 -999.00 37.00 395.00 332.00
2017 197 6 0 -999.00 -999.00 -999.00 -999.00 -999.00 1.40000 76.00 21.11 100.98 0.00 268.00 -999.00 -999.00 -999.00 -999.00 -999.00 -999.00 62.00 634.00 345.00
2017 197 7 0 -999.00 -999.00 -999.00 -999.00 -999.00 1.10000 76.00 21.67 101.02 0.00 457.00 -999.00 -999.00 -999.00 -999.00 -999.00 -999.00 78.00 755.00 357.00
2017 197 8 0 -999.00 -999.00 -999.00 -999.00 -999.00 0.50000 71.00 22.78 101.02 0.00 634.00 -999.00 -999.00 -999.00 -999.00 -999.00 -999.00 90.00 822.00 327.00
2017 197 9 0 -999.00 -999.00 -999.00 -999.00 -999.00 0.30000 60.00 25.00 100.98 0.00 782.00 -999.00 -999.00 -999.00 -999.00 -999.00 -999.00 100.00 860.00 264.00
2017 197 10 0 -999.00 -999.00 -999.00 -999.00 -999.00 0.50000 54.00 26.11 100.98 0.00 888.00 -999.00 -999.00 -999.00 -999.00 -999.00 -999.00 106.00 882.00 223.00
2017 197 11 0 -999.00 -999.00 -999.00 -999.00 -999.00 0.70000 51.00 27.22 100.95 0.00 944.00 -999.00 -999.00 -999.00 -999.00 -999.00 -999.00 112.00 890.00 211.00
2017 197 12 0 -999.00 -999.00 -999.00 -999.00 -999.00 0.80000 46.00 28.89 100.95 0.00 944.00 -999.00 -999.00 -999.00 -999.00 -999.00 -999.00 112.00 888.00 204.00
2017 197 13 0 -999.00 -999.00 -999.00 -999.00 -999.00 0.90000 48.00 28.33 100.91 0.00 893.00 -999.00 -999.00 -999.00 -999.00 -999.00 -999.00 106.00 883.00 196.00
2017 197 14 0 -999.00 -999.00 -999.00 -999.00 -999.00 1.10000 51.00 28.89 100.88 0.00 787.00 -999.00 -999.00 -999.00 -999.00 -999.00 -999.00 105.00 852.00 191.00
2017 197 15 0 -999.00 -999.00 -999.00 -999.00 -999.00 1.20000 46.00 29.44 100.88 0.00 638.00 -999.00 -999.00 -999.00 -999.00 -999.00 -999.00 100.00 802.00 190.00
2017 197 16 0 -999.00 -999.00 -999.00 -999.00 -999.00 1.30000 55.00 27.78 100.91 0.00 460.00 -999.00 -999.00 -999.00 -999.00 -999.00 -999.00 90.00 721.00 191.00
2017 197 17 0 -999.00 -999.00 -999.00 -999.00 -999.00 1.40000 55.00 27.78 100.88 0.00 270.00 -999.00 -999.00 -999.00 -999.00 -999.00 -999.00 74.00 587.00 186.00
2017 197 18 0 -999.00 -999.00 -999.00 -999.00 -999.00 1.60000 58.00 27.22 100.91 0.00 96.00 -999.00 -999.00 -999.00 -999.00 -999.00 -999.00 44.00 346.00 180.00
2017 197 19 0 -999.00 -999.00 -999.00 -999.00 -999.00 1.80000 64.00 25.56 100.95 0.00 0.00 -999.00 -999.00 -999.00 -999.00 -999.00 -999.00 0.00 0.00 179.00
2017 197 20 0 -999.00 -999.00 -999.00 -999.00 -999.00 1.70000 64.00 25.00 101.02 0.00 0.00 -999.00 -999.00 -999.00 -999.00 -999.00 -999.00 0.00 0.00 185.00
2017 197 21 0 -999.00 -999.00 -999.00 -999.00 -999.00 1.60000 64.00 25.00 101.08 0.00 0.00 -999.00 -999.00 -999.00 -999.00 -999.00 -999.00 0.00 0.00 193.00
2017 197 22 0 -999.00 -999.00 -999.00 -999.00 -999.00 1.50000 67.00 24.44 101.12 0.00 0.00 -999.00 -999.00 -999.00 -999.00 -999.00 -999.00 0.00 0.00 203.00
2017 197 23 0 -999.00 -999.00 -999.00 -999.00 -999.00 1.30000 69.00 24.44 101.12 0.00 0.00 -999.00 -999.00 -999.00 -999.00 -999.00 -999.00 0.00 0.00 210.00
2017 198 0 0 -999.00 -999.00 -999.00 -999.00 -999.00 1.20000 71.00 23.89 101.12 0.00 0.00 -999.00 -999.00 -999.00 -999.00 -999.00 -999.00 0.00 0.00 215.00
2017 198 1 0 -999.00 -999.00 -999.00 -999.00 -999.00 1.20000 71.00 23.89 101.12 0.00 0.00 -999.00 -999.00 -999.00 -999.00 -999.00 -999.00 0.00 0.00 219.00
2017 198 2 0 -999.00 -999.00 -999.00 -999.00 -999.00 1.20000 76.00 23.33 101.08 0.00 0.00 -999.00 -999.00 -999.00 -999.00 -999.00 -999.00 0.00 0.00 224.00
2017 198 3 0 -999.00 -999.00 -999.00 -999.00 -999.00 1.20000 76.00 23.33 101.12 0.00 0.00 -999.00 -999.00 -999.00 -999.00 -999.00 -999.00 0.00 0.00 228.00
2017 198 4 0 -999.00 -999.00 -999.00 -999.00 -999.00 1.10000 79.00 22.78 101.12 0.00 0.00 -999.00 -999.00 -999.00 -999.00 -999.00 -999.00 0.00 0.00 232.00
2017 198 5 0 -999.00 -999.00 -999.00 -999.00 -999.00 0.90000 76.00 23.33 101.19 0.00 80.00 -999.00 -999.00 -999.00 -999.00 -999.00 -999.00 47.00 234.00 235.00
2017 198 6 0 -999.00 -999.00 -999.00 -999.00 -999.00 0.70000 79.00 23.33 101.22 0.00 243.00 -999.00 -999.00 -999.00 -999.00 -999.00 -999.00 93.00 468.00 228.00
2017 198 7 0 -999.00 -999.00 -999.00 -999.00 -999.00 0.60000 69.00 25.00 101.25 0.00 425.00 -999.00 -999.00 -999.00 -999.00 -999.00 -999.00 126.00 599.00 204.00
2017 198 8 0 -999.00 -999.00 -999.00 -999.00 -999.00 0.80000 60.00 26.67 101.25 0.00 454.00 -999.00 -999.00 -999.00 -999.00 -999.00 -999.00 354.00 151.00 179.00
2017 198 9 0 -999.00 -999.00 -999.00 -999.00 -999.00 1.10000 62.00 27.22 101.29 0.00 743.00 -999.00 -999.00 -999.00 -999.00 -999.00 -999.00 168.00 726.00 169.00
2017 198 10 0 -999.00 -999.00 -999.00 -999.00 -999.00 1.40000 67.00 26.11 101.29 0.00 597.00 -999.00 -999.00 -999.00 -999.00 -999.00 -999.00 410.00 211.00 168.00
2017 198 11 0 -999.00 -999.00 -999.00 -999.00 -999.00 1.70000 53.00 29.44 101.29 0.00 759.00 -999.00 -999.00 -999.00 -999.00 -999.00 -999.00 400.00 383.00 167.00
2017 198 12 0 -999.00 -999.00 -999.00 -999.00 -999.00 1.90000 60.00 27.78 101.29 0.00 767.00 -999.00 -999.00 -999.00 -999.00 -999.00 -999.00 416.00 375.00 166.00
2017 198 13 0 -999.00 -999.00 -999.00 -999.00 -999.00 2.00000 57.00 29.44 101.22 0.00 784.00 -999.00 -999.00 -999.00 -999.00 -999.00 -999.00 285.00 561.00 166.00
2017 198 14 0 -999.00 -999.00 -999.00 -999.00 -999.00 2.00000 65.00 27.78 101.22 0.00 670.00 -999.00 -999.00 -999.00 -999.00 -999.00 -999.00 293.00 472.00 166.00
2017 198 15 0 -999.00 -999.00 -999.00 -999.00 -999.00 1.90000 66.25 28.06 101.22 0.00 529.00 -999.00 -999.00 -999.00 -999.00 -999.00 -999.00 267.00 391.00 165.00
2017 198 16 0 -999.00 -999.00 -999.00 -999.00 -999.00 1.70000 68.33 27.41 101.22 0.00 430.00 -999.00 -999.00 -999.00 -999.00 -999.00 -999.00 138.00 573.00 162.00
2017 198 17 0 -999.00 -999.00 -999.00 -999.00 -999.00 1.50000 69.00 26.67 101.24 0.00 250.00 -999.00 -999.00 -999.00 -999.00 -999.00 -999.00 104.00 438.00 155.00
2017 198 18 0 -999.00 -999.00 -999.00 -999.00 -999.00 1.40000 74.00 26.11 101.29 0.00 57.00 -999.00 -999.00 -999.00 -999.00 -999.00 -999.00 57.00 1.00 149.00
2017 198 19 0 -999.00 -999.00 -999.00 -999.00 -999.00 1.40000 76.00 25.56 101.35 0.00 0.00 -999.00 -999.00 -999.00 -999.00 -999.00 -999.00 0.00 0.00 147.00
2017 198 20 0 -999.00 -999.00 -999.00 -999.00 -999.00 1.40000 79.00 25.56 101.32 0.00 0.00 -999.00 -999.00 -999.00 -999.00 -999.00 -999.00 0.00 0.00 149.00
2017 198 21 0 -999.00 -999.00 -999.00 -999.00 -999.00 1.40000 85.00 25.00 101.29 0.00 0.00 -999.00 -999.00 -999.00 -999.00 -999.00 -999.00 0.00 0.00 154.00
2017 198 22 0 -999.00 -999.00 -999.00 -999.00 -999.00 1.40000 85.00 25.00 101.34 0.00 0.00 -999.00 -999.00 -999.00 -999.00 -999.00 -999.00 0.00 0.00 161.00
2017 198 23 0 -999.00 -999.00 -999.00 -999.00 -999.00 1.30000 85.00 25.00 101.37 0.00 0.00 -999.00 -999.00 -999.00 -999.00 -999.00 -999.00 0.00 0.00 170.00
2017 199 0 0 -999.00 -999.00 -999.00 -999.00 -999.00 1.30000 82.00 25.00 101.35 0.00 0.00 -999.00 -999.00 -999.00 -999.00 -999.00 -999.00 0.00 0.00 180.00
2017 199 1 0 -999.00 -999.00 -999.00 -999.00 -999.00 1.30000 79.00 24.44 101.35 0.00 0.00 -999.00 -999.00 -999.00 -999.00 -999.00 -999.00 0.00 0.00 191.00
2017 199 2 0 -999.00 -999.00 -999.00 -999.00 -999.00 1.30000 82.00 23.89 101.35 0.00 0.00 -999.00 -999.00 -999.00 -999.00 -999.00 -999.00 0.00 0.00 202.00
2017 199 3 0 -999.00 -999.00 -999.00 -999.00 -999.00 1.10000 76.00 23.89 101.35 0.00 0.00 -999.00 -999.00 -999.00 -999.00 -999.00 -999.00 0.00 0.00 208.00
2017 199 4 0 -999.00 -999.00 -999.00 -999.00 -999.00 1.00000 79.00 23.89 101.35 0.00 0.00 -999.00 -999.00 -999.00 -999.00 -999.00 -999.00 0.00 0.00 208.00
2017 199 5 0 -999.00 -999.00 -999.00 -999.00 -999.00 1.00000 85.00 23.33 101.39 0.00 81.00 -999.00 -999.00 -999.00 -999.00 -999.00 -999.00 44.00 268.00 207.00
2017 199 6 0 -999.00 -999.00 -999.00 -999.00 -999.00 0.90000 79.00 24.44 101.39 0.00 248.00 -999.00 -999.00 -999.00 -999.00 -999.00 -999.00 83.00 515.00 207.00
2017 199 7 0 -999.00 -999.00 -999.00 -999.00 -999.00 0.80000 82.00 24.44 101.46 0.00 433.00 -999.00 -999.00 -999.00 -999.00 -999.00 -999.00 106.00 655.00 200.00
2017 199 8 0 -999.00 -999.00 -999.00 -999.00 -999.00 0.80000 74.00 25.56 101.49 0.00 609.00 -999.00 -999.00 -999.00 -999.00 -999.00 -999.00 122.00 739.00 190.00
2017 199 9 0 -999.00 -999.00 -999.00 -999.00 -999.00 1.00000 69.00 26.67 101.49 0.00 758.00 -999.00 -999.00 -999.00 -999.00 -999.00 -999.00 131.00 792.00 186.00
2017 199 10 0 -999.00 -999.00 -999.00 -999.00 -999.00 1.20000 65.00 27.78 101.46 0.00 871.00 -999.00 -999.00 -999.00 -999.00 -999.00 -999.00 123.00 847.00 186.00
2017 199 11 0 -999.00 -999.00 -999.00 -999.00 -999.00 1.40000 57.00 29.44 101.46 0.00 925.00 -999.00 -999.00 -999.00 -999.00 -999.00 -999.00 133.00 848.00 186.00
2017 199 12 0 -999.00 -999.00 -999.00 -999.00 -999.00 1.60000 53.00 30.56 101.39 0.00 923.00 -999.00 -999.00 -999.00 -999.00 -999.00 -999.00 139.00 839.00 185.00
2017 199 13 0 -999.00 -999.00 -999.00 -999.00 -999.00 1.70000 53.00 30.56 101.32 0.00 860.00 -999.00 -999.00 -999.00 -999.00 -999.00 -999.00 161.00 787.00 186.00
2017 199 14 0 -999.00 -999.00 -999.00 -999.00 -999.00 1.80000 59.00 30.00 101.29 0.00 754.00 -999.00 -999.00 -999.00 -999.00 -999.00 -999.00 156.00 749.00 186.00
2017 199 15 0 -999.00 -999.00 -999.00 -999.00 -999.00 1.80000 67.00 28.33 101.29 0.00 610.00 -999.00 -999.00 -999.00 -999.00 -999.00 -999.00 143.00 699.00 185.00
2017 199 16 0 -999.00 -999.00 -999.00 -999.00 -999.00 1.90000 63.00 28.89 101.25 0.00 436.00 -999.00 -999.00 -999.00 -999.00 -999.00 -999.00 126.00 608.00 185.00
2017 199 17 0 -999.00 -999.00 -999.00 -999.00 -999.00 1.90000 65.00 28.33 101.25 0.00 252.00 -999.00 -999.00 -999.00 -999.00 -999.00 -999.00 99.00 463.00 184.00
2017 199 18 0 -999.00 -999.00 -999.00 -999.00 -999.00 1.90000 65.00 27.78 101.29 0.00 87.00 -999.00 -999.00 -999.00 -999.00 -999.00 -999.00 52.00 231.00 181.00
2017 199 19 0 -999.00 -999.00 -999.00 -999.00 -999.00 1.90000 67.00 26.67 101.25 0.00 0.00 -999.00 -999.00 -999.00 -999.00 -999.00 -999.00 0.00 0.00 181.00
2017 199 20 0 -999.00 -999.00 -999.00 -999.00 -999.00 1.90000 71.00 26.67 101.29 0.00 0.00 -999.00 -999.00 -999.00 -999.00 -999.00 -999.00 0.00 0.00 185.00
2017 199 21 0 -999.00 -999.00 -999.00 -999.00 -999.00 1.70000 74.00 26.67 101.32 0.00 0.00 -999.00 -999.00 -999.00 -999.00 -999.00 -999.00 0.00 0.00 192.00
2017 199 22 0 -999.00 -999.00 -999.00 -999.00 -999.00 1.70000 74.00 26.67 101.32 0.00 0.00 -999.00 -999.00 -999.00 -999.00 -999.00 -999.00 0.00 0.00 203.00
2017 199 23 0 -999.00 -999.00 -999.00 -999.00 -999.00 1.70000 77.00 26.11 101.32 0.00 0.00 -999.00 -999.00 -999.00 -999.00 -999.00 -999.00 0.00 0.00 214.00
2017 200 0 0 -999.00 -999.00 -999.00 -999.00 -999.00 1.60000 77.00 26.11 101.32 0.00 0.00 -999.00 -999.00 -999.00 -999.00 -999.00 -999.00 0.00 0.00 225.00
2017 200 1 0 -999.00 -999.00 -999.00 -999.00 -999.00 1.60000 79.00 25.56 101.32 0.00 0.00 -999.00 -999.00 -999.00 -999.00 -999.00 -999.00 0.00 0.00 234.00
2017 200 2 0 -999.00 -999.00 -999.00 -999.00 -999.00 1.50000 79.00 25.56 101.29 0.00 0.00 -999.00 -999.00 -999.00 -999.00 -999.00 -999.00 0.00 0.00 240.00
2017 200 3 0 -999.00 -999.00 -999.00 -999.00 -999.00 1.50000 82.00 25.00 101.25 0.00 0.00 -999.00 -999.00 -999.00 -999.00 -999.00 -999.00 0.00 0.00 242.00
2017 200 4 0 -999.00 -999.00 -999.00 -999.00 -999.00 1.50000 82.00 25.00 101.25 0.00 0.00 -999.00 -999.00 -999.00 -999.00 -999.00 -999.00 0.00 0.00 241.00
2017 200 5 0 -999.00 -999.00 -999.00 -999.00 -999.00 1.50000 85.00 25.00 101.25 0.00 77.00 -999.00 -999.00 -999.00 -999.00 -999.00 -999.00 47.00 223.00 239.00
2017 200 6 0 -999.00 -999.00 -999.00 -999.00 -999.00 1.40000 85.00 25.00 101.25 0.00 241.00 -999.00 -999.00 -999.00 -999.00 -999.00 -999.00 92.00 468.00 243.00
2017 200 7 0 -999.00 -999.00 -999.00 -999.00 -999.00 1.30000 79.00 26.11 101.29 0.00 423.00 -999.00 -999.00 -999.00 -999.00 -999.00 -999.00 118.00 615.00 251.00
2017 200 8 0 -999.00 -999.00 -999.00 -999.00 -999.00 1.30000 74.00 27.22 101.29 0.00 599.00 -999.00 -999.00 -999.00 -999.00 -999.00 -999.00 135.00 706.00 252.00
2017 200 9 0 -999.00 -999.00 -999.00 -999.00 -999.00 1.30000 70.00 28.33 101.25 0.00 747.00 -999.00 -999.00 -999.00 -999.00 -999.00 -999.00 146.00 761.00 249.00
2017 200 10 0 -999.00 -999.00 -999.00 -999.00 -999.00 1.40000 61.00 29.44 101.25 0.00 861.00 -999.00 -999.00 -999.00 -999.00 -999.00 -999.00 141.00 815.00 243.00
2017 200 11 0 -999.00 -999.00 -999.00 -999.00 -999.00 1.50000 40.00 31.11 101.22 0.00 919.00 -999.00 -999.00 -999.00 -999.00 -999.00 -999.00 143.00 832.00 237.00
2017 200 12 0 -999.00 -999.00 -999.00 -999.00 -999.00 1.70000 34.00 32.22 101.15 0.00 924.00 -999.00 -999.00 -999.00 -999.00 -999.00 -999.00 141.00 838.00 233.00
2017 200 13 0 -999.00 -999.00 -999.00 -999.00 -999.00 1.70000 38.00 32.78 101.08 0.00 872.00 -999.00 -999.00 -999.00 -999.00 -999.00 -999.00 133.00 832.00 231.00
2017 200 14 0 -999.00 -999.00 -999.00 -999.00 -999.00 1.70000 41.00 32.22 101.05 0.00 747.00 -999.00 -999.00 -999.00 -999.00 -999.00 -999.00 291.00 573.00 231.00
2017 200 15 0 -999.00 -999.00 -999.00 -999.00 -999.00 1.70000 42.00 32.22 101.02 0.00 496.00 -999.00 -999.00 -999.00 -999.00 -999.00 -999.00 337.00 239.00 233.00
2017 200 16 0 -999.00 -999.00 -999.00 -999.00 -999.00 1.70000 44.00 32.78 100.98 0.00 447.00 -999.00 -999.00 -999.00 -999.00 -999.00 -999.00 104.00 675.00 239.00
2017 200 17 0 -999.00 -999.00 -999.00 -999.00 -999.00 1.60000 48.00 31.67 100.95 0.00 260.00 -999.00 -999.00 -999.00 -999.00 -999.00 -999.00 80.00 546.00 249.00
2017 200 18 0 -999.00 -999.00 -999.00 -999.00 -999.00 1.60000 45.00 31.67 100.95 0.00 90.00 -999.00 -999.00 -999.00 -999.00 -999.00 -999.00 44.00 316.00 265.00
2017 200 19 0 -999.00 -999.00 -999.00 -999.00 -999.00 1.70000 45.00 31.67 100.95 0.00 0.00 -999.00 -999.00 -999.00 -999.00 -999.00 -999.00 0.00 0.00 279.00
2017 200 20 0 -999.00 -999.00 -999.00 -999.00 -999.00 1.60000 48.00 31.11 101.05 0.00 0.00 -999.00 -999.00 -999.00 -999.00 -999.00 -999.00 0.00 0.00 289.00
2017 200 21 0 -999.00 -999.00 -999.00 -999.00 -999.00 1.60000 53.00 29.44 101.05 0.00 0.00 -999.00 -999.00 -999.00 -999.00 -999.00 -999.00 0.00 0.00 300.00
2017 200 22 0 -999.00 -999.00 -999.00 -999.00 -999.00 1.60000 53.00 29.44 101.05 0.00 0.00 -999.00 -999.00 -999.00 -999.00 -999.00 -999.00 0.00 0.00 307.00
2017 200 23 0 -999.00 -999.00 -999.00 -999.00 -999.00 1.50000 55.00 28.89 101.05 0.00 0.00 -999.00 -999.00 -999.00 -999.00 -999.00 -999.00 0.00 0.00 313.00
2017 201 0 0 -999.00 -999.00 -999.00 -999.00 -999.00 1.40000 57.00 28.33 101.05 0.00 0.00 -999.00 -999.00 -999.00 -999.00 -999.00 -999.00 0.00 0.00 317.00
2017 201 1 0 -999.00 -999.00 -999.00 -999.00 -999.00 1.30000 58.00 27.78 101.05 0.00 0.00 -999.00 -999.00 -999.00 -999.00 -999.00 -999.00 0.00 0.00 320.00
2017 201 2 0 -999.00 -999.00 -999.00 -999.00 -999.00 1.20000 67.00 27.78 101.02 0.00 0.00 -999.00 -999.00 -999.00 -999.00 -999.00 -999.00 0.00 0.00 327.00
2017 201 3 0 -999.00 -999.00 -999.00 -999.00 -999.00 1.10000 69.00 27.22 100.98 0.00 0.00 -999.00 -999.00 -999.00 -999.00 -999.00 -999.00 0.00 0.00 338.00
2017 201 4 0 -999.00 -999.00 -999.00 -999.00 -999.00 0.80000 74.00 26.11 100.98 0.00 0.00 -999.00 -999.00 -999.00 -999.00 -999.00 -999.00 0.00 0.00 348.00
2017 201 5 0 -999.00 -999.00 -999.00 -999.00 -999.00 0.60000 74.00 26.11 100.98 0.00 56.00 -999.00 -999.00 -999.00 -999.00 -999.00 -999.00 56.00 2.00 344.00
2017 201 6 0 -999.00 -999.00 -999.00 -999.00 -999.00 0.50000 74.00 26.11 101.02 0.00 237.00 -999.00 -999.00 -999.00 -999.00 -999.00 -999.00 90.00 466.00 291.00
2017 201 7 0 -999.00 -999.00 -999.00 -999.00 -999.00 0.70000 69.00 27.22 101.05 0.00 390.00 -999.00 -999.00 -999.00 -999.00 -999.00 -999.00 183.00 418.00 246.00
2017 201 8 0 -999.00 -999.00 -999.00 -999.00 -999.00 0.90000 69.00 27.78 101.05 0.00 594.00 -999.00 -999.00 -999.00 -999.00 -999.00 -999.00 137.00 696.00 239.00
2017 201 9 0 -999.00 -999.00 -999.00 -999.00 -999.00 1.10000 65.00 28.89 101.05 0.00 743.00 -999.00 -999.00 -999.00 -999.00 -999.00 -999.00 148.00 755.00 224.00
2017 201 10 0 -999.00 -999.00 -999.00 -999.00 -999.00 1.30000 59.00 30.56 101.02 0.00 846.00 -999.00 -999.00 -999.00 -999.00 -999.00 -999.00 160.00 778.00 218.00
2017 201 11 0 -999.00 -999.00 -999.00 -999.00 -999.00 1.60000 50.00 32.78 100.98 0.00 711.00 -999.00 -999.00 -999.00 -999.00 -999.00 -999.00 360.00 377.00 221.00
2017 201 12 0 -999.00 -999.00 -999.00 -999.00 -999.00 1.70000 48.00 32.22 100.91 0.00 811.00 -999.00 -999.00 -999.00 -999.00 -999.00 -999.00 244.00 607.00 224.00
2017 201 13 0 -999.00 -999.00 -999.00 -999.00 -999.00 1.80000 42.00 33.89 100.81 0.00 721.00 -999.00 -999.00 -999.00 -999.00 -999.00 -999.00 292.00 483.00 226.00
2017 201 14 0 -999.00 -999.00 -999.00 -999.00 -999.00 1.80000 49.00 33.33 100.75 0.00 751.00 -999.00 -999.00 -999.00 -999.00 -999.00 -999.00 146.00 760.00 225.00
2017 201 15 0 -999.00 -999.00 -999.00 -999.00 -999.00 1.90000 40.00 33.33 100.71 0.00 478.00 -999.00 -999.00 -999.00 -999.00 -999.00 -999.00 303.00 263.00 230.00
2017 201 16 0 -999.00 -999.00 -999.00 -999.00 -999.00 1.80000 47.00 32.22 100.68 0.00 343.00 -999.00 -999.00 -999.00 -999.00 -999.00 -999.00 243.00 198.00 243.00
2017 201 17 0 -999.00 -999.00 -999.00 -999.00 -999.00 1.50000 39.00 32.22 100.64 0.00 98.00 -999.00 -999.00 -999.00 -999.00 -999.00 -999.00 96.00 4.00 257.00
2017 201 18 0 -999.00 -999.00 -999.00 -999.00 -999.00 1.30000 44.00 32.22 100.68 0.00 49.00 -999.00 -999.00 -999.00 -999.00 -999.00 -999.00 49.00 3.00 264.00
2017 201 19 0 -999.00 -999.00 -999.00 -999.00 -999.00 1.30000 47.00 31.67 100.71 0.00 0.00 -999.00 -999.00 -999.00 -999.00 -999.00 -999.00 0.00 0.00 269.00
2017 201 20 0 -999.00 -999.00 -999.00 -999.00 -999.00 1.20000 82.00 25.56 100.75 0.25 0.00 -999.00 -999.00 -999.00 -999.00 -999.00 -999.00 0.00 0.00 283.00
2017 201 21 0 -999.00 -999.00 -999.00 -999.00 -999.00 1.10000 74.00 25.56 100.75 0.00 0.00 -999.00 -999.00 -999.00 -999.00 -999.00 -999.00 0.00 0.00 298.00
2017 201 22 0 -999.00 -999.00 -999.00 -999.00 -999.00 0.90000 71.00 25.56 100.71 0.00 0.00 -999.00 -999.00 -999.00 -999.00 -999.00 -999.00 0.00 0.00 302.00
2017 201 23 0 -999.00 -999.00 -999.00 -999.00 -999.00 0.90000 69.00 26.11 100.71 0.00 0.00 -999.00 -999.00 -999.00 -999.00 -999.00 -999.00 0.00 0.00 289.00
2017 202 0 0 -999.00 -999.00 -999.00 -999.00 -999.00 0.90000 67.00 26.11 100.71 0.00 0.00 -999.00 -999.00 -999.00 -999.00 -999.00 -999.00 0.00 0.00 274.00
2017 202 1 0 -999.00 -999.00 -999.00 -999.00 -999.00 1.10000 69.00 25.56 100.75 0.00 0.00 -999.00 -999.00 -999.00 -999.00 -999.00 -999.00 0.00 0.00 273.00
2017 202 2 0 -999.00 -999.00 -999.00 -999.00 -999.00 1.30000 74.00 25.00 100.71 0.00 0.00 -999.00 -999.00 -999.00 -999.00 -999.00 -999.00 0.00 0.00 284.00
2017 202 3 0 -999.00 -999.00 -999.00 -999.00 -999.00 1.30000 71.00 25.00 100.71 0.00 0.00 -999.00 -999.00 -999.00 -999.00 -999.00 -999.00 0.00 0.00 297.00
2017 202 4 0 -999.00 -999.00 -999.00 -999.00 -999.00 1.30000 74.00 25.00 100.71 0.00 0.00 -999.00 -999.00 -999.00 -999.00 -999.00 -999.00 0.00 0.00 306.00
2017 202 5 0 -999.00 -999.00 -999.00 -999.00 -999.00 1.30000 71.00 25.00 100.75 0.00 73.00 -999.00 -999.00 -999.00 -999.00 -999.00 -999.00 46.00 209.00 316.00
2017 202 6 0 -999.00 -999.00 -999.00 -999.00 -999.00 1.30000 71.00 25.00 100.78 0.00 182.00 -999.00 -999.00 -999.00 -999.00 -999.00 -999.00 164.00 58.00 333.00
2017 202 7 0 -999.00 -999.00 -999.00 -999.00 -999.00 1.20000 77.00 25.00 100.81 0.00 424.00 -999.00 -999.00 -999.00 -999.00 -999.00 -999.00 116.00 624.00 340.00
2017 202 8 0 -999.00 -999.00 -999.00 -999.00 -999.00 1.00000 65.00 27.22 100.85 0.00 605.00 -999.00 -999.00 -999.00 -999.00 -999.00 -999.00 128.00 729.00 324.00
2017 202 9 0 -999.00 -999.00 -999.00 -999.00 -999.00 0.90000 60.00 27.78 100.85 0.00 759.00 -999.00 -999.00 -999.00 -999.00 -999.00 -999.00 131.00 799.00 298.00
2017 202 10 0 -999.00 -999.00 -999.00 -999.00 -999.00 1.00000 55.00 29.44 100.81 0.00 879.00 -999.00 -999.00 -999.00 -999.00 -999.00 -999.00 116.00 866.00 277.00
2017 202 11 0 -999.00 -999.00 -999.00 -999.00 -999.00 1.20000 48.00 31.11 100.81 0.00 937.00 -999.00 -999.00 -999.00 -999.00 -999.00 -999.00 117.00 882.00 267.00
2017 202 12 0 -999.00 -999.00 -999.00 -999.00 -999.00 1.30000 41.00 32.22 100.75 0.00 939.00 -999.00 -999.00 -999.00 -999.00 -999.00 -999.00 117.00 883.00 262.00
2017 202 13 0 -999.00 -999.00 -999.00 -999.00 -999.00 1.40000 42.00 32.78 100.71 0.00 771.00 -999.00 -999.00 -999.00 -999.00 -999.00 -999.00 236.00 604.00 258.00
2017 202 14 0 -999.00 -999.00 -999.00 -999.00 -999.00 1.40000 42.00 32.22 100.64 0.00 771.00 -999.00 -999.00 -999.00 -999.00 -999.00 -999.00 124.00 814.00 260.00
2017 202 15 0 -999.00 -999.00 -999.00 -999.00 -999.00 1.40000 45.00 31.67 100.64 0.00 547.00 -999.00 -999.00 -999.00 -999.00 -999.00 -999.00 206.00 513.00 268.00
2017 202 16 0 -999.00 -999.00 -999.00 -999.00 -999.00 1.40000 42.00 32.22 100.64 0.00 444.00 -999.00 -999.00 -999.00 -999.00 -999.00 -999.00 102.00 677.00 274.00
2017 202 17 0 -999.00 -999.00 -999.00 -999.00 -999.00 1.20000 48.00 31.11 100.61 0.00 256.00 -999.00 -999.00 -999.00 -999.00 -999.00 -999.00 131.00 382.00 274.00
2017 202 18 0 -999.00 -999.00 -999.00 -999.00 -999.00 1.00000 50.00 31.11 100.61 0.00 87.00 -999.00 -999.00 -999.00 -999.00 -999.00 -999.00 43.00 313.00 271.00
2017 202 19 0 -999.00 -999.00 -999.00 -999.00 -999.00 1.10000 48.00 30.56 100.61 0.00 0.00 -999.00 -999.00 -999.00 -999.00 -999.00 -999.00 0.00 0.00 273.00
2017 202 20 0 -999.00 -999.00 -999.00 -999.00 -999.00 1.10000 55.00 29.44 100.61 0.00 0.00 -999.00 -999.00 -999.00 -999.00 -999.00 -999.00 0.00 0.00 275.00
2017 202 21 0 -999.00 -999.00 -999.00 -999.00 -999.00 1.20000 53.00 30.00 100.64 0.00 0.00 -999.00 -999.00 -999.00 -999.00 -999.00 -999.00 0.00 0.00 275.00
2017 202 22 0 -999.00 -999.00 -999.00 -999.00 -999.00 1.30000 57.00 29.44 100.68 0.00 0.00 -999.00 -999.00 -999.00 -999.00 -999.00 -999.00 0.00 0.00 275.00
2017 202 23 0 -999.00 -999.00 -999.00 -999.00 -999.00 1.40000 59.00 29.44 100.68 0.00 0.00 -999.00 -999.00 -999.00 -999.00 -999.00 -999.00 0.00 0.00 278.00
2017 203 0 0 -999.00 -999.00 -999.00 -999.00 -999.00 1.30000 61.00 28.89 100.64 0.00 0.00 -999.00 -999.00 -999.00 -999.00 -999.00 -999.00 0.00 0.00 287.00
2017 203 1 0 -999.00 -999.00 -999.00 -999.00 -999.00 1.30000 61.00 28.89 100.68 0.00 0.00 -999.00 -999.00 -999.00 -999.00 -999.00 -999.00 0.00 0.00 303.00
2017 203 2 0 -999.00 -999.00 -999.00 -999.00 -999.00 1.30000 67.00 27.78 100.68 0.00 0.00 -999.00 -999.00 -999.00 -999.00 -999.00 -999.00 0.00 0.00 320.00
2017 203 3 0 -999.00 -999.00 -999.00 -999.00 -999.00 1.40000 67.00 27.22 100.64 0.00 0.00 -999.00 -999.00 -999.00 -999.00 -999.00 -999.00 0.00 0.00 335.00
2017 203 4 0 -999.00 -999.00 -999.00 -999.00 -999.00 1.60000 64.00 26.67 100.64 0.00 0.00 -999.00 -999.00 -999.00 -999.00 -999.00 -999.00 0.00 0.00 344.00
2017 203 5 0 -999.00 -999.00 -999.00 -999.00 -999.00 1.60000 69.00 25.56 100.68 0.00 58.00 -999.00 -999.00 -999.00 -999.00 -999.00 -999.00 56.00 10.00 354.00
2017 203 6 0 -999.00 -999.00 -999.00 -999.00 -999.00 1.50000 69.00 25.56 100.68 0.00 228.00 -999.00 -999.00 -999.00 -999.00 -999.00 -999.00 99.00 412.00 193.00
2017 203 7 0 -999.00 -999.00 -999.00 -999.00 -999.00 1.20000 60.00 26.11 100.75 0.00 412.00 -999.00 -999.00 -999.00 -999.00 -999.00 -999.00 131.00 571.00 37.00
2017 203 8 0 -999.00 -999.00 -999.00 -999.00 -999.00 0.70000 54.00 27.22 100.75 0.00 587.00 -999.00 -999.00 -999.00 -999.00 -999.00 -999.00 153.00 664.00 189.00
2017 203 9 0 -999.00 -999.00 -999.00 -999.00 -999.00 0.30000 58.00 27.78 100.71 0.00 733.00 -999.00 -999.00 -999.00 -999.00 -999.00 -999.00 172.00 715.00 290.00
2017 203 10 0 -999.00 -999.00 -999.00 -999.00 -999.00 0.40000 46.00 28.89 100.71 0.00 819.00 -999.00 -999.00 -999.00 -999.00 -999.00 -999.00 345.00 539.00 240.00
2017 203 11 0 -999.00 -999.00 -999.00 -999.00 -999.00 0.60000 42.00 30.56 100.68 0.00 894.00 -999.00 -999.00 -999.00 -999.00 -999.00 -999.00 191.00 756.00 226.00
2017 203 12 0 -999.00 -999.00 -999.00 -999.00 -999.00 0.80000 38.00 32.22 100.61 0.00 654.00 -999.00 -999.00 -999.00 -999.00 -999.00 -999.00 499.00 167.00 216.00
2017 203 13 0 -999.00 -999.00 -999.00 -999.00 -999.00 0.90000 40.00 30.56 100.54 0.00 573.00 -999.00 -999.00 -999.00 -999.00 -999.00 -999.00 412.00 182.00 209.00
2017 203 14 0 -999.00 -999.00 -999.00 -999.00 -999.00 1.00000 32.00 32.78 100.47 0.00 640.00 -999.00 -999.00 -999.00 -999.00 -999.00 -999.00 269.00 468.00 204.00
2017 203 15 0 -999.00 -999.00 -999.00 -999.00 -999.00 1.10000 42.00 31.11 100.41 0.00 502.00 -999.00 -999.00 -999.00 -999.00 -999.00 -999.00 307.00 293.00 197.00
2017 203 16 0 -999.00 -999.00 -999.00 -999.00 -999.00 1.30000 41.00 31.67 100.34 0.00 277.00 -999.00 -999.00 -999.00 -999.00 -999.00 -999.00 240.00 73.00 183.00
2017 203 17 0 -999.00 -999.00 -999.00 -999.00 -999.00 1.50000 51.00 28.89 100.37 0.00 65.00 -999.00 -999.00 -999.00 -999.00 -999.00 -999.00 65.00 1.00 169.00
2017 203 18 0 -999.00 -999.00 -999.00 -999.00 -999.00 1.70000 54.00 27.22 100.34 0.00 29.00 -999.00 -999.00 -999.00 -999.00 -999.00 -999.00 29.00 0.00 164.00
2017 203 19 0 -999.00 -999.00 -999.00 -999.00 -999.00 1.70000 62.00 26.67 100.34 0.00 0.00 -999.00 -999.00 -999.00 -999.00 -999.00 -999.00 0.00 0.00 163.00
2017 203 20 0 -999.00 -999.00 -999.00 -999.00 -999.00 1.60000 62.00 26.67 100.34 0.00 0.00 -999.00 -999.00 -999.00 -999.00 -999.00 -999.00 0.00 0.00 153.00
2017 203 21 0 -999.00 -999.00 -999.00 -999.00 -999.00 1.50000 79.00 26.11 100.34 0.00 0.00 -999.00 -999.00 -999.00 -999.00 -999.00 -999.00 0.00 0.00 134.00
2017 203 22 0 -999.00 -999.00 -999.00 -999.00 -999.00 1.40000 86.67 24.26 100.29 1.02 0.00 -999.00 -999.00 -999.00 -999.00 -999.00 -999.00 0.00 0.00 109.00
2017 203 23 0 -999.00 -999.00 -999.00 -999.00 -999.00 1.60000 95.33 22.59 100.27 2.12 0.00 -999.00 -999.00 -999.00 -999.00 -999.00 -999.00 0.00 0.00 89.00
2017 204 0 0 -999.00 -999.00 -999.00 -999.00 -999.00 1.70000 95.20 22.22 100.25 5.13 0.00 -999.00 -999.00 -999.00 -999.00 -999.00 -999.00 0.00 0.00 78.00
2017 204 1 0 -999.00 -999.00 -999.00 -999.00 -999.00 1.50000 96.00 22.22 100.21 0.59 0.00 -999.00 -999.00 -999.00 -999.00 -999.00 -999.00 0.00 0.00 65.00
2017 204 2 0 -999.00 -999.00 -999.00 -999.00 -999.00 1.30000 96.00 21.67 100.20 0.00 0.00 -999.00 -999.00 -999.00 -999.00 -999.00 -999.00 0.00 0.00 54.00
2017 204 3 0 -999.00 -999.00 -999.00 -999.00 -999.00 1.30000 95.33 21.85 100.21 0.00 0.00 -999.00 -999.00 -999.00 -999.00 -999.00 -999.00 0.00 0.00 49.00
2017 204 4 0 -999.00 -999.00 -999.00 -999.00 -999.00 1.70000 95.80 22.22 100.24 0.00 0.00 -999.00 -999.00 -999.00 -999.00 -999.00 -999.00 0.00 0.00 48.00
2017 204 5 0 -999.00 -999.00 -999.00 -999.00 -999.00 2.10000 97.75 22.22 100.27 0.00 19.00 -999.00 -999.00 -999.00 -999.00 -999.00 -999.00 19.00 0.00 51.00
2017 204 6 0 -999.00 -999.00 -999.00 -999.00 -999.00 2.40000 95.00 22.78 100.28 0.00 80.00 -999.00 -999.00 -999.00 -999.00 -999.00 -999.00 78.00 4.00 61.00
2017 204 7 0 -999.00 -999.00 -999.00 -999.00 -999.00 2.60000 96.00 22.78 100.35 0.00 285.00 -999.00 -999.00 -999.00 -999.00 -999.00 -999.00 228.00 119.00 74.00
2017 204 8 0 -999.00 -999.00 -999.00 -999.00 -999.00 2.60000 93.40 23.11 100.40 0.00 456.00 -999.00 -999.00 -999.00 -999.00 -999.00 -999.00 293.00 251.00 87.00
2017 204 9 0 -999.00 -999.00 -999.00 -999.00 -999.00 2.50000 89.67 23.70 100.42 0.00 399.00 -999.00 -999.00 -999.00 -999.00 -999.00 -999.00 366.00 41.00 97.00
2017 204 10 0 -999.00 -999.00 -999.00 -999.00 -999.00 2.40000 82.00 25.00 100.45 0.00 454.00 -999.00 -999.00 -999.00 -999.00 -999.00 -999.00 414.00 45.00 105.00
2017 204 11 0 -999.00 -999.00 -999.00 -999.00 -999.00 2.40000 79.00 24.44 100.47 0.00 205.00 -999.00 -999.00 -999.00 -999.00 -999.00 -999.00 204.00 1.00 110.00
2017 204 12 0 -999.00 -999.00 -999.00 -999.00 -999.00 2.50000 85.00 23.33 100.54 0.00 53.00 -999.00 -999.00 -999.00 -999.00 -999.00 -999.00 53.00 0.00 112.00
2017 204 13 0 -999.00 -999.00 -999.00 -999.00 -999.00 2.50000 86.75 23.19 100.55 0.13 528.00 -999.00 -999.00 -999.00 -999.00 -999.00 -999.00 396.00 149.00 115.00
2017 204 14 0 -999.00 -999.00 -999.00 -999.00 -999.00 2.50000 84.00 23.89 100.51 0.00 272.00 -999.00 -999.00 -999.00 -999.00 -999.00 -999.00 263.00 11.00 119.00
2017 204 15 0 -999.00 -999.00 -999.00 -999.00 -999.00 2.50000 75.50 25.28 100.47 0.00 262.00 -999.00 -999.00 -999.00 -999.00 -999.00 -999.00 259.00 6.00 121.00
2017 204 16 0 -999.00 -999.00 -999.00 -999.00 -999.00 2.60000 75.00 25.00 100.51 0.00 165.00 -999.00 -999.00 -999.00 -999.00 -999.00 -999.00 164.00 1.00 122.00
2017 204 17 0 -999.00 -999.00 -999.00 -999.00 -999.00 2.40000 79.00 24.44 100.54 0.00 149.00 -999.00 -999.00 -999.00 -999.00 -999.00 -999.00 146.00 10.00 127.00
2017 204 18 0 -999.00 -999.00 -999.00 -999.00 -999.00 2.30000 72.00 24.44 100.54 0.00 27.00 -999.00 -999.00 -999.00 -999.00 -999.00 -999.00 27.00 0.00 129.00
2017 204 19 0 -999.00 -999.00 -999.00 -999.00 -999.00 2.40000 77.50 23.61 100.59 0.00 0.00 -999.00 -999.00 -999.00 -999.00 -999.00 -999.00 0.00 0.00 122.00
2017 204 20 0 -999.00 -999.00 -999.00 -999.00 -999.00 2.50000 77.00 23.33 100.60 0.00 0.00 -999.00 -999.00 -999.00 -999.00 -999.00 -999.00 0.00 0.00 112.00
2017 204 21 0 -999.00 -999.00 -999.00 -999.00 -999.00 2.60000 78.00 23.33 100.64 0.00 0.00 -999.00 -999.00 -999.00 -999.00 -999.00 -999.00 0.00 0.00 105.00
2017 204 22 0 -999.00 -999.00 -999.00 -999.00 -999.00 2.80000 82.50 22.78 100.61 0.00 0.00 -999.00 -999.00 -999.00 -999.00 -999.00 -999.00 0.00 0.00 102.00
2017 204 23 0 -999.00 -999.00 -999.00 -999.00 -999.00 2.90000 81.00 22.78 100.64 0.00 0.00 -999.00 -999.00 -999.00 -999.00 -999.00 -999.00 0.00 0.00 97.00
2017 205 0 0 -999.00 -999.00 -999.00 -999.00 -999.00 2.90000 83.50 22.78 100.58 0.00 0.00 -999.00 -999.00 -999.00 -999.00 -999.00 -999.00 0.00 0.00 92.00
2017 205 1 0 -999.00 -999.00 -999.00 -999.00 -999.00 2.70000 81.00 22.78 100.54 0.00 0.00 -999.00 -999.00 -999.00 -999.00 -999.00 -999.00 0.00 0.00 90.00
2017 205 2 0 -999.00 -999.00 -999.00 -999.00 -999.00 2.50000 80.33 22.59 100.44 0.00 0.00 -999.00 -999.00 -999.00 -999.00 -999.00 -999.00 0.00 0.00 88.00
2017 205 3 0 -999.00 -999.00 -999.00 -999.00 -999.00 2.50000 79.00 22.22 100.41 0.00 0.00 -999.00 -999.00 -999.00 -999.00 -999.00 -999.00 0.00 0.00 84.00
2017 205 4 0 -999.00 -999.00 -999.00 -999.00 -999.00 2.50000 93.00 20.93 100.34 0.93 0.00 -999.00 -999.00 -999.00 -999.00 -999.00 -999.00 0.00 0.00 79.00
2017 205 5 0 -999.00 -999.00 -999.00 -999.00 -999.00 2.40000 95.00 20.56 100.33 4.23 25.00 -999.00 -999.00 -999.00 -999.00 -999.00 -999.00 25.00 0.00 73.00
2017 205 6 0 -999.00 -999.00 -999.00 -999.00 -999.00 2.20000 93.33 20.37 100.30 0.25 46.00 -999.00 -999.00 -999.00 -999.00 -999.00 -999.00 46.00 0.00 67.00
2017 205 7 0 -999.00 -999.00 -999.00 -999.00 -999.00 1.90000 96.00 20.00 100.30 0.00 30.00 -999.00 -999.00 -999.00 -999.00 -999.00 -999.00 29.00 0.00 60.00
2017 205 8 0 -999.00 -999.00 -999.00 -999.00 -999.00 1.60000 95.80 19.89 100.29 0.25 330.00 -999.00 -999.00 -999.00 -999.00 -999.00 -999.00 286.00 69.00 54.00
2017 205 9 0 -999.00 -999.00 -999.00 -999.00 -999.00 1.50000 93.00 18.61 100.30 0.38 20.00 -999.00 -999.00 -999.00 -999.00 -999.00 -999.00 20.00 0.00 46.00
2017 205 10 0 -999.00 -999.00 -999.00 -999.00 -999.00 1.80000 94.17 17.87 100.40 3.22 325.00 -999.00 -999.00 -999.00 -999.00 -999.00 -999.00 311.00 16.00 34.00
2017 205 11 0 -999.00 -999.00 -999.00 -999.00 -999.00 2.30000 94.75 17.64 100.43 0.70 302.00 -999.00 -999.00 -999.00 -999.00 -999.00 -999.00 296.00 7.00 24.00
2017 205 12 0 -999.00 -999.00 -999.00 -999.00 -999.00 2.50000 93.00 17.22 100.54 0.25 194.00 -999.00 -999.00 -999.00 -999.00 -999.00 -999.00 193.00 1.00 17.00
2017 205 13 0 -999.00 -999.00 -999.00 -999.00 -999.00 2.60000 88.50 17.78 100.58 0.00 493.00 -999.00 -999.00 -999.00 -999.00 -999.00 -999.00 428.00 73.00 13.00
2017 205 14 0 -999.00 -999.00 -999.00 -999.00 -999.00 2.50000 78.00 18.89 100.58 0.00 302.00 -999.00 -999.00 -999.00 -999.00 -999.00 -999.00 300.00 2.00 11.00
2017 205 15 0 -999.00 -999.00 -999.00 -999.00 -999.00 2.30000 78.00 20.00 100.61 0.00 389.00 -999.00 -999.00 -999.00 -999.00 -999.00 -999.00 341.00 73.00 11.00
2017 205 16 0 -999.00 -999.00 -999.00 -999.00 -999.00 2.10000 70.00 20.56 100.61 0.00 211.00 -999.00 -999.00 -999.00 -999.00 -999.00 -999.00 206.00 11.00 19.00
2017 205 17 0 -999.00 -999.00 -999.00 -999.00 -999.00 1.80000 78.00 20.00 100.64 0.00 140.00 -999.00 -999.00 -999.00 -999.00 -999.00 -999.00 138.00 7.00 34.00
2017 205 18 0 -999.00 -999.00 -999.00 -999.00 -999.00 1.70000 77.50 19.44 100.68 0.00 59.00 -999.00 -999.00 -999.00 -999.00 -999.00 -999.00 58.00 11.00 52.00
2017 205 19 0 -999.00 -999.00 -999.00 -999.00 -999.00 1.60000 76.00 19.44 100.68 0.00 0.00 -999.00 -999.00 -999.00 -999.00 -999.00 -999.00 0.00 0.00 66.00
2017 205 20 0 -999.00 -999.00 -999.00 -999.00 -999.00 1.60000 79.50 18.61 100.73 0.00 0.00 -999.00 -999.00 -999.00 -999.00 -999.00 -999.00 0.00 0.00 73.00
2017 205 21 0 -999.00 -999.00 -999.00 -999.00 -999.00 1.50000 78.00 18.33 100.81 0.00 0.00 -999.00 -999.00 -999.00 -999.00 -999.00 -999.00 0.00 0.00 76.00
2017 205 22 0 -999.00 -999.00 -999.00 -999.00 -999.00 1.40000 78.00 18.33 100.88 0.00 0.00 -999.00 -999.00 -999.00 -999.00 -999.00 -999.00 0.00 0.00 76.00
2017 205 23 0 -999.00 -999.00 -999.00 -999.00 -999.00 1.40000 78.00 18.33 100.98 0.00 0.00 -999.00 -999.00 -999.00 -999.00 -999.00 -999.00 0.00 0.00 73.00
2017 206 0 0 -999.00 -999.00 -999.00 -999.00 -999.00 1.50000 81.00 18.06 101.03 0.00 0.00 -999.00 -999.00 -999.00 -999.00 -999.00 -999.00 0.00 0.00 70.00
2017 206 1 0 -999.00 -999.00 -999.00 -999.00 -999.00 1.60000 81.00 17.78 101.05 0.00 0.00 -999.00 -999.00 -999.00 -999.00 -999.00 -999.00 0.00 0.00 68.00
2017 206 2 0 -999.00 -999.00 -999.00 -999.00 -999.00 1.80000 84.00 17.22 101.05 0.00 0.00 -999.00 -999.00 -999.00 -999.00 -999.00 -999.00 0.00 0.00 68.00
2017 206 3 0 -999.00 -999.00 -999.00 -999.00 -999.00 1.80000 85.50 17.22 101.02 0.00 0.00 -999.00 -999.00 -999.00 -999.00 -999.00 -999.00 0.00 0.00 67.00
2017 206 4 0 -999.00 -999.00 -999.00 -999.00 -999.00 1.90000 87.00 17.22 101.07 0.00 0.00 -999.00 -999.00 -999.00 -999.00 -999.00 -999.00 0.00 0.00 65.00
2017 206 5 0 -999.00 -999.00 -999.00 -999.00 -999.00 2.00000 87.00 17.22 101.15 0.00 65.00 -999.00 -999.00 -999.00 -999.00 -999.00 -999.00 47.00 154.00 62.00
2017 206 6 0 -999.00 -999.00 -999.00 -999.00 -999.00 2.00000 84.00 17.78 101.19 0.00 105.00 -999.00 -999.00 -999.00 -999.00 -999.00 -999.00 104.00 2.00 56.00
2017 206 7 0 -999.00 -999.00 -999.00 -999.00 -999.00 1.90000 84.00 17.78 101.25 0.00 96.00 -999.00 -999.00 -999.00 -999.00 -999.00 -999.00 96.00 0.00 48.00
2017 206 8 0 -999.00 -999.00 -999.00 -999.00 -999.00 1.90000 84.00 17.78 101.29 0.00 133.00 -999.00 -999.00 -999.00 -999.00 -999.00 -999.00 133.00 0.00 40.00
2017 206 9 0 -999.00 -999.00 -999.00 -999.00 -999.00 1.80000 81.00 18.33 101.35 0.00 81.00 -999.00 -999.00 -999.00 -999.00 -999.00 -999.00 81.00 0.00 36.00
2017 206 10 0 -999.00 -999.00 -999.00 -999.00 -999.00 1.80000 81.00 18.33 101.39 0.00 208.00 -999.00 -999.00 -999.00 -999.00 -999.00 -999.00 207.00 0.00 37.00
2017 206 11 0 -999.00 -999.00 -999.00 -999.00 -999.00 1.60000 81.00 18.33 101.46 0.00 298.00 -999.00 -999.00 -999.00 -999.00 -999.00 -999.00 297.00 1.00 47.00
2017 206 12 0 -999.00 -999.00 -999.00 -999.00 -999.00 1.50000 78.00 18.89 101.49 0.00 514.00 -999.00 -999.00 -999.00 -999.00 -999.00 -999.00 443.00 77.00 62.00
2017 206 13 0 -999.00 -999.00 -999.00 -999.00 -999.00 1.40000 71.50 20.56 101.49 0.00 395.00 -999.00 -999.00 -999.00 -999.00 -999.00 -999.00 383.00 13.00 78.00
2017 206 14 0 -999.00 -999.00 -999.00 -999.00 -999.00 1.40000 73.75 20.69 101.52 0.00 326.00 -999.00 -999.00 -999.00 -999.00 -999.00 -999.00 321.00 6.00 88.00
2017 206 15 0 -999.00 -999.00 -999.00 -999.00 -999.00 1.40000 70.50 21.39 101.56 0.00 289.00 -999.00 -999.00 -999.00 -999.00 -999.00 -999.00 279.00 16.00 93.00
2017 206 16 0 -999.00 -999.00 -999.00 -999.00 -999.00 1.40000 68.50 21.94 101.56 0.00 190.00 -999.00 -999.00 -999.00 -999.00 -999.00 -999.00 188.00 5.00 94.00
2017 206 17 0 -999.00 -999.00 -999.00 -999.00 -999.00 1.50000 73.00 20.56 101.59 0.00 110.00 -999.00 -999.00 -999.00 -999.00 -999.00 -999.00 109.00 2.00 97.00
2017 206 18 0 -999.00 -999.00 -999.00 -999.00 -999.00 1.50000 76.67 20.00 101.64 0.00 39.00 -999.00 -999.00 -999.00 -999.00 -999.00 -999.00 39.00 0.00 100.00
2017 206 19 0 -999.00 -999.00 -999.00 -999.00 -999.00 1.50000 74.50 20.00 101.69 0.00 0.00 -999.00 -999.00 -999.00 -999.00 -999.00 -999.00 0.00 0.00 99.00
2017 206 20 0 -999.00 -999.00 -999.00 -999.00 -999.00 1.50000 73.00 20.00 101.76 0.00 0.00 -999.00 -999.00 -999.00 -999.00 -999.00 -999.00 0.00 0.00 94.00
2017 206 21 0 -999.00 -999.00 -999.00 -999.00 -999.00 1.50000 73.00 20.00 101.79 0.00 0.00 -999.00 -999.00 -999.00 -999.00 -999.00 -999.00 0.00 0.00 88.00
2017 206 22 0 -999.00 -999.00 -999.00 -999.00 -999.00 1.40000 70.00 20.00 101.83 0.00 0.00 -999.00 -999.00 -999.00 -999.00 -999.00 -999.00 0.00 0.00 79.00
2017 206 23 0 -999.00 -999.00 -999.00 -999.00 -999.00 1.40000 71.00 19.44 101.86 0.00 0.00 -999.00 -999.00 -999.00 -999.00 -999.00 -999.00 0.00 0.00 70.00
2017 207 0 0 -999.00 -999.00 -999.00 -999.00 -999.00 1.40000 72.00 19.17 101.86 0.00 0.00 -999.00 -999.00 -999.00 -999.00 -999.00 -999.00 0.00 0.00 65.00
2017 207 1 0 -999.00 -999.00 -999.00 -999.00 -999.00 1.40000 71.00 19.44 101.90 0.00 0.00 -999.00 -999.00 -999.00 -999.00 -999.00 -999.00 0.00 0.00 63.00
2017 207 2 0 -999.00 -999.00 -999.00 -999.00 -999.00 1.40000 73.00 18.89 101.86 0.00 0.00 -999.00 -999.00 -999.00 -999.00 -999.00 -999.00 0.00 0.00 63.00
2017 207 3 0 -999.00 -999.00 -999.00 -999.00 -999.00 1.30000 73.00 18.89 101.81 0.00 0.00 -999.00 -999.00 -999.00 -999.00 -999.00 -999.00 0.00 0.00 64.00
2017 207 4 0 -999.00 -999.00 -999.00 -999.00 -999.00 1.30000 78.00 18.33 101.83 0.00 0.00 -999.00 -999.00 -999.00 -999.00 -999.00 -999.00 0.00 0.00 64.00
2017 207 5 0 -999.00 -999.00 -999.00 -999.00 -999.00 1.40000 76.00 18.33 101.90 0.00 71.00 -999.00 -999.00 -999.00 -999.00 -999.00 -999.00 36.00 293.00 66.00
2017 207 6 0 -999.00 -999.00 -999.00 -999.00 -999.00 1.40000 71.00 19.44 101.90 0.00 242.00 -999.00 -999.00 -999.00 -999.00 -999.00 -999.00 68.00 574.00 75.00
2017 207 7 0 -999.00 -999.00 -999.00 -999.00 -999.00 1.40000 73.00 18.89 101.93 0.00 434.00 -999.00 -999.00 -999.00 -999.00 -999.00 -999.00 86.00 718.00 88.00
2017 207 8 0 -999.00 -999.00 -999.00 -999.00 -999.00 1.30000 59.00 21.11 101.96 0.00 613.00 -999.00 -999.00 -999.00 -999.00 -999.00 -999.00 101.00 794.00 101.00
2017 207 9 0 -999.00 -999.00 -999.00 -999.00 -999.00 1.20000 55.00 21.67 101.96 0.00 765.00 -999.00 -999.00 -999.00 -999.00 -999.00 -999.00 113.00 837.00 116.00
2017 207 10 0 -999.00 -999.00 -999.00 -999.00 -999.00 1.30000 53.00 22.78 101.93 0.00 875.00 -999.00 -999.00 -999.00 -999.00 -999.00 -999.00 121.00 863.00 133.00
2017 207 11 0 -999.00 -999.00 -999.00 -999.00 -999.00 1.30000 48.00 24.44 101.90 0.00 931.00 -999.00 -999.00 -999.00 -999.00 -999.00 -999.00 128.00 869.00 145.00
2017 207 12 0 -999.00 -999.00 -999.00 -999.00 -999.00 1.50000 64.00 22.78 101.83 0.00 367.00 -999.00 -999.00 -999.00 -999.00 -999.00 -999.00 364.00 3.00 153.00
2017 207 13 0 -999.00 -999.00 -999.00 -999.00 -999.00 1.60000 54.00 23.89 101.79 0.00 437.00 -999.00 -999.00 -999.00 -999.00 -999.00 -999.00 404.00 37.00 158.00
2017 207 14 0 -999.00 -999.00 -999.00 -999.00 -999.00 1.50000 54.00 23.89 101.76 0.00 771.00 -999.00 -999.00 -999.00 -999.00 -999.00 -999.00 126.00 819.00 166.00
2017 207 15 0 -999.00 -999.00 -999.00 -999.00 -999.00 1.40000 60.00 23.33 101.66 0.00 620.00 -999.00 -999.00 -999.00 -999.00 -999.00 -999.00 119.00 763.00 172.00
2017 207 16 0 -999.00 -999.00 -999.00 -999.00 -999.00 1.30000 54.00 23.33 101.69 0.00 380.00 -999.00 -999.00 -999.00 -999.00 -999.00 -999.00 203.00 356.00 174.00
2017 207 17 0 -999.00 -999.00 -999.00 -999.00 -999.00 1.40000 51.00 22.78 101.66 0.00 248.00 -999.00 -999.00 -999.00 -999.00 -999.00 -999.00 89.00 502.00 172.00
2017 207 18 0 -999.00 -999.00 -999.00 -999.00 -999.00 1.30000 55.00 21.67 101.59 0.00 60.00 -999.00 -999.00 -999.00 -999.00 -999.00 -999.00 58.00 14.00 172.00
2017 207 19 0 -999.00 -999.00 -999.00 -999.00 -999.00 1.40000 53.00 21.67 101.59 0.00 0.00 -999.00 -999.00 -999.00 -999.00 -999.00 -999.00 0.00 0.00 175.00
2017 207 20 0 -999.00 -999.00 -999.00 -999.00 -999.00 1.40000 63.00 20.56 101.59 0.00 0.00 -999.00 -999.00 -999.00 -999.00 -999.00 -999.00 0.00 0.00 179.00
2017 207 21 0 -999.00 -999.00 -999.00 -999.00 -999.00 1.40000 65.00 20.00 101.59 0.00 0.00 -999.00 -999.00 -999.00 -999.00 -999.00 -999.00 0.00 0.00 184.00
2017 207 22 0 -999.00 -999.00 -999.00 -999.00 -999.00 1.30000 63.00 20.00 101.59 0.00 0.00 -999.00 -999.00 -999.00 -999.00 -999.00 -999.00 0.00 0.00 191.00
2017 207 23 0 -999.00 -999.00 -999.00 -999.00 -999.00 1.30000 68.00 19.44 101.56 0.00 0.00 -999.00 -999.00 -999.00 -999.00 -999.00 -999.00 0.00 0.00 197.00
2017 208 0 0 -999.00 -999.00 -999.00 -999.00 -999.00 1.30000 68.00 20.00 101.49 0.00 0.00 -999.00 -999.00 -999.00 -999.00 -999.00 -999.00 0.00 0.00 202.00
2017 208 1 0 -999.00 -999.00 -999.00 -999.00 -999.00 1.30000 73.00 19.44 101.46 0.00 0.00 -999.00 -999.00 -999.00 -999.00 -999.00 -999.00 0.00 0.00 210.00
2017 208 2 0 -999.00 -999.00 -999.00 -999.00 -999.00 1.30000 81.00 18.89 101.39 0.00 0.00 -999.00 -999.00 -999.00 -999.00 -999.00 -999.00 0.00 0.00 217.00
2017 208 3 0 -999.00 -999.00 -999.00 -999.00 -999.00 1.30000 81.00 18.89 101.39 0.00 0.00 -999.00 -999.00 -999.00 -999.00 -999.00 -999.00 0.00 0.00 222.00
2017 208 4 0 -999.00 -999.00 -999.00 -999.00 -999.00 1.30000 81.00 18.89 101.29 0.00 0.00 -999.00 -999.00 -999.00 -999.00 -999.00 -999.00 0.00 0.00 227.00
2017 208 5 0 -999.00 -999.00 -999.00 -999.00 -999.00 1.20000 81.00 18.89 101.32 0.00 46.00 -999.00 -999.00 -999.00 -999.00 -999.00 -999.00 45.00 6.00 231.00
2017 208 6 0 -999.00 -999.00 -999.00 -999.00 -999.00 1.30000 81.00 19.44 101.32 0.00 151.00 -999.00 -999.00 -999.00 -999.00 -999.00 -999.00 134.00 56.00 233.00
2017 208 7 0 -999.00 -999.00 -999.00 -999.00 -999.00 1.50000 78.00 20.56 101.29 0.00 377.00 -999.00 -999.00 -999.00 -999.00 -999.00 -999.00 182.00 406.00 229.00
2017 208 8 0 -999.00 -999.00 -999.00 -999.00 -999.00 1.60000 76.00 21.67 101.25 0.00 410.00 -999.00 -999.00 -999.00 -999.00 -999.00 -999.00 339.00 111.00 223.00
2017 208 9 0 -999.00 -999.00 -999.00 -999.00 -999.00 1.70000 72.67 22.41 101.20 0.00 453.00 -999.00 -999.00 -999.00 -999.00 -999.00 -999.00 335.00 153.00 216.00
2017 208 10 0 -999.00 -999.00 -999.00 -999.00 -999.00 1.80000 73.33 23.52 101.13 0.00 572.00 -999.00 -999.00 -999.00 -999.00 -999.00 -999.00 381.00 218.00 212.00
2017 208 11 0 -999.00 -999.00 -999.00 -999.00 -999.00 1.80000 74.00 24.44 101.08 0.00 515.00 -999.00 -999.00 -999.00 -999.00 -999.00 -999.00 419.00 105.00 212.00
2017 208 12 0 -999.00 -999.00 -999.00 -999.00 -999.00 1.80000 73.50 24.44 101.00 0.00 519.00 -999.00 -999.00 -999.00 -999.00 -999.00 -999.00 423.00 104.00 210.00
2017 208 13 0 -999.00 -999.00 -999.00 -999.00 -999.00 1.80000 71.00 25.00 100.95 0.00 127.00 -999.00 -999.00 -999.00 -999.00 -999.00 -999.00 127.00 0.00 201.00
2017 208 14 0 -999.00 -999.00 -999.00 -999.00 -999.00 2.10000 84.50 23.06 100.91 0.00 320.00 -999.00 -999.00 -999.00 -999.00 -999.00 -999.00 297.00 29.00 190.00
2017 208 15 0 -999.00 -999.00 -999.00 -999.00 -999.00 2.30000 82.00 23.33 100.88 0.00 62.00 -999.00 -999.00 -999.00 -999.00 -999.00 -999.00 62.00 0.00 187.00
2017 208 16 0 -999.00 -999.00 -999.00 -999.00 -999.00 2.40000 85.00 23.33 100.81 0.00 240.00 -999.00 -999.00 -999.00 -999.00 -999.00 -999.00 219.00 43.00 186.00
2017 208 17 0 -999.00 -999.00 -999.00 -999.00 -999.00 2.30000 80.50 24.17 100.76 0.00 15.00 -999.00 -999.00 -999.00 -999.00 -999.00 -999.00 15.00 0.00 184.00
2017 208 18 0 -999.00 -999.00 -999.00 -999.00 -999.00 2.30000 79.67 24.44 100.75 0.00 26.00 -999.00 -999.00 -999.00 -999.00 -999.00 -999.00 26.00 0.00 187.00
2017 208 19 0 -999.00 -999.00 -999.00 -999.00 -999.00 2.20000 79.00 24.44 100.75 0.00 0.00 -999.00 -999.00 -999.00 -999.00 -999.00 -999.00 0.00 0.00 192.00
2017 208 20 0 -999.00 -999.00 -999.00 -999.00 -999.00 2.10000 82.00 23.89 100.71 0.00 0.00 -999.00 -999.00 -999.00 -999.00 -999.00 -999.00 0.00 0.00 197.00
2017 208 21 0 -999.00 -999.00 -999.00 -999.00 -999.00 2.00000 82.00 23.89 100.75 0.00 0.00 -999.00 -999.00 -999.00 -999.00 -999.00 -999.00 0.00 0.00 202.00
2017 208 22 0 -999.00 -999.00 -999.00 -999.00 -999.00 1.80000 82.50 23.89 100.71 0.00 0.00 -999.00 -999.00 -999.00 -999.00 -999.00 -999.00 0.00 0.00 207.00
2017 208 23 0 -999.00 -999.00 -999.00 -999.00 -999.00 1.70000 83.50 23.61 100.68 0.00 0.00 -999.00 -999.00 -999.00 -999.00 -999.00 -999.00 0.00 0.00 215.00
2017 209 0 0 -999.00 -999.00 -999.00 -999.00 -999.00 1.60000 85.00 23.33 100.68 0.00 0.00 -999.00 -999.00 -999.00 -999.00 -999.00 -999.00 0.00 0.00 230.00
2017 209 1 0 -999.00 -999.00 -999.00 -999.00 -999.00 1.30000 87.00 22.78 100.61 0.00 0.00 -999.00 -999.00 -999.00 -999.00 -999.00 -999.00 0.00 0.00 258.00
2017 209 2 0 -999.00 -999.00 -999.00 -999.00 -999.00 1.10000 90.00 22.78 100.61 0.00 0.00 -999.00 -999.00 -999.00 -999.00 -999.00 -999.00 0.00 0.00 292.00
2017 209 3 0 -999.00 -999.00 -999.00 -999.00 -999.00 0.90000 87.00 22.78 100.58 0.00 0.00 -999.00 -999.00 -999.00 -999.00 -999.00 -999.00 0.00 0.00 323.00
2017 209 4 0 -999.00 -999.00 -999.00 -999.00 -999.00 0.80000 91.00 22.22 100.61 0.00 0.00 -999.00 -999.00 -999.00 -999.00 -999.00 -999.00 0.00 0.00 170.00
2017 209 5 0 -999.00 -999.00 -999.00 -999.00 -999.00 0.80000 91.00 22.22 100.61 0.00 61.00 -999.00 -999.00 -999.00 -999.00 -999.00 -999.00 40.00 187.00 12.00
2017 209 6 0 -999.00 -999.00 -999.00 -999.00 -999.00 0.90000 90.00 22.78 100.61 0.00 224.00 -999.00 -999.00 -999.00 -999.00 -999.00 -999.00 86.00 463.00 30.00
2017 209 7 0 -999.00 -999.00 -999.00 -999.00 -999.00 1.00000 86.00 23.61 100.64 0.00 361.00 -999.00 -999.00 -999.00 -999.00 -999.00 -999.00 175.00 388.00 46.00
2017 209 8 0 -999.00 -999.00 -999.00 -999.00 -999.00 1.00000 82.00 24.44 100.64 0.00 530.00 -999.00 -999.00 -999.00 -999.00 -999.00 -999.00 198.00 517.00 55.00
2017 209 9 0 -999.00 -999.00 -999.00 -999.00 -999.00 0.90000 79.33 24.63 100.61 0.00 648.00 -999.00 -999.00 -999.00 -999.00 -999.00 -999.00 278.00 477.00 65.00
2017 209 10 0 -999.00 -999.00 -999.00 -999.00 -999.00 0.80000 74.00 25.00 100.61 0.00 730.00 -999.00 -999.00 -999.00 -999.00 -999.00 -999.00 287.00 509.00 75.00
2017 209 11 0 -999.00 -999.00 -999.00 -999.00 -999.00 0.70000 65.00 27.22 100.61 0.00 751.00 -999.00 -999.00 -999.00 -999.00 -999.00 -999.00 282.00 509.00 86.00
2017 209 12 0 -999.00 -999.00 -999.00 -999.00 -999.00 0.80000 58.00 27.78 100.58 0.00 726.00 -999.00 -999.00 -999.00 -999.00 -999.00 -999.00 315.00 445.00 94.00
2017 209 13 0 -999.00 -999.00 -999.00 -999.00 -999.00 0.90000 53.00 28.33 100.54 0.00 743.00 -999.00 -999.00 -999.00 -999.00 -999.00 -999.00 286.00 522.00 102.00
2017 209 14 0 -999.00 -999.00 -999.00 -999.00 -999.00 0.80000 51.00 29.44 100.47 0.00 539.00 -999.00 -999.00 -999.00 -999.00 -999.00 -999.00 313.00 288.00 132.00
2017 209 15 0 -999.00 -999.00 -999.00 -999.00 -999.00 0.60000 67.00 27.22 100.44 0.00 318.00 -999.00 -999.00 -999.00 -999.00 -999.00 -999.00 286.00 49.00 131.00
2017 209 16 0 -999.00 -999.00 -999.00 -999.00 -999.00 0.50000 62.00 27.22 100.41 0.00 332.00 -999.00 -999.00 -999.00 -999.00 -999.00 -999.00 239.00 188.00 93.00
2017 209 17 0 -999.00 -999.00 -999.00 -999.00 -999.00 0.60000 57.00 27.22 100.37 0.00 111.00 -999.00 -999.00 -999.00 -999.00 -999.00 -999.00 108.00 9.00 89.00
2017 209 18 0 -999.00 -999.00 -999.00 -999.00 -999.00 0.80000 56.00 26.67 100.37 0.00 46.00 -999.00 -999.00 -999.00 -999.00 -999.00 -999.00 45.00 4.00 96.00
2017 209 19 0 -999.00 -999.00 -999.00 -999.00 -999.00 1.00000 74.00 25.00 100.41 0.00 0.00 -999.00 -999.00 -999.00 -999.00 -999.00 -999.00 0.00 0.00 82.00
2017 209 20 0 -999.00 -999.00 -999.00 -999.00 -999.00 1.10000 79.00 24.44 100.44 0.00 0.00 -999.00 -999.00 -999.00 -999.00 -999.00 -999.00 0.00 0.00 58.00
2017 209 21 0 -999.00 -999.00 -999.00 -999.00 -999.00 1.30000 74.00 24.72 100.44 0.00 0.00 -999.00 -999.00 -999.00 -999.00 -999.00 -999.00 0.00 0.00 42.00
2017 209 22 0 -999.00 -999.00 -999.00 -999.00 -999.00 1.60000 77.00 24.44 100.44 0.00 0.00 -999.00 -999.00 -999.00 -999.00 -999.00 -999.00 0.00 0.00 39.00
2017 209 23 0 -999.00 -999.00 -999.00 -999.00 -999.00 1.80000 56.00 25.00 100.41 0.00 0.00 -999.00 -999.00 -999.00 -999.00 -999.00 -999.00 0.00 0.00 39.00
2017 210 0 0 -999.00 -999.00 -999.00 -999.00 -999.00 2.00000 56.00 24.44 100.37 0.00 0.00 -999.00 -999.00 -999.00 -999.00 -999.00 -999.00 0.00 0.00 33.00
2017 210 1 0 -999.00 -999.00 -999.00 -999.00 -999.00 2.40000 55.00 23.89 100.34 0.00 0.00 -999.00 -999.00 -999.00 -999.00 -999.00 -999.00 0.00 0.00 28.00
2017 210 2 0 -999.00 -999.00 -999.00 -999.00 -999.00 2.90000 54.00 23.33 100.30 0.00 0.00 -999.00 -999.00 -999.00 -999.00 -999.00 -999.00 0.00 0.00 30.00
2017 210 3 0 -999.00 -999.00 -999.00 -999.00 -999.00 3.10000 51.00 22.78 100.30 0.00 0.00 -999.00 -999.00 -999.00 -999.00 -999.00 -999.00 0.00 0.00 29.00
2017 210 4 0 -999.00 -999.00 -999.00 -999.00 -999.00 3.40000 44.00 22.22 100.34 0.00 0.00 -999.00 -999.00 -999.00 -999.00 -999.00 -999.00 0.00 0.00 26.00
2017 210 5 0 -999.00 -999.00 -999.00 -999.00 -999.00 3.60000 47.00 21.67 100.34 0.00 21.00 -999.00 -999.00 -999.00 -999.00 -999.00 -999.00 21.00 0.00 26.00
2017 210 6 0 -999.00 -999.00 -999.00 -999.00 -999.00 3.80000 49.00 21.11 100.34 0.00 36.00 -999.00 -999.00 -999.00 -999.00 -999.00 -999.00 36.00 0.00 27.00
2017 210 7 0 -999.00 -999.00 -999.00 -999.00 -999.00 4.00000 51.00 21.11 100.41 0.00 135.00 -999.00 -999.00 -999.00 -999.00 -999.00 -999.00 132.00 6.00 29.00
2017 210 8 0 -999.00 -999.00 -999.00 -999.00 -999.00 4.10000 59.00 20.00 100.41 0.00 239.00 -999.00 -999.00 -999.00 -999.00 -999.00 -999.00 228.00 18.00 31.00
2017 210 9 0 -999.00 -999.00 -999.00 -999.00 -999.00 4.20000 61.00 20.00 100.41 0.00 323.00 -999.00 -999.00 -999.00 -999.00 -999.00 -999.00 303.00 26.00 33.00
2017 210 10 0 -999.00 -999.00 -999.00 -999.00 -999.00 4.40000 60.50 20.83 100.47 0.00 485.00 -999.00 -999.00 -999.00 -999.00 -999.00 -999.00 401.00 97.00 34.00
2017 210 11 0 -999.00 -999.00 -999.00 -999.00 -999.00 4.40000 59.00 21.11 100.44 0.00 593.00 -999.00 -999.00 -999.00 -999.00 -999.00 -999.00 402.00 208.00 34.00
2017 210 12 0 -999.00 -999.00 -999.00 -999.00 -999.00 4.30000 54.00 21.94 100.44 0.00 456.00 -999.00 -999.00 -999.00 -999.00 -999.00 -999.00 425.00 34.00 32.00
2017 210 13 0 -999.00 -999.00 -999.00 -999.00 -999.00 4.00000 59.00 21.67 100.47 0.00 249.00 -999.00 -999.00 -999.00 -999.00 -999.00 -999.00 249.00 0.00 31.00
2017 210 14 0 -999.00 -999.00 -999.00 -999.00 -999.00 3.50000 57.00 21.67 100.47 0.00 182.00 -999.00 -999.00 -999.00 -999.00 -999.00 -999.00 182.00 0.00 31.00
2017 210 15 0 -999.00 -999.00 -999.00 -999.00 -999.00 3.10000 57.00 22.22 100.47 0.00 142.00 -999.00 -999.00 -999.00 -999.00 -999.00 -999.00 142.00 0.00 31.00
2017 210 16 0 -999.00 -999.00 -999.00 -999.00 -999.00 3.00000 57.00 23.33 100.47 0.00 309.00 -999.00 -999.00 -999.00 -999.00 -999.00 -999.00 216.00 190.00 30.00
2017 210 17 0 -999.00 -999.00 -999.00 -999.00 -999.00 2.80000 47.00 24.44 100.47 0.00 107.00 -999.00 -999.00 -999.00 -999.00 -999.00 -999.00 106.00 3.00 28.00
2017 210 18 0 -999.00 -999.00 -999.00 -999.00 -999.00 2.70000 47.00 24.44 100.54 0.00 78.00 -999.00 -999.00 -999.00 -999.00 -999.00 -999.00 35.00 345.00 25.00
2017 210 19 0 -999.00 -999.00 -999.00 -999.00 -999.00 2.50000 48.00 23.89 100.58 0.00 0.00 -999.00 -999.00 -999.00 -999.00 -999.00 -999.00 0.00 0.00 20.00
2017 210 20 0 -999.00 -999.00 -999.00 -999.00 -999.00 2.40000 51.00 22.78 100.64 0.00 0.00 -999.00 -999.00 -999.00 -999.00 -999.00 -999.00 0.00 0.00 15.00
2017 210 21 0 -999.00 -999.00 -999.00 -999.00 -999.00 2.20000 57.00 21.67 100.71 0.00 0.00 -999.00 -999.00 -999.00 -999.00 -999.00 -999.00 0.00 0.00 10.00
2017 210 22 0 -999.00 -999.00 -999.00 -999.00 -999.00 2.20000 53.00 21.67 100.75 0.00 0.00 -999.00 -999.00 -999.00 -999.00 -999.00 -999.00 0.00 0.00 6.00
2017 210 23 0 -999.00 -999.00 -999.00 -999.00 -999.00 2.10000 51.00 21.11 100.78 0.00 0.00 -999.00 -999.00 -999.00 -999.00 -999.00 -999.00 0.00 0.00 3.00
2017 211 0 0 -999.00 -999.00 -999.00 -999.00 -999.00 2.10000 51.00 20.56 100.78 0.00 0.00 -999.00 -999.00 -999.00 -999.00 -999.00 -999.00 0.00 0.00 179.00
2017 211 1 0 -999.00 -999.00 -999.00 -999.00 -999.00 2.00000 51.00 20.00 100.78 0.00 0.00 -999.00 -999.00 -999.00 -999.00 -999.00 -999.00 0.00 0.00 356.00
2017 211 2 0 -999.00 -999.00 -999.00 -999.00 -999.00 2.00000 57.00 19.44 100.78 0.00 0.00 -999.00 -999.00 -999.00 -999.00 -999.00 -999.00 0.00 0.00 353.00
2017 211 3 0 -999.00 -999.00 -999.00 -999.00 -999.00 2.10000 63.00 18.89 100.81 0.00 0.00 -999.00 -999.00 -999.00 -999.00 -999.00 -999.00 0.00 0.00 352.00
2017 211 4 0 -999.00 -999.00 -999.00 -999.00 -999.00 2.30000 63.00 18.33 100.88 0.00 0.00 -999.00 -999.00 -999.00 -999.00 -999.00 -999.00 0.00 0.00 350.00
2017 211 5 0 -999.00 -999.00 -999.00 -999.00 -999.00 2.50000 65.00 17.78 100.91 0.00 70.00 -999.00 -999.00 -999.00 -999.00 -999.00 -999.00 30.00 370.00 350.00
2017 211 6 0 -999.00 -999.00 -999.00 -999.00 -999.00 2.60000 61.00 18.33 100.98 0.00 246.00 -999.00 -999.00 -999.00 -999.00 -999.00 -999.00 56.00 645.00 178.00
2017 211 7 0 -999.00 -999.00 -999.00 -999.00 -999.00 2.60000 61.00 18.89 101.05 0.00 441.00 -999.00 -999.00 -999.00 -999.00 -999.00 -999.00 71.00 777.00 8.00
2017 211 8 0 -999.00 -999.00 -999.00 -999.00 -999.00 2.40000 55.00 20.56 101.08 0.00 625.00 -999.00 -999.00 -999.00 -999.00 -999.00 -999.00 81.00 853.00 13.00
2017 211 9 0 -999.00 -999.00 -999.00 -999.00 -999.00 2.20000 53.00 21.67 101.12 0.00 780.00 -999.00 -999.00 -999.00 -999.00 -999.00 -999.00 88.00 897.00 13.00
2017 211 10 0 -999.00 -999.00 -999.00 -999.00 -999.00 1.80000 46.00 22.78 101.12 0.00 890.00 -999.00 -999.00 -999.00 -999.00 -999.00 -999.00 98.00 913.00 9.00
2017 211 11 0 -999.00 -999.00 -999.00 -999.00 -999.00 1.40000 45.00 24.44 101.15 0.00 952.00 -999.00 -999.00 -999.00 -999.00 -999.00 -999.00 99.00 930.00 183.00
2017 211 12 0 -999.00 -999.00 -999.00 -999.00 -999.00 1.10000 38.00 26.11 101.19 0.00 954.00 -999.00 -999.00 -999.00 -999.00 -999.00 -999.00 98.00 932.00 356.00
2017 211 13 0 -999.00 -999.00 -999.00 -999.00 -999.00 0.80000 34.00 26.67 101.19 0.00 898.00 -999.00 -999.00 -999.00 -999.00 -999.00 -999.00 96.00 919.00 350.00
2017 211 14 0 -999.00 -999.00 -999.00 -999.00 -999.00 0.50000 34.00 27.22 101.15 0.00 790.00 -999.00 -999.00 -999.00 -999.00 -999.00 -999.00 91.00 896.00 344.00
2017 211 15 0 -999.00 -999.00 -999.00 -999.00 -999.00 0.40000 37.00 26.67 101.15 0.00 636.00 -999.00 -999.00 -999.00 -999.00 -999.00 -999.00 83.00 852.00 340.00
2017 211 16 0 -999.00 -999.00 -999.00 -999.00 -999.00 0.50000 35.00 26.67 101.15 0.00 453.00 -999.00 -999.00 -999.00 -999.00 -999.00 -999.00 72.00 783.00 338.00
2017 211 17 0 -999.00 -999.00 -999.00 -999.00 -999.00 0.70000 36.00 26.11 101.15 0.00 257.00 -999.00 -999.00 -999.00 -999.00 -999.00 -999.00 56.00 655.00 332.00
2017 211 18 0 -999.00 -999.00 -999.00 -999.00 -999.00 0.90000 39.00 25.56 101.15 0.00 79.00 -999.00 -999.00 -999.00 -999.00 -999.00 -999.00 31.00 402.00 330.00
2017 211 19 0 -999.00 -999.00 -999.00 -999.00 -999.00 1.20000 37.00 25.00 101.22 0.00 0.00 -999.00 -999.00 -999.00 -999.00 -999.00 -999.00 0.00 0.00 333.00
2017 211 20 0 -999.00 -999.00 -999.00 -999.00 -999.00 1.30000 43.00 23.33 101.25 0.00 0.00 -999.00 -999.00 -999.00 -999.00 -999.00 -999.00 0.00 0.00 334.00
2017 211 21 0 -999.00 -999.00 -999.00 -999.00 -999.00 1.30000 50.00 22.78 101.29 0.00 0.00 -999.00 -999.00 -999.00 -999.00 -999.00 -999.00 0.00 0.00 328.00
2017 211 22 0 -999.00 -999.00 -999.00 -999.00 -999.00 1.40000 55.00 22.22 101.32 0.00 0.00 -999.00 -999.00 -999.00 -999.00 -999.00 -999.00 0.00 0.00 309.00
2017 211 23 0 -999.00 -999.00 -999.00 -999.00 -999.00 1.50000 59.00 21.67 101.35 0.00 0.00 -999.00 -999.00 -999.00 -999.00 -999.00 -999.00 0.00 0.00 286.00
2017 212 0 0 -999.00 -999.00 -999.00 -999.00 -999.00 1.60000 57.00 21.11 101.32 0.00 0.00 -999.00 -999.00 -999.00 -999.00 -999.00 -999.00 0.00 0.00 274.00
2017 212 1 0 -999.00 -999.00 -999.00 -999.00 -999.00 1.70000 57.00 21.11 101.32 0.00 0.00 -999.00 -999.00 -999.00 -999.00 -999.00 -999.00 0.00 0.00 275.00
2017 212 2 0 -999.00 -999.00 -999.00 -999.00 -999.00 1.70000 57.00 20.56 101.32 0.00 0.00 -999.00 -999.00 -999.00 -999.00 -999.00 -999.00 0.00 0.00 282.00
2017 212 3 0 -999.00 -999.00 -999.00 -999.00 -999.00 1.60000 59.00 20.00 101.29 0.00 0.00 -999.00 -999.00 -999.00 -999.00 -999.00 -999.00 0.00 0.00 293.00
2017 212 4 0 -999.00 -999.00 -999.00 -999.00 -999.00 1.30000 63.00 19.44 101.25 0.00 0.00 -999.00 -999.00 -999.00 -999.00 -999.00 -999.00 0.00 0.00 306.00
2017 212 5 0 -999.00 -999.00 -999.00 -999.00 -999.00 1.20000 66.00 19.44 101.32 0.00 65.00 -999.00 -999.00 -999.00 -999.00 -999.00 -999.00 29.00 344.00 318.00
2017 212 6 0 -999.00 -999.00 -999.00 -999.00 -999.00 1.00000 68.00 19.44 101.32 0.00 238.00 -999.00 -999.00 -999.00 -999.00 -999.00 -999.00 59.00 614.00 320.00
2017 212 7 0 -999.00 -999.00 -999.00 -999.00 -999.00 0.80000 61.00 21.11 101.35 0.00 430.00 -999.00 -999.00 -999.00 -999.00 -999.00 -999.00 77.00 747.00 318.00
2017 212 8 0 -999.00 -999.00 -999.00 -999.00 -999.00 0.70000 61.00 21.67 101.35 0.00 611.00 -999.00 -999.00 -999.00 -999.00 -999.00 -999.00 90.00 818.00 327.00
2017 212 9 0 -999.00 -999.00 -999.00 -999.00 -999.00 0.40000 55.00 23.89 101.35 0.00 763.00 -999.00 -999.00 -999.00 -999.00 -999.00 -999.00 101.00 859.00 337.00
2017 212 10 0 -999.00 -999.00 -999.00 -999.00 -999.00 0.20000 47.00 26.67 101.35 0.00 859.00 -999.00 -999.00 -999.00 -999.00 -999.00 -999.00 130.00 843.00 339.00
2017 212 11 0 -999.00 -999.00 -999.00 -999.00 -999.00 0.20000 41.00 27.78 101.35 0.00 915.00 -999.00 -999.00 -999.00 -999.00 -999.00 -999.00 136.00 851.00 255.00
2017 212 12 0 -999.00 -999.00 -999.00 -999.00 -999.00 0.40000 36.00 29.44 101.32 0.00 915.00 -999.00 -999.00 -999.00 -999.00 -999.00 -999.00 140.00 845.00 172.00
2017 212 13 0 -999.00 -999.00 -999.00 -999.00 -999.00 0.70000 37.00 30.56 101.25 0.00 856.00 -999.00 -999.00 -999.00 -999.00 -999.00 -999.00 138.00 825.00 173.00
2017 212 14 0 -999.00 -999.00 -999.00 -999.00 -999.00 1.00000 38.00 31.11 101.19 0.00 748.00 -999.00 -999.00 -999.00 -999.00 -999.00 -999.00 137.00 784.00 177.00
2017 212 15 0 -999.00 -999.00 -999.00 -999.00 -999.00 1.20000 40.00 30.56 101.12 0.00 595.00 -999.00 -999.00 -999.00 -999.00 -999.00 -999.00 129.00 721.00 182.00
2017 212 16 0 -999.00 -999.00 -999.00 -999.00 -999.00 1.40000 45.00 30.00 101.12 0.00 417.00 -999.00 -999.00 -999.00 -999.00 -999.00 -999.00 117.00 619.00 189.00
2017 212 17 0 -999.00 -999.00 -999.00 -999.00 -999.00 1.50000 43.00 30.00 101.12 0.00 229.00 -999.00 -999.00 -999.00 -999.00 -999.00 -999.00 90.00 460.00 193.00
2017 212 18 0 -999.00 -999.00 -999.00 -999.00 -999.00 1.60000 51.00 27.78 101.15 0.00 65.00 -999.00 -999.00 -999.00 -999.00 -999.00 -999.00 41.00 211.00 194.00
2017 212 19 0 -999.00 -999.00 -999.00 -999.00 -999.00 1.70000 56.00 26.11 101.19 0.00 0.00 -999.00 -999.00 -999.00 -999.00 -999.00 -999.00 0.00 0.00 198.00
2017 212 20 0 -999.00 -999.00 -999.00 -999.00 -999.00 1.60000 52.00 26.11 101.22 0.00 0.00 -999.00 -999.00 -999.00 -999.00 -999.00 -999.00 0.00 0.00 207.00
2017 212 21 0 -999.00 -999.00 -999.00 -999.00 -999.00 1.50000 56.00 25.56 101.22 0.00 0.00 -999.00 -999.00 -999.00 -999.00 -999.00 -999.00 0.00 0.00 219.00
2017 212 22 0 -999.00 -999.00 -999.00 -999.00 -999.00 1.20000 58.00 25.00 101.22 0.00 0.00 -999.00 -999.00 -999.00 -999.00 -999.00 -999.00 0.00 0.00 233.00
2017 212 23 0 -999.00 -999.00 -999.00 -999.00 -999.00 1.00000 60.00 25.00 101.19 0.00 0.00 -999.00 -999.00 -999.00 -999.00 -999.00 -999.00 0.00 0.00 252.00
2017 213 0 0 -999.00 -999.00 -999.00 -999.00 -999.00 0.80000 67.00 24.44 101.15 0.00 0.00 -999.00 -999.00 -999.00 -999.00 -999.00 -999.00 0.00 0.00 273.00
2017 213 1 0 -999.00 -999.00 -999.00 -999.00 -999.00 0.70000 67.00 24.44 101.15 0.00 0.00 -999.00 -999.00 -999.00 -999.00 -999.00 -999.00 0.00 0.00 301.00
2017 213 2 0 -999.00 -999.00 -999.00 -999.00 -999.00 0.60000 69.00 23.89 101.15 0.00 0.00 -999.00 -999.00 -999.00 -999.00 -999.00 -999.00 0.00 0.00 330.00
2017 213 3 0 -999.00 -999.00 -999.00 -999.00 -999.00 0.60000 69.00 23.33 101.15 0.00 0.00 -999.00 -999.00 -999.00 -999.00 -999.00 -999.00 0.00 0.00 347.00
2017 213 4 0 -999.00 -999.00 -999.00 -999.00 -999.00 0.60000 67.00 23.33 101.19 0.00 0.00 -999.00 -999.00 -999.00 -999.00 -999.00 -999.00 0.00 0.00 356.00
2017 213 5 0 -999.00 -999.00 -999.00 -999.00 -999.00 0.60000 68.00 21.67 101.22 0.00 60.00 -999.00 -999.00 -999.00 -999.00 -999.00 -999.00 30.00 290.00 180.00
2017 213 6 0 -999.00 -999.00 -999.00 -999.00 -999.00 0.70000 68.00 22.22 101.25 0.00 229.00 -999.00 -999.00 -999.00 -999.00 -999.00 -999.00 64.00 570.00 9.00
2017 213 7 0 -999.00 -999.00 -999.00 -999.00 -999.00 0.70000 66.00 23.89 101.29 0.00 419.00 -999.00 -999.00 -999.00 -999.00 -999.00 -999.00 84.00 713.00 17.00
2017 213 8 0 -999.00 -999.00 -999.00 -999.00 -999.00 0.60000 62.00 25.00 101.32 0.00 600.00 -999.00 -999.00 -999.00 -999.00 -999.00 -999.00 97.00 794.00 11.00
2017 213 9 0 -999.00 -999.00 -999.00 -999.00 -999.00 0.40000 57.00 27.22 101.29 0.00 753.00 -999.00 -999.00 -999.00 -999.00 -999.00 -999.00 108.00 839.00 169.00
2017 213 10 0 -999.00 -999.00 -999.00 -999.00 -999.00 0.20000 53.00 27.78 101.29 0.00 861.00 -999.00 -999.00 -999.00 -999.00 -999.00 -999.00 115.00 864.00 294.00
2017 213 11 0 -999.00 -999.00 -999.00 -999.00 -999.00 0.40000 45.00 30.00 101.25 0.00 917.00 -999.00 -999.00 -999.00 -999.00 -999.00 -999.00 121.00 872.00 236.00
2017 213 12 0 -999.00 -999.00 -999.00 -999.00 -999.00 0.70000 40.00 30.56 101.22 0.00 916.00 -999.00 -999.00 -999.00 -999.00 -999.00 -999.00 124.00 865.00 214.00
2017 213 13 0 -999.00 -999.00 -999.00 -999.00 -999.00 0.90000 35.00 31.67 101.19 0.00 861.00 -999.00 -999.00 -999.00 -999.00 -999.00 -999.00 122.00 851.00 207.00
2017 213 14 0 -999.00 -999.00 -999.00 -999.00 -999.00 1.10000 32.00 32.78 101.15 0.00 751.00 -999.00 -999.00 -999.00 -999.00 -999.00 -999.00 122.00 811.00 205.00
2017 213 15 0 -999.00 -999.00 -999.00 -999.00 -999.00 1.20000 36.00 31.67 101.12 0.00 599.00 -999.00 -999.00 -999.00 -999.00 -999.00 -999.00 116.00 751.00 205.00
2017 213 16 0 -999.00 -999.00 -999.00 -999.00 -999.00 1.30000 40.00 30.00 101.08 0.00 419.00 -999.00 -999.00 -999.00 -999.00 -999.00 -999.00 107.00 645.00 203.00
2017 213 17 0 -999.00 -999.00 -999.00 -999.00 -999.00 1.40000 48.00 30.00 101.08 0.00 231.00 -999.00 -999.00 -999.00 -999.00 -999.00 -999.00 82.00 493.00 200.00
2017 213 18 0 -999.00 -999.00 -999.00 -999.00 -999.00 1.60000 49.00 28.89 101.08 0.00 64.00 -999.00 -999.00 -999.00 -999.00 -999.00 -999.00 38.00 233.00 198.00
2017 213 19 0 -999.00 -999.00 -999.00 -999.00 -999.00 1.80000 53.00 27.78 101.15 0.00 0.00 -999.00 -999.00 -999.00 -999.00 -999.00 -999.00 0.00 0.00 199.00
2017 213 20 0 -999.00 -999.00 -999.00 -999.00 -999.00 1.90000 54.00 27.22 101.19 0.00 0.00 -999.00 -999.00 -999.00 -999.00 -999.00 -999.00 0.00 0.00 203.00
2017 213 21 0 -999.00 -999.00 -999.00 -999.00 -999.00 1.90000 57.00 27.22 101.22 0.00 0.00 -999.00 -999.00 -999.00 -999.00 -999.00 -999.00 0.00 0.00 209.00
2017 213 22 0 -999.00 -999.00 -999.00 -999.00 -999.00 1.80000 58.00 26.67 101.25 0.00 0.00 -999.00 -999.00 -999.00 -999.00 -999.00 -999.00 0.00 0.00 216.00
2017 213 23 0 -999.00 -999.00 -999.00 -999.00 -999.00 1.70000 62.00 26.11 101.25 0.00 0.00 -999.00 -999.00 -999.00 -999.00 -999.00 -999.00 0.00 0.00 222.00
2017 214 0 0 -999.00 -999.00 -999.00 -999.00 -999.00 1.50000 67.00 25.56 101.25 0.00 0.00 -999.00 -999.00 -999.00 -999.00 -999.00 -999.00 0.00 0.00 227.00
2017 214 1 0 -999.00 -999.00 -999.00 -999.00 -999.00 1.40000 69.00 25.56 101.22 0.00 0.00 -999.00 -999.00 -999.00 -999.00 -999.00 -999.00 0.00 0.00 231.00
2017 214 2 0 -999.00 -999.00 -999.00 -999.00 -999.00 1.20000 69.00 25.56 101.22 0.00 0.00 -999.00 -999.00 -999.00 -999.00 -999.00 -999.00 0.00 0.00 233.00
2017 214 3 0 -999.00 -999.00 -999.00 -999.00 -999.00 1.10000 69.00 25.00 101.19 0.00 0.00 -999.00 -999.00 -999.00 -999.00 -999.00 -999.00 0.00 0.00 231.00
2017 214 4 0 -999.00 -999.00 -999.00 -999.00 -999.00 1.10000 71.00 25.00 101.22 0.00 0.00 -999.00 -999.00 -999.00 -999.00 -999.00 -999.00 0.00 0.00 226.00
2017 214 5 0 -999.00 -999.00 -999.00 -999.00 -999.00 1.20000 74.00 24.44 101.22 0.00 34.00 -999.00 -999.00 -999.00 -999.00 -999.00 -999.00 34.00 1.00 218.00
2017 214 6 0 -999.00 -999.00 -999.00 -999.00 -999.00 1.30000 77.00 24.44 101.25 0.00 130.00 -999.00 -999.00 -999.00 -999.00 -999.00 -999.00 122.00 30.00 210.00
2017 214 7 0 -999.00 -999.00 -999.00 -999.00 -999.00 1.20000 79.00 25.00 101.29 0.00 303.00 -999.00 -999.00 -999.00 -999.00 -999.00 -999.00 206.00 208.00 208.00
2017 214 8 0 -999.00 -999.00 -999.00 -999.00 -999.00 1.10000 69.00 26.11 101.32 0.00 482.00 -999.00 -999.00 -999.00 -999.00 -999.00 -999.00 234.00 393.00 209.00
2017 214 9 0 -999.00 -999.00 -999.00 -999.00 -999.00 1.10000 67.00 27.22 101.32 0.00 557.00 -999.00 -999.00 -999.00 -999.00 -999.00 -999.00 409.00 194.00 203.00
2017 214 10 0 -999.00 -999.00 -999.00 -999.00 -999.00 1.20000 59.00 28.89 101.32 0.00 700.00 -999.00 -999.00 -999.00 -999.00 -999.00 -999.00 445.00 295.00 192.00
2017 214 11 0 -999.00 -999.00 -999.00 -999.00 -999.00 1.30000 53.00 30.00 101.32 0.00 239.00 -999.00 -999.00 -999.00 -999.00 -999.00 -999.00 237.00 3.00 183.00
2017 214 12 0 -999.00 -999.00 -999.00 -999.00 -999.00 1.50000 72.00 26.11 101.29 0.00 350.00 -999.00 -999.00 -999.00 -999.00 -999.00 -999.00 340.00 11.00 181.00
2017 214 13 0 -999.00 -999.00 -999.00 -999.00 -999.00 1.50000 82.00 25.56 101.25 0.00 224.00 -999.00 -999.00 -999.00 -999.00 -999.00 -999.00 222.00 2.00 184.00
2017 214 14 0 -999.00 -999.00 -999.00 -999.00 -999.00 1.50000 76.00 25.56 101.25 0.00 482.00 -999.00 -999.00 -999.00 -999.00 -999.00 -999.00 362.00 155.00 189.00
2017 214 15 0 -999.00 -999.00 -999.00 -999.00 -999.00 1.50000 82.00 25.56 101.19 0.00 26.00 -999.00 -999.00 -999.00 -999.00 -999.00 -999.00 26.00 0.00 193.00
2017 214 16 0 -999.00 -999.00 -999.00 -999.00 -999.00 1.30000 81.00 22.78 101.39 0.25 9.00 -999.00 -999.00 -999.00 -999.00 -999.00 -999.00 9.00 0.00 195.00
2017 214 17 0 -999.00 -999.00 -999.00 -999.00 -999.00 1.10000 91.33 20.74 101.46 1.27 116.00 -999.00 -999.00 -999.00 -999.00 -999.00 -999.00 112.00 14.00 196.00
2017 214 18 0 -999.00 -999.00 -999.00 -999.00 -999.00 0.90000 93.00 21.11 101.29 0.00 29.00 -999.00 -999.00 -999.00 -999.00 -999.00 -999.00 29.00 1.00 197.00
2017 214 19 0 -999.00 -999.00 -999.00 -999.00 -999.00 1.00000 93.00 20.56 101.32 0.00 0.00 -999.00 -999.00 -999.00 -999.00 -999.00 -999.00 0.00 0.00 194.00
2017 214 20 0 -999.00 -999.00 -999.00 -999.00 -999.00 0.90000 93.00 20.56 101.39 0.00 0.00 -999.00 -999.00 -999.00 -999.00 -999.00 -999.00 0.00 0.00 189.00
2017 214 21 0 -999.00 -999.00 -999.00 -999.00 -999.00 0.90000 87.00 20.56 101.42 0.00 0.00 -999.00 -999.00 -999.00 -999.00 -999.00 -999.00 0.00 0.00 185.00
2017 214 22 0 -999.00 -999.00 -999.00 -999.00 -999.00 0.90000 87.00 21.11 101.46 0.00 0.00 -999.00 -999.00 -999.00 -999.00 -999.00 -999.00 0.00 0.00 187.00
2017 214 23 0 -999.00 -999.00 -999.00 -999.00 -999.00 1.00000 90.00 21.11 101.49 0.00 0.00 -999.00 -999.00 -999.00 -999.00 -999.00 -999.00 0.00 0.00 193.00
2017 215 0 0 -999.00 -999.00 -999.00 -999.00 -999.00 1.00000 87.00 21.11 101.42 0.00 0.00 -999.00 -999.00 -999.00 -999.00 -999.00 -999.00 0.00 0.00 200.00
2017 215 1 0 -999.00 -999.00 -999.00 -999.00 -999.00 1.10000 87.00 21.11 101.42 0.00 0.00 -999.00 -999.00 -999.00 -999.00 -999.00 -999.00 0.00 0.00 205.00
2017 215 2 0 -999.00 -999.00 -999.00 -999.00 -999.00 1.10000 90.00 21.11 101.39 0.00 0.00 -999.00 -999.00 -999.00 -999.00 -999.00 -999.00 0.00 0.00 210.00
2017 215 3 0 -999.00 -999.00 -999.00 -999.00 -999.00 1.10000 93.00 20.56 101.42 0.00 0.00 -999.00 -999.00 -999.00 -999.00 -999.00 -999.00 0.00 0.00 219.00
2017 215 4 0 -999.00 -999.00 -999.00 -999.00 -999.00 1.00000 93.00 20.56 101.42 0.00 0.00 -999.00 -999.00 -999.00 -999.00 -999.00 -999.00 0.00 0.00 227.00
2017 215 5 0 -999.00 -999.00 -999.00 -999.00 -999.00 0.90000 90.00 20.56 101.42 0.00 49.00 -999.00 -999.00 -999.00 -999.00 -999.00 -999.00 35.00 138.00 233.00
2017 215 6 0 -999.00 -999.00 -999.00 -999.00 -999.00 0.90000 89.00 21.30 101.49 0.00 207.00 -999.00 -999.00 -999.00 -999.00 -999.00 -999.00 90.00 413.00 244.00
2017 215 7 0 -999.00 -999.00 -999.00 -999.00 -999.00 0.80000 87.00 21.67 101.52 0.00 390.00 -999.00 -999.00 -999.00 -999.00 -999.00 -999.00 126.00 567.00 234.00
2017 215 8 0 -999.00 -999.00 -999.00 -999.00 -999.00 0.80000 80.00 23.06 101.57 0.00 565.00 -999.00 -999.00 -999.00 -999.00 -999.00 -999.00 153.00 654.00 200.00
2017 215 9 0 -999.00 -999.00 -999.00 -999.00 -999.00 1.10000 79.00 23.89 101.56 0.00 716.00 -999.00 -999.00 -999.00 -999.00 -999.00 -999.00 165.00 720.00 179.00
2017 215 10 0 -999.00 -999.00 -999.00 -999.00 -999.00 1.40000 67.00 26.11 101.56 0.00 833.00 -999.00 -999.00 -999.00 -999.00 -999.00 -999.00 150.00 795.00 176.00
2017 215 11 0 -999.00 -999.00 -999.00 -999.00 -999.00 1.70000 55.00 28.33 101.52 0.00 889.00 -999.00 -999.00 -999.00 -999.00 -999.00 -999.00 159.00 802.00 177.00
2017 215 12 0 -999.00 -999.00 -999.00 -999.00 -999.00 1.80000 53.00 29.44 101.46 0.00 889.00 -999.00 -999.00 -999.00 -999.00 -999.00 -999.00 162.00 797.00 178.00
2017 215 13 0 -999.00 -999.00 -999.00 -999.00 -999.00 2.00000 48.00 30.00 101.42 0.00 831.00 -999.00 -999.00 -999.00 -999.00 -999.00 -999.00 166.00 769.00 180.00
2017 215 14 0 -999.00 -999.00 -999.00 -999.00 -999.00 2.00000 55.00 29.44 101.39 0.00 722.00 -999.00 -999.00 -999.00 -999.00 -999.00 -999.00 163.00 724.00 182.00
2017 215 15 0 -999.00 -999.00 -999.00 -999.00 -999.00 2.10000 61.00 28.89 101.32 0.00 574.00 -999.00 -999.00 -999.00 -999.00 -999.00 -999.00 150.00 663.00 183.00
2017 215 16 0 -999.00 -999.00 -999.00 -999.00 -999.00 2.00000 61.00 27.22 101.29 0.00 220.00 -999.00 -999.00 -999.00 -999.00 -999.00 -999.00 199.00 43.00 182.00
2017 215 17 0 -999.00 -999.00 -999.00 -999.00 -999.00 1.80000 58.00 27.22 101.29 0.00 163.00 -999.00 -999.00 -999.00 -999.00 -999.00 -999.00 137.00 88.00 177.00
2017 215 18 0 -999.00 -999.00 -999.00 -999.00 -999.00 1.60000 65.00 26.11 101.32 0.00 13.00 -999.00 -999.00 -999.00 -999.00 -999.00 -999.00 13.00 0.00 169.00
2017 215 19 0 -999.00 -999.00 -999.00 -999.00 -999.00 1.60000 67.00 25.56 101.39 0.00 0.00 -999.00 -999.00 -999.00 -999.00 -999.00 -999.00 0.00 0.00 165.00
2017 215 20 0 -999.00 -999.00 -999.00 -999.00 -999.00 1.60000 67.00 25.56 101.39 0.00 0.00 -999.00 -999.00 -999.00 -999.00 -999.00 -999.00 0.00 0.00 165.00
2017 215 21 0 -999.00 -999.00 -999.00 -999.00 -999.00 1.40000 71.00 25.00 101.46 0.00 0.00 -999.00 -999.00 -999.00 -999.00 -999.00 -999.00 0.00 0.00 166.00
2017 215 22 0 -999.00 -999.00 -999.00 -999.00 -999.00 1.30000 71.00 25.00 101.46 0.00 0.00 -999.00 -999.00 -999.00 -999.00 -999.00 -999.00 0.00 0.00 169.00
2017 215 23 0 -999.00 -999.00 -999.00 -999.00 -999.00 1.20000 72.00 24.44 101.39 0.00 0.00 -999.00 -999.00 -999.00 -999.00 -999.00 -999.00 0.00 0.00 172.00
2017 216 0 0 -999.00 -999.00 -999.00 -999.00 -999.00 1.20000 71.00 23.89 101.35 0.00 0.00 -999.00 -999.00 -999.00 -999.00 -999.00 -999.00 0.00 0.00 175.00
2017 216 1 0 -999.00 -999.00 -999.00 -999.00 -999.00 1.20000 76.00 23.33 101.35 0.00 0.00 -999.00 -999.00 -999.00 -999.00 -999.00 -999.00 0.00 0.00 177.00
2017 216 2 0 -999.00 -999.00 -999.00 -999.00 -999.00 1.30000 76.00 23.33 101.35 0.00 0.00 -999.00 -999.00 -999.00 -999.00 -999.00 -999.00 0.00 0.00 179.00
2017 216 3 0 -999.00 -999.00 -999.00 -999.00 -999.00 1.30000 79.00 23.33 101.32 0.00 0.00 -999.00 -999.00 -999.00 -999.00 -999.00 -999.00 0.00 0.00 180.00
2017 216 4 0 -999.00 -999.00 -999.00 -999.00 -999.00 1.50000 82.00 23.33 101.29 0.00 0.00 -999.00 -999.00 -999.00 -999.00 -999.00 -999.00 0.00 0.00 180.00
2017 216 5 0 -999.00 -999.00 -999.00 -999.00 -999.00 1.70000 82.00 23.33 101.29 0.00 31.00 -999.00 -999.00 -999.00 -999.00 -999.00 -999.00 31.00 1.00 179.00
2017 216 6 0 -999.00 -999.00 -999.00 -999.00 -999.00 1.80000 85.67 23.15 101.32 0.51 18.00 -999.00 -999.00 -999.00 -999.00 -999.00 -999.00 18.00 0.00 176.00
2017 216 7 0 -999.00 -999.00 -999.00 -999.00 -999.00 1.80000 95.20 21.67 101.31 2.59 305.00 -999.00 -999.00 -999.00 -999.00 -999.00 -999.00 115.00 408.00 174.00
2017 216 8 0 -999.00 -999.00 -999.00 -999.00 -999.00 1.90000 96.00 21.67 101.35 0.00 512.00 -999.00 -999.00 -999.00 -999.00 -999.00 -999.00 310.00 322.00 171.00
2017 216 9 0 -999.00 -999.00 -999.00 -999.00 -999.00 1.90000 90.00 22.78 101.32 0.00 685.00 -999.00 -999.00 -999.00 -999.00 -999.00 -999.00 241.00 581.00 167.00
2017 216 10 0 -999.00 -999.00 -999.00 -999.00 -999.00 2.00000 90.00 24.63 101.29 0.00 815.00 -999.00 -999.00 -999.00 -999.00 -999.00 -999.00 188.00 730.00 161.00
2017 216 11 0 -999.00 -999.00 -999.00 -999.00 -999.00 2.10000 79.00 26.67 101.25 0.00 879.00 -999.00 -999.00 -999.00 -999.00 -999.00 -999.00 178.00 771.00 157.00
2017 216 12 0 -999.00 -999.00 -999.00 -999.00 -999.00 2.20000 69.00 27.78 101.22 0.00 889.00 -999.00 -999.00 -999.00 -999.00 -999.00 -999.00 162.00 799.00 156.00
2017 216 13 0 -999.00 -999.00 -999.00 -999.00 -999.00 2.40000 55.00 27.78 101.15 0.00 844.00 -999.00 -999.00 -999.00 -999.00 -999.00 -999.00 137.00 819.00 157.00
2017 216 14 0 -999.00 -999.00 -999.00 -999.00 -999.00 2.40000 48.00 28.33 101.05 0.00 741.00 -999.00 -999.00 -999.00 -999.00 -999.00 -999.00 126.00 799.00 160.00
2017 216 15 0 -999.00 -999.00 -999.00 -999.00 -999.00 2.50000 49.00 27.22 100.98 0.00 593.00 -999.00 -999.00 -999.00 -999.00 -999.00 -999.00 113.00 754.00 163.00
2017 216 16 0 -999.00 -999.00 -999.00 -999.00 -999.00 2.50000 58.00 27.22 100.98 0.00 415.00 -999.00 -999.00 -999.00 -999.00 -999.00 -999.00 96.00 673.00 166.00
2017 216 17 0 -999.00 -999.00 -999.00 -999.00 -999.00 2.30000 58.00 26.11 100.98 0.00 228.00 -999.00 -999.00 -999.00 -999.00 -999.00 -999.00 72.00 536.00 164.00
2017 216 18 0 -999.00 -999.00 -999.00 -999.00 -999.00 2.10000 78.00 25.28 100.88 0.00 61.00 -999.00 -999.00 -999.00 -999.00 -999.00 -999.00 33.00 262.00 159.00
2017 216 19 0 -999.00 -999.00 -999.00 -999.00 -999.00 2.00000 80.00 24.81 100.90 0.00 0.00 -999.00 -999.00 -999.00 -999.00 -999.00 -999.00 0.00 0.00 157.00
2017 216 20 0 -999.00 -999.00 -999.00 -999.00 -999.00 2.00000 82.00 24.44 100.93 0.00 0.00 -999.00 -999.00 -999.00 -999.00 -999.00 -999.00 0.00 0.00 157.00
2017 216 21 0 -999.00 -999.00 -999.00 -999.00 -999.00 2.10000 82.00 24.44 100.95 0.00 0.00 -999.00 -999.00 -999.00 -999.00 -999.00 -999.00 0.00 0.00 155.00
2017 216 22 0 -999.00 -999.00 -999.00 -999.00 -999.00 2.20000 82.00 23.89 100.95 0.00 0.00 -999.00 -999.00 -999.00 -999.00 -999.00 -999.00 0.00 0.00 154.00
2017 216 23 0 -999.00 -999.00 -999.00 -999.00 -999.00 2.30000 84.75 24.31 100.88 0.00 0.00 -999.00 -999.00 -999.00 -999.00 -999.00 -999.00 0.00 0.00 156.00
2017 217 0 0 -999.00 -999.00 -999.00 -999.00 -999.00 2.50000 86.67 23.89 100.82 0.00 0.00 -999.00 -999.00 -999.00 -999.00 -999.00 -999.00 0.00 0.00 160.00
2017 217 1 0 -999.00 -999.00 -999.00 -999.00 -999.00 2.60000 86.00 24.26 100.77 0.00 0.00 -999.00 -999.00 -999.00 -999.00 -999.00 -999.00 0.00 0.00 165.00
2017 217 2 0 -999.00 -999.00 -999.00 -999.00 -999.00 2.40000 86.67 23.89 100.70 0.00 0.00 -999.00 -999.00 -999.00 -999.00 -999.00 -999.00 0.00 0.00 167.00
2017 217 3 0 -999.00 -999.00 -999.00 -999.00 -999.00 2.10000 90.33 23.70 100.63 0.25 0.00 -999.00 -999.00 -999.00 -999.00 -999.00 -999.00 0.00 0.00 163.00
2017 217 4 0 -999.00 -999.00 -999.00 -999.00 -999.00 1.90000 94.00 23.33 100.61 2.54 0.00 -999.00 -999.00 -999.00 -999.00 -999.00 -999.00 0.00 0.00 156.00
2017 217 5 0 -999.00 -999.00 -999.00 -999.00 -999.00 2.00000 94.83 23.15 100.62 1.65 19.00 -999.00 -999.00 -999.00 -999.00 -999.00 -999.00 19.00 0.00 148.00
2017 217 6 0 -999.00 -999.00 -999.00 -999.00 -999.00 2.10000 97.00 21.11 100.56 1.65 33.00 -999.00 -999.00 -999.00 -999.00 -999.00 -999.00 33.00 0.00 148.00
2017 217 7 0 -999.00 -999.00 -999.00 -999.00 -999.00 2.10000 95.00 21.67 100.59 0.00 126.00 -999.00 -999.00 -999.00 -999.00 -999.00 -999.00 124.00 5.00 158.00
2017 217 8 0 -999.00 -999.00 -999.00 -999.00 -999.00 2.00000 95.50 21.39 100.69 0.00 265.00 -999.00 -999.00 -999.00 -999.00 -999.00 -999.00 244.00 34.00 173.00
2017 217 9 0 -999.00 -999.00 -999.00 -999.00 -999.00 1.90000 90.33 22.41 100.73 0.00 463.00 -999.00 -999.00 -999.00 -999.00 -999.00 -999.00 355.00 143.00 191.00
2017 217 10 0 -999.00 -999.00 -999.00 -999.00 -999.00 1.80000 86.50 22.78 100.71 0.00 427.00 -999.00 -999.00 -999.00 -999.00 -999.00 -999.00 368.00 69.00 205.00
2017 217 11 0 -999.00 -999.00 -999.00 -999.00 -999.00 1.90000 76.50 24.31 100.71 0.00 353.00 -999.00 -999.00 -999.00 -999.00 -999.00 -999.00 339.00 16.00 215.00
2017 217 12 0 -999.00 -999.00 -999.00 -999.00 -999.00 2.20000 76.00 23.89 100.71 0.00 435.00 -999.00 -999.00 -999.00 -999.00 -999.00 -999.00 412.00 26.00 226.00
2017 217 13 0 -999.00 -999.00 -999.00 -999.00 -999.00 2.50000 72.00 24.44 100.64 0.00 525.00 -999.00 -999.00 -999.00 -999.00 -999.00 -999.00 425.00 117.00 239.00
2017 217 14 0 -999.00 -999.00 -999.00 -999.00 -999.00 2.70000 64.00 24.44 100.61 0.00 427.00 -999.00 -999.00 -999.00 -999.00 -999.00 -999.00 363.00 83.00 252.00
2017 217 15 0 -999.00 -999.00 -999.00 -999.00 -999.00 2.90000 67.00 24.44 100.58 0.00 616.00 -999.00 -999.00 -999.00 -999.00 -999.00 -999.00 95.00 822.00 263.00
2017 217 16 0 -999.00 -999.00 -999.00 -999.00 -999.00 2.80000 50.00 25.00 100.61 0.00 434.00 -999.00 -999.00 -999.00 -999.00 -999.00 -999.00 80.00 752.00 272.00
2017 217 17 0 -999.00 -999.00 -999.00 -999.00 -999.00 2.60000 52.00 24.44 100.64 0.00 237.00 -999.00 -999.00 -999.00 -999.00 -999.00 -999.00 61.00 612.00 281.00
2017 217 18 0 -999.00 -999.00 -999.00 -999.00 -999.00 2.50000 50.00 23.89 100.78 0.00 62.00 -999.00 -999.00 -999.00 -999.00 -999.00 -999.00 30.00 320.00 288.00
2017 217 19 0 -999.00 -999.00 -999.00 -999.00 -999.00 2.50000 46.00 23.33 100.81 0.00 0.00 -999.00 -999.00 -999.00 -999.00 -999.00 -999.00 0.00 0.00 292.00
2017 217 20 0 -999.00 -999.00 -999.00 -999.00 -999.00 2.20000 50.00 22.78 100.91 0.00 0.00 -999.00 -999.00 -999.00 -999.00 -999.00 -999.00 0.00 0.00 293.00
2017 217 21 0 -999.00 -999.00 -999.00 -999.00 -999.00 2.00000 53.00 22.22 100.98 0.00 0.00 -999.00 -999.00 -999.00 -999.00 -999.00 -999.00 0.00 0.00 290.00
2017 217 22 0 -999.00 -999.00 -999.00 -999.00 -999.00 2.00000 53.00 22.22 101.02 0.00 0.00 -999.00 -999.00 -999.00 -999.00 -999.00 -999.00 0.00 0.00 287.00
2017 217 23 0 -999.00 -999.00 -999.00 -999.00 -999.00 2.20000 59.00 21.11 101.05 0.00 0.00 -999.00 -999.00 -999.00 -999.00 -999.00 -999.00 0.00 0.00 292.00
2017 218 0 0 -999.00 -999.00 -999.00 -999.00 -999.00 2.30000 55.00 21.11 101.05 0.00 0.00 -999.00 -999.00 -999.00 -999.00 -999.00 -999.00 0.00 0.00 301.00
2017 218 1 0 -999.00 -999.00 -999.00 -999.00 -999.00 2.20000 59.00 20.00 101.08 0.00 0.00 -999.00 -999.00 -999.00 -999.00 -999.00 -999.00 0.00 0.00 302.00
2017 218 2 0 -999.00 -999.00 -999.00 -999.00 -999.00 2.10000 57.00 19.44 101.12 0.00 0.00 -999.00 -999.00 -999.00 -999.00 -999.00 -999.00 0.00 0.00 299.00
2017 218 3 0 -999.00 -999.00 -999.00 -999.00 -999.00 2.00000 61.00 18.89 101.19 0.00 0.00 -999.00 -999.00 -999.00 -999.00 -999.00 -999.00 0.00 0.00 298.00
2017 218 4 0 -999.00 -999.00 -999.00 -999.00 -999.00 2.10000 63.00 18.33 101.22 0.00 0.00 -999.00 -999.00 -999.00 -999.00 -999.00 -999.00 0.00 0.00 302.00
2017 218 5 0 -999.00 -999.00 -999.00 -999.00 -999.00 2.20000 63.00 18.33 101.25 0.00 51.00 -999.00 -999.00 -999.00 -999.00 -999.00 -999.00 30.00 231.00 306.00
2017 218 6 0 -999.00 -999.00 -999.00 -999.00 -999.00 2.40000 65.00 17.78 101.29 0.00 219.00 -999.00 -999.00 -999.00 -999.00 -999.00 -999.00 71.00 532.00 314.00
2017 218 7 0 -999.00 -999.00 -999.00 -999.00 -999.00 2.40000 66.00 18.33 101.39 0.00 324.00 -999.00 -999.00 -999.00 -999.00 -999.00 -999.00 239.00 184.00 317.00
2017 218 8 0 -999.00 -999.00 -999.00 -999.00 -999.00 2.20000 59.00 19.44 101.42 0.00 404.00 -999.00 -999.00 -999.00 -999.00 -999.00 -999.00 260.00 232.00 312.00
2017 218 9 0 -999.00 -999.00 -999.00 -999.00 -999.00 2.10000 59.00 20.00 101.42 0.00 503.00 -999.00 -999.00 -999.00 -999.00 -999.00 -999.00 403.00 133.00 303.00
2017 218 10 0 -999.00 -999.00 -999.00 -999.00 -999.00 2.00000 51.00 21.11 101.46 0.00 720.00 -999.00 -999.00 -999.00 -999.00 -999.00 -999.00 407.00 366.00 293.00
2017 218 11 0 -999.00 -999.00 -999.00 -999.00 -999.00 2.10000 53.00 21.67 101.42 0.00 722.00 -999.00 -999.00 -999.00 -999.00 -999.00 -999.00 333.00 430.00 284.00
2017 218 12 0 -999.00 -999.00 -999.00 -999.00 -999.00 2.20000 45.00 23.33 101.42 0.00 687.00 -999.00 -999.00 -999.00 -999.00 -999.00 -999.00 371.00 348.00 278.00
2017 218 13 0 -999.00 -999.00 -999.00 -999.00 -999.00 2.20000 40.00 24.44 101.42 0.00 670.00 -999.00 -999.00 -999.00 -999.00 -999.00 -999.00 302.00 429.00 275.00
2017 218 14 0 -999.00 -999.00 -999.00 -999.00 -999.00 2.10000 45.00 23.33 101.39 0.00 80.00 -999.00 -999.00 -999.00 -999.00 -999.00 -999.00 80.00 0.00 275.00
2017 218 15 0 -999.00 -999.00 -999.00 -999.00 -999.00 2.00000 46.00 23.89 101.39 0.00 535.00 -999.00 -999.00 -999.00 -999.00 -999.00 -999.00 207.00 519.00 276.00
2017 218 16 0 -999.00 -999.00 -999.00 -999.00 -999.00 1.80000 48.00 23.89 101.42 0.00 271.00 -999.00 -999.00 -999.00 -999.00 -999.00 -999.00 221.00 106.00 274.00
2017 218 17 0 -999.00 -999.00 -999.00 -999.00 -999.00 1.60000 55.00 22.78 101.39 0.00 154.00 -999.00 -999.00 -999.00 -999.00 -999.00 -999.00 135.00 67.00 271.00
2017 218 18 0 -999.00 -999.00 -999.00 -999.00 -999.00 1.60000 51.00 22.78 101.39 0.00 34.00 -999.00 -999.00 -999.00 -999.00 -999.00 -999.00 34.00 0.00 269.00
2017 218 19 0 -999.00 -999.00 -999.00 -999.00 -999.00 1.60000 53.00 22.22 101.46 0.00 0.00 -999.00 -999.00 -999.00 -999.00 -999.00 -999.00 0.00 0.00 269.00
2017 218 20 0 -999.00 -999.00 -999.00 -999.00 -999.00 1.50000 55.00 21.67 101.46 0.00 0.00 -999.00 -999.00 -999.00 -999.00 -999.00 -999.00 0.00 0.00 271.00
2017 218 21 0 -999.00 -999.00 -999.00 -999.00 -999.00 1.40000 57.00 21.11 101.49 0.00 0.00 -999.00 -999.00 -999.00 -999.00 -999.00 -999.00 0.00 0.00 272.00
2017 218 22 0 -999.00 -999.00 -999.00 -999.00 -999.00 1.30000 55.00 21.11 101.52 0.00 0.00 -999.00 -999.00 -999.00 -999.00 -999.00 -999.00 0.00 0.00 272.00
2017 218 23 0 -999.00 -999.00 -999.00 -999.00 -999.00 1.20000 59.00 20.56 101.49 0.00 0.00 -999.00 -999.00 -999.00 -999.00 -999.00 -999.00 0.00 0.00 271.00
2017 219 0 0 -999.00 -999.00 -999.00 -999.00 -999.00 1.10000 57.00 21.11 101.52 0.00 0.00 -999.00 -999.00 -999.00 -999.00 -999.00 -999.00 0.00 0.00 268.00
2017 219 1 0 -999.00 -999.00 -999.00 -999.00 -999.00 1.10000 61.00 20.56 101.49 0.00 0.00 -999.00 -999.00 -999.00 -999.00 -999.00 -999.00 0.00 0.00 263.00
2017 219 2 0 -999.00 -999.00 -999.00 -999.00 -999.00 1.20000 70.00 20.00 101.46 0.00 0.00 -999.00 -999.00 -999.00 -999.00 -999.00 -999.00 0.00 0.00 256.00
2017 219 3 0 -999.00 -999.00 -999.00 -999.00 -999.00 1.20000 63.00 20.56 101.46 0.00 0.00 -999.00 -999.00 -999.00 -999.00 -999.00 -999.00 0.00 0.00 249.00
2017 219 4 0 -999.00 -999.00 -999.00 -999.00 -999.00 1.10000 63.00 20.56 101.42 0.00 0.00 -999.00 -999.00 -999.00 -999.00 -999.00 -999.00 0.00 0.00 241.00
2017 219 5 0 -999.00 -999.00 -999.00 -999.00 -999.00 1.10000 59.00 21.11 101.42 0.00 14.00 -999.00 -999.00 -999.00 -999.00 -999.00 -999.00 14.00 0.00 234.00
2017 219 6 0 -999.00 -999.00 -999.00 -999.00 -999.00 1.10000 66.00 21.11 101.42 0.00 69.00 -999.00 -999.00 -999.00 -999.00 -999.00 -999.00 69.00 3.00 228.00
2017 219 7 0 -999.00 -999.00 -999.00 -999.00 -999.00 1.10000 66.00 21.67 101.42 0.00 101.00 -999.00 -999.00 -999.00 -999.00 -999.00 -999.00 100.00 2.00 215.00
2017 219 8 0 -999.00 -999.00 -999.00 -999.00 -999.00 1.30000 84.25 20.42 101.41 0.57 44.00 -999.00 -999.00 -999.00 -999.00 -999.00 -999.00 44.00 0.00 199.00
2017 219 9 0 -999.00 -999.00 -999.00 -999.00 -999.00 1.50000 94.33 19.07 101.42 2.71 124.00 -999.00 -999.00 -999.00 -999.00 -999.00 -999.00 123.00 0.00 184.00
2017 219 10 0 -999.00 -999.00 -999.00 -999.00 -999.00 1.80000 94.67 19.26 101.43 0.42 239.00 -999.00 -999.00 -999.00 -999.00 -999.00 -999.00 237.00 3.00 167.00
2017 219 11 0 -999.00 -999.00 -999.00 -999.00 -999.00 2.30000 95.25 19.03 101.41 1.21 185.00 -999.00 -999.00 -999.00 -999.00 -999.00 -999.00 184.00 1.00 155.00
2017 219 12 0 -999.00 -999.00 -999.00 -999.00 -999.00 2.70000 94.25 19.31 101.35 0.83 159.00 -999.00 -999.00 -999.00 -999.00 -999.00 -999.00 159.00 0.00 152.00
2017 219 13 0 -999.00 -999.00 -999.00 -999.00 -999.00 3.10000 93.75 19.31 101.29 0.70 115.00 -999.00 -999.00 -999.00 -999.00 -999.00 -999.00 114.00 0.00 156.00
2017 219 14 0 -999.00 -999.00 -999.00 -999.00 -999.00 3.50000 94.40 19.11 101.22 2.34 107.00 -999.00 -999.00 -999.00 -999.00 -999.00 -999.00 106.00 0.00 159.00
2017 219 15 0 -999.00 -999.00 -999.00 -999.00 -999.00 3.50000 96.60 18.11 101.17 1.98 56.00 -999.00 -999.00 -999.00 -999.00 -999.00 -999.00 56.00 0.00 160.00
2017 219 16 0 -999.00 -999.00 -999.00 -999.00 -999.00 3.20000 96.33 17.96 101.07 1.10 18.00 -999.00 -999.00 -999.00 -999.00 -999.00 -999.00 18.00 0.00 157.00
2017 219 17 0 -999.00 -999.00 -999.00 -999.00 -999.00 2.70000 95.67 18.52 100.97 0.34 47.00 -999.00 -999.00 -999.00 -999.00 -999.00 -999.00 47.00 0.00 151.00
2017 219 18 0 -999.00 -999.00 -999.00 -999.00 -999.00 2.30000 95.60 18.89 100.97 0.66 15.00 -999.00 -999.00 -999.00 -999.00 -999.00 -999.00 15.00 0.00 143.00
2017 219 19 0 -999.00 -999.00 -999.00 -999.00 -999.00 2.10000 95.50 18.89 100.90 0.57 0.00 -999.00 -999.00 -999.00 -999.00 -999.00 -999.00 0.00 0.00 129.00
2017 219 20 0 -999.00 -999.00 -999.00 -999.00 -999.00 2.40000 96.50 18.33 100.85 0.64 0.00 -999.00 -999.00 -999.00 -999.00 -999.00 -999.00 0.00 0.00 104.00
2017 219 21 0 -999.00 -999.00 -999.00 -999.00 -999.00 2.50000 94.50 18.89 100.86 0.00 0.00 -999.00 -999.00 -999.00 -999.00 -999.00 -999.00 0.00 0.00 76.00
2017 219 22 0 -999.00 -999.00 -999.00 -999.00 -999.00 2.40000 93.00 18.89 100.85 0.00 0.00 -999.00 -999.00 -999.00 -999.00 -999.00 -999.00 0.00 0.00 52.00
2017 219 23 0 -999.00 -999.00 -999.00 -999.00 -999.00 2.50000 95.00 18.89 100.80 0.00 0.00 -999.00 -999.00 -999.00 -999.00 -999.00 -999.00 0.00 0.00 32.00
2017 220 0 0 -999.00 -999.00 -999.00 -999.00 -999.00 2.80000 96.00 18.89 100.78 0.00 0.00 -999.00 -999.00 -999.00 -999.00 -999.00 -999.00 0.00 0.00 18.00
2017 220 1 0 -999.00 -999.00 -999.00 -999.00 -999.00 2.80000 93.00 18.89 100.71 0.00 0.00 -999.00 -999.00 -999.00 -999.00 -999.00 -999.00 0.00 0.00 11.00
2017 220 2 0 -999.00 -999.00 -999.00 -999.00 -999.00 2.50000 93.00 18.89 100.71 0.00 0.00 -999.00 -999.00 -999.00 -999.00 -999.00 -999.00 0.00 0.00 184.00
2017 220 3 0 -999.00 -999.00 -999.00 -999.00 -999.00 2.10000 93.00 18.89 100.68 0.00 0.00 -999.00 -999.00 -999.00 -999.00 -999.00 -999.00 0.00 0.00 358.00
2017 220 4 0 -999.00 -999.00 -999.00 -999.00 -999.00 1.80000 93.00 18.89 100.68 0.00 0.00 -999.00 -999.00 -999.00 -999.00 -999.00 -999.00 0.00 0.00 357.00
2017 220 5 0 -999.00 -999.00 -999.00 -999.00 -999.00 1.70000 95.00 18.61 100.71 0.00 17.00 -999.00 -999.00 -999.00 -999.00 -999.00 -999.00 17.00 0.00 356.00
2017 220 6 0 -999.00 -999.00 -999.00 -999.00 -999.00 1.60000 93.00 18.89 100.75 0.00 68.00 -999.00 -999.00 -999.00 -999.00 -999.00 -999.00 67.00 3.00 352.00
2017 220 7 0 -999.00 -999.00 -999.00 -999.00 -999.00 1.60000 93.00 18.89 100.83 0.00 151.00 -999.00 -999.00 -999.00 -999.00 -999.00 -999.00 145.00 13.00 352.00
2017 220 8 0 -999.00 -999.00 -999.00 -999.00 -999.00 1.60000 92.50 19.17 100.85 0.00 275.00 -999.00 -999.00 -999.00 -999.00 -999.00 -999.00 250.00 41.00 349.00
2017 220 9 0 -999.00 -999.00 -999.00 -999.00 -999.00 1.60000 80.25 20.69 100.89 0.00 399.00 -999.00 -999.00 -999.00 -999.00 -999.00 -999.00 348.00 68.00 345.00
2017 220 10 0 -999.00 -999.00 -999.00 -999.00 -999.00 1.60000 77.00 20.83 100.95 0.00 581.00 -999.00 -999.00 -999.00 -999.00 -999.00 -999.00 397.00 217.00 342.00
2017 220 11 0 -999.00 -999.00 -999.00 -999.00 -999.00 1.50000 69.50 22.22 100.98 0.00 664.00 -999.00 -999.00 -999.00 -999.00 -999.00 -999.00 480.00 204.00 340.00
2017 220 12 0 -999.00 -999.00 -999.00 -999.00 -999.00 1.40000 66.50 23.06 101.03 0.00 781.00 -999.00 -999.00 -999.00 -999.00 -999.00 -999.00 255.00 583.00 336.00
2017 220 13 0 -999.00 -999.00 -999.00 -999.00 -999.00 1.10000 60.00 24.44 101.02 0.00 614.00 -999.00 -999.00 -999.00 -999.00 -999.00 -999.00 366.00 289.00 332.00
2017 220 14 0 -999.00 -999.00 -999.00 -999.00 -999.00 1.00000 58.00 25.00 101.05 0.00 578.00 -999.00 -999.00 -999.00 -999.00 -999.00 -999.00 326.00 333.00 327.00
2017 220 15 0 -999.00 -999.00 -999.00 -999.00 -999.00 0.90000 56.00 25.00 101.05 0.00 593.00 -999.00 -999.00 -999.00 -999.00 -999.00 -999.00 103.00 783.00 320.00
2017 220 16 0 -999.00 -999.00 -999.00 -999.00 -999.00 0.90000 58.00 24.44 101.02 0.00 265.00 -999.00 -999.00 -999.00 -999.00 -999.00 -999.00 209.00 121.00 308.00
2017 220 17 0 -999.00 -999.00 -999.00 -999.00 -999.00 0.90000 52.00 25.00 101.05 0.00 221.00 -999.00 -999.00 -999.00 -999.00 -999.00 -999.00 66.00 557.00 294.00
2017 220 18 0 -999.00 -999.00 -999.00 -999.00 -999.00 1.00000 47.00 25.00 101.12 0.00 53.00 -999.00 -999.00 -999.00 -999.00 -999.00 -999.00 29.00 268.00 288.00
2017 220 19 0 -999.00 -999.00 -999.00 -999.00 -999.00 1.10000 57.00 23.33 101.19 0.00 0.00 -999.00 -999.00 -999.00 -999.00 -999.00 -999.00 0.00 0.00 292.00
2017 220 20 0 -999.00 -999.00 -999.00 -999.00 -999.00 1.20000 57.00 22.78 101.25 0.00 0.00 -999.00 -999.00 -999.00 -999.00 -999.00 -999.00 0.00 0.00 299.00
2017 220 21 0 -999.00 -999.00 -999.00 -999.00 -999.00 1.40000 62.00 22.78 101.32 0.00 0.00 -999.00 -999.00 -999.00 -999.00 -999.00 -999.00 0.00 0.00 310.00
2017 220 22 0 -999.00 -999.00 -999.00 -999.00 -999.00 1.40000 62.00 22.78 101.39 0.00 0.00 -999.00 -999.00 -999.00 -999.00 -999.00 -999.00 0.00 0.00 322.00
2017 220 23 0 -999.00 -999.00 -999.00 -999.00 -999.00 1.50000 66.00 22.22 101.42 0.00 0.00 -999.00 -999.00 -999.00 -999.00 -999.00 -999.00 0.00 0.00 334.00
2017 221 0 0 -999.00 -999.00 -999.00 -999.00 -999.00 1.50000 66.00 21.67 101.46 0.00 0.00 -999.00 -999.00 -999.00 -999.00 -999.00 -999.00 0.00 0.00 343.00
2017 221 1 0 -999.00 -999.00 -999.00 -999.00 -999.00 1.50000 76.00 20.00 101.49 0.00 0.00 -999.00 -999.00 -999.00 -999.00 -999.00 -999.00 0.00 0.00 347.00
2017 221 2 0 -999.00 -999.00 -999.00 -999.00 -999.00 1.40000 66.00 20.56 101.49 0.00 0.00 -999.00 -999.00 -999.00 -999.00 -999.00 -999.00 0.00 0.00 349.00
2017 221 3 0 -999.00 -999.00 -999.00 -999.00 -999.00 1.40000 70.00 20.00 101.56 0.00 0.00 -999.00 -999.00 -999.00 -999.00 -999.00 -999.00 0.00 0.00 349.00
2017 221 4 0 -999.00 -999.00 -999.00 -999.00 -999.00 1.40000 78.00 18.33 101.56 0.00 0.00 -999.00 -999.00 -999.00 -999.00 -999.00 -999.00 0.00 0.00 348.00
2017 221 5 0 -999.00 -999.00 -999.00 -999.00 -999.00 1.50000 76.00 18.33 101.63 0.00 49.00 -999.00 -999.00 -999.00 -999.00 -999.00 -999.00 24.00 301.00 349.00
2017 221 6 0 -999.00 -999.00 -999.00 -999.00 -999.00 1.30000 73.00 18.89 101.73 0.00 222.00 -999.00 -999.00 -999.00 -999.00 -999.00 -999.00 56.00 619.00 347.00
2017 221 7 0 -999.00 -999.00 -999.00 -999.00 -999.00 1.10000 63.00 20.56 101.73 0.00 420.00 -999.00 -999.00 -999.00 -999.00 -999.00 -999.00 74.00 766.00 339.00
2017 221 8 0 -999.00 -999.00 -999.00 -999.00 -999.00 0.90000 57.00 22.22 101.76 0.00 605.00 -999.00 -999.00 -999.00 -999.00 -999.00 -999.00 86.00 840.00 325.00
2017 221 9 0 -999.00 -999.00 -999.00 -999.00 -999.00 0.60000 51.00 22.78 101.79 0.00 759.00 -999.00 -999.00 -999.00 -999.00 -999.00 -999.00 97.00 879.00 305.00
2017 221 10 0 -999.00 -999.00 -999.00 -999.00 -999.00 0.40000 47.00 24.44 101.83 0.00 866.00 -999.00 -999.00 -999.00 -999.00 -999.00 -999.00 110.00 890.00 277.00
2017 221 11 0 -999.00 -999.00 -999.00 -999.00 -999.00 0.50000 47.00 26.11 101.83 0.00 922.00 -999.00 -999.00 -999.00 -999.00 -999.00 -999.00 116.00 896.00 240.00
2017 221 12 0 -999.00 -999.00 -999.00 -999.00 -999.00 0.80000 40.00 27.78 101.76 0.00 922.00 -999.00 -999.00 -999.00 -999.00 -999.00 -999.00 119.00 892.00 210.00
2017 221 13 0 -999.00 -999.00 -999.00 -999.00 -999.00 1.10000 40.00 28.33 101.73 0.00 865.00 -999.00 -999.00 -999.00 -999.00 -999.00 -999.00 117.00 879.00 197.00
2017 221 14 0 -999.00 -999.00 -999.00 -999.00 -999.00 1.30000 41.00 28.33 101.69 0.00 751.00 -999.00 -999.00 -999.00 -999.00 -999.00 -999.00 115.00 840.00 193.00
2017 221 15 0 -999.00 -999.00 -999.00 -999.00 -999.00 1.40000 42.00 27.78 101.69 0.00 596.00 -999.00 -999.00 -999.00 -999.00 -999.00 -999.00 110.00 780.00 193.00
2017 221 16 0 -999.00 -999.00 -999.00 -999.00 -999.00 1.40000 49.00 26.67 101.66 0.00 218.00 -999.00 -999.00 -999.00 -999.00 -999.00 -999.00 209.00 20.00 193.00
2017 221 17 0 -999.00 -999.00 -999.00 -999.00 -999.00 1.50000 52.00 26.11 101.69 0.00 215.00 -999.00 -999.00 -999.00 -999.00 -999.00 -999.00 74.00 514.00 191.00
2017 221 18 0 -999.00 -999.00 -999.00 -999.00 -999.00 1.70000 52.00 25.56 101.73 0.00 48.00 -999.00 -999.00 -999.00 -999.00 -999.00 -999.00 30.00 216.00 191.00
2017 221 19 0 -999.00 -999.00 -999.00 -999.00 -999.00 1.80000 54.00 24.44 101.76 0.00 0.00 -999.00 -999.00 -999.00 -999.00 -999.00 -999.00 0.00 0.00 193.00
2017 221 20 0 -999.00 -999.00 -999.00 -999.00 -999.00 1.70000 54.00 23.89 101.83 0.00 0.00 -999.00 -999.00 -999.00 -999.00 -999.00 -999.00 0.00 0.00 196.00
2017 221 21 0 -999.00 -999.00 -999.00 -999.00 -999.00 1.60000 58.00 23.89 101.90 0.00 0.00 -999.00 -999.00 -999.00 -999.00 -999.00 -999.00 0.00 0.00 202.00
2017 221 22 0 -999.00 -999.00 -999.00 -999.00 -999.00 1.50000 60.00 23.33 101.90 0.00 0.00 -999.00 -999.00 -999.00 -999.00 -999.00 -999.00 0.00 0.00 212.00
2017 221 23 0 -999.00 -999.00 -999.00 -999.00 -999.00 1.40000 64.00 22.78 101.90 0.00 0.00 -999.00 -999.00 -999.00 -999.00 -999.00 -999.00 0.00 0.00 224.00
2017 222 0 0 -999.00 -999.00 -999.00 -999.00 -999.00 1.40000 66.00 22.22 101.90 0.00 0.00 -999.00 -999.00 -999.00 -999.00 -999.00 -999.00 0.00 0.00 239.00
2017 222 1 0 -999.00 -999.00 -999.00 -999.00 -999.00 1.40000 64.00 22.22 101.86 0.00 0.00 -999.00 -999.00 -999.00 -999.00 -999.00 -999.00 0.00 0.00 253.00
2017 222 2 0 -999.00 -999.00 -999.00 -999.00 -999.00 1.30000 68.00 21.67 101.86 0.00 0.00 -999.00 -999.00 -999.00 -999.00 -999.00 -999.00 0.00 0.00 268.00
2017 222 3 0 -999.00 -999.00 -999.00 -999.00 -999.00 1.10000 68.00 21.67 101.86 0.00 0.00 -999.00 -999.00 -999.00 -999.00 -999.00 -999.00 0.00 0.00 287.00
2017 222 4 0 -999.00 -999.00 -999.00 -999.00 -999.00 0.80000 71.00 21.11 101.86 0.00 0.00 -999.00 -999.00 -999.00 -999.00 -999.00 -999.00 0.00 0.00 310.00
2017 222 5 0 -999.00 -999.00 -999.00 -999.00 -999.00 0.40000 76.00 20.56 101.86 0.00 41.00 -999.00 -999.00 -999.00 -999.00 -999.00 -999.00 26.00 194.00 164.00
2017 222 6 0 -999.00 -999.00 -999.00 -999.00 -999.00 0.30000 78.00 20.56 101.90 0.00 204.00 -999.00 -999.00 -999.00 -999.00 -999.00 -999.00 70.00 503.00 49.00
2017 222 7 0 -999.00 -999.00 -999.00 -999.00 -999.00 0.60000 71.00 22.22 101.93 0.00 395.00 -999.00 -999.00 -999.00 -999.00 -999.00 -999.00 96.00 663.00 102.00
2017 222 8 0 -999.00 -999.00 -999.00 -999.00 -999.00 0.90000 62.00 23.89 101.93 0.00 578.00 -999.00 -999.00 -999.00 -999.00 -999.00 -999.00 116.00 751.00 121.00
2017 222 9 0 -999.00 -999.00 -999.00 -999.00 -999.00 1.30000 54.00 25.56 101.93 0.00 729.00 -999.00 -999.00 -999.00 -999.00 -999.00 -999.00 136.00 790.00 135.00
2017 222 10 0 -999.00 -999.00 -999.00 -999.00 -999.00 1.60000 52.00 26.67 101.90 0.00 462.00 -999.00 -999.00 -999.00 -999.00 -999.00 -999.00 406.00 66.00 144.00
2017 222 11 0 -999.00 -999.00 -999.00 -999.00 -999.00 1.70000 56.00 25.56 101.86 0.00 115.00 -999.00 -999.00 -999.00 -999.00 -999.00 -999.00 115.00 0.00 151.00
2017 222 12 0 -999.00 -999.00 -999.00 -999.00 -999.00 1.70000 54.00 26.11 101.86 0.00 410.00 -999.00 -999.00 -999.00 -999.00 -999.00 -999.00 398.00 13.00 154.00
2017 222 13 0 -999.00 -999.00 -999.00 -999.00 -999.00 1.60000 48.00 28.33 101.79 0.00 457.00 -999.00 -999.00 -999.00 -999.00 -999.00 -999.00 407.00 59.00 155.00
2017 222 14 0 -999.00 -999.00 -999.00 -999.00 -999.00 1.60000 46.00 27.78 101.76 0.00 738.00 -999.00 -999.00 -999.00 -999.00 -999.00 -999.00 132.00 803.00 154.00
2017 222 15 0 -999.00 -999.00 -999.00 -999.00 -999.00 1.60000 47.00 27.22 101.73 0.00 589.00 -999.00 -999.00 -999.00 -999.00 -999.00 -999.00 113.00 768.00 155.00
2017 222 16 0 -999.00 -999.00 -999.00 -999.00 -999.00 1.50000 54.00 26.67 101.73 0.00 370.00 -999.00 -999.00 -999.00 -999.00 -999.00 -999.00 157.00 467.00 161.00
2017 222 17 0 -999.00 -999.00 -999.00 -999.00 -999.00 1.30000 56.00 25.56 101.69 0.00 153.00 -999.00 -999.00 -999.00 -999.00 -999.00 -999.00 134.00 69.00 170.00
2017 222 18 0 -999.00 -999.00 -999.00 -999.00 -999.00 1.10000 62.00 23.89 101.73 0.00 36.00 -999.00 -999.00 -999.00 -999.00 -999.00 -999.00 35.00 6.00 175.00
2017 222 19 0 -999.00 -999.00 -999.00 -999.00 -999.00 1.10000 60.00 23.33 101.69 0.00 0.00 -999.00 -999.00 -999.00 -999.00 -999.00 -999.00 0.00 0.00 177.00
2017 222 20 0 -999.00 -999.00 -999.00 -999.00 -999.00 1.10000 57.00 22.78 101.73 0.00 0.00 -999.00 -999.00 -999.00 -999.00 -999.00 -999.00 0.00 0.00 175.00
2017 222 21 0 -999.00 -999.00 -999.00 -999.00 -999.00 1.00000 55.00 22.78 101.73 0.00 0.00 -999.00 -999.00 -999.00 -999.00 -999.00 -999.00 0.00 0.00 172.00
2017 222 22 0 -999.00 -999.00 -999.00 -999.00 -999.00 1.10000 59.00 22.22 101.69 0.00 0.00 -999.00 -999.00 -999.00 -999.00 -999.00 -999.00 0.00 0.00 183.00
2017 222 23 0 -999.00 -999.00 -999.00 -999.00 -999.00 1.10000 61.00 21.67 101.69 0.00 0.00 -999.00 -999.00 -999.00 -999.00 -999.00 -999.00 0.00 0.00 205.00
2017 223 0 0 -999.00 -999.00 -999.00 -999.00 -999.00 1.10000 61.00 21.67 101.73 0.00 0.00 -999.00 -999.00 -999.00 -999.00 -999.00 -999.00 0.00 0.00 215.00
2017 223 1 0 -999.00 -999.00 -999.00 -999.00 -999.00 1.10000 66.00 21.67 101.69 0.00 0.00 -999.00 -999.00 -999.00 -999.00 -999.00 -999.00 0.00 0.00 215.00
2017 223 2 0 -999.00 -999.00 -999.00 -999.00 -999.00 1.10000 55.00 22.22 101.69 0.00 0.00 -999.00 -999.00 -999.00 -999.00 -999.00 -999.00 0.00 0.00 214.00
2017 223 3 0 -999.00 -999.00 -999.00 -999.00 -999.00 1.10000 57.00 22.22 101.66 0.00 0.00 -999.00 -999.00 -999.00 -999.00 -999.00 -999.00 0.00 0.00 211.00
2017 223 4 0 -999.00 -999.00 -999.00 -999.00 -999.00 1.00000 59.00 21.11 101.63 0.00 0.00 -999.00 -999.00 -999.00 -999.00 -999.00 -999.00 0.00 0.00 207.00
2017 223 5 0 -999.00 -999.00 -999.00 -999.00 -999.00 0.90000 59.00 21.11 101.63 0.00 39.00 -999.00 -999.00 -999.00 -999.00 -999.00 -999.00 25.00 186.00 203.00
2017 223 6 0 -999.00 -999.00 -999.00 -999.00 -999.00 0.90000 64.00 21.11 101.66 0.00 176.00 -999.00 -999.00 -999.00 -999.00 -999.00 -999.00 117.00 224.00 200.00
2017 223 7 0 -999.00 -999.00 -999.00 -999.00 -999.00 0.90000 63.00 21.67 101.66 0.00 386.00 -999.00 -999.00 -999.00 -999.00 -999.00 -999.00 96.00 646.00 194.00
2017 223 8 0 -999.00 -999.00 -999.00 -999.00 -999.00 1.00000 64.00 23.33 101.63 0.00 564.00 -999.00 -999.00 -999.00 -999.00 -999.00 -999.00 116.00 731.00 186.00
2017 223 9 0 -999.00 -999.00 -999.00 -999.00 -999.00 1.20000 60.00 24.44 101.59 0.00 661.00 -999.00 -999.00 -999.00 -999.00 -999.00 -999.00 222.00 587.00 180.00
2017 223 10 0 -999.00 -999.00 -999.00 -999.00 -999.00 1.40000 60.00 25.56 101.63 0.00 809.00 -999.00 -999.00 -999.00 -999.00 -999.00 -999.00 170.00 757.00 177.00
2017 223 11 0 -999.00 -999.00 -999.00 -999.00 -999.00 1.60000 47.00 26.67 101.59 0.00 780.00 -999.00 -999.00 -999.00 -999.00 -999.00 -999.00 302.00 535.00 176.00
2017 223 12 0 -999.00 -999.00 -999.00 -999.00 -999.00 1.90000 52.00 26.67 101.52 0.00 676.00 -999.00 -999.00 -999.00 -999.00 -999.00 -999.00 400.00 309.00 176.00
2017 223 13 0 -999.00 -999.00 -999.00 -999.00 -999.00 2.00000 49.00 26.67 101.49 0.00 690.00 -999.00 -999.00 -999.00 -999.00 -999.00 -999.00 310.00 449.00 175.00
2017 223 14 0 -999.00 -999.00 -999.00 -999.00 -999.00 2.20000 54.00 27.22 101.46 0.00 565.00 -999.00 -999.00 -999.00 -999.00 -999.00 -999.00 325.00 320.00 171.00
2017 223 15 0 -999.00 -999.00 -999.00 -999.00 -999.00 2.20000 58.00 25.56 101.39 0.00 361.00 -999.00 -999.00 -999.00 -999.00 -999.00 -999.00 270.00 147.00 172.00
2017 223 16 0 -999.00 -999.00 -999.00 -999.00 -999.00 2.10000 58.00 24.44 101.39 0.00 320.00 -999.00 -999.00 -999.00 -999.00 -999.00 -999.00 201.00 262.00 180.00
2017 223 17 0 -999.00 -999.00 -999.00 -999.00 -999.00 1.70000 56.00 24.44 101.32 0.00 106.00 -999.00 -999.00 -999.00 -999.00 -999.00 -999.00 105.00 3.00 184.00
2017 223 18 0 -999.00 -999.00 -999.00 -999.00 -999.00 1.40000 55.00 23.89 101.29 0.00 17.00 -999.00 -999.00 -999.00 -999.00 -999.00 -999.00 17.00 0.00 175.00
2017 223 19 0 -999.00 -999.00 -999.00 -999.00 -999.00 1.30000 64.00 23.33 101.29 0.00 0.00 -999.00 -999.00 -999.00 -999.00 -999.00 -999.00 0.00 0.00 166.00
2017 223 20 0 -999.00 -999.00 -999.00 -999.00 -999.00 1.20000 67.00 23.33 101.25 0.00 0.00 -999.00 -999.00 -999.00 -999.00 -999.00 -999.00 0.00 0.00 165.00
2017 223 21 0 -999.00 -999.00 -999.00 -999.00 -999.00 1.20000 71.00 22.78 101.22 0.00 0.00 -999.00 -999.00 -999.00 -999.00 -999.00 -999.00 0.00 0.00 161.00
2017 223 22 0 -999.00 -999.00 -999.00 -999.00 -999.00 1.20000 74.00 22.78 101.15 0.00 0.00 -999.00 -999.00 -999.00 -999.00 -999.00 -999.00 0.00 0.00 151.00
2017 223 23 0 -999.00 -999.00 -999.00 -999.00 -999.00 1.20000 76.00 22.78 101.12 0.00 0.00 -999.00 -999.00 -999.00 -999.00 -999.00 -999.00 0.00 0.00 146.00
2017 224 0 0 -999.00 -999.00 -999.00 -999.00 -999.00 1.10000 81.00 21.67 101.12 0.00 0.00 -999.00 -999.00 -999.00 -999.00 -999.00 -999.00 0.00 0.00 143.00
2017 224 1 0 -999.00 -999.00 -999.00 -999.00 -999.00 1.10000 81.00 19.44 101.19 0.25 0.00 -999.00 -999.00 -999.00 -999.00 -999.00 -999.00 0.00 0.00 120.00
2017 224 2 0 -999.00 -999.00 -999.00 -999.00 -999.00 1.40000 96.00 17.78 101.15 2.29 0.00 -999.00 -999.00 -999.00 -999.00 -999.00 -999.00 0.00 0.00 91.00
2017 224 3 0 -999.00 -999.00 -999.00 -999.00 -999.00 1.70000 97.00 18.33 101.02 0.13 0.00 -999.00 -999.00 -999.00 -999.00 -999.00 -999.00 0.00 0.00 77.00
2017 224 4 0 -999.00 -999.00 -999.00 -999.00 -999.00 1.70000 97.00 18.33 100.98 0.00 0.00 -999.00 -999.00 -999.00 -999.00 -999.00 -999.00 0.00 0.00 71.00
2017 224 5 0 -999.00 -999.00 -999.00 -999.00 -999.00 1.50000 97.00 18.33 100.98 0.00 17.00 -999.00 -999.00 -999.00 -999.00 -999.00 -999.00 17.00 0.00 63.00
2017 224 6 0 -999.00 -999.00 -999.00 -999.00 -999.00 1.20000 97.75 18.19 100.98 0.00 106.00 -999.00 -999.00 -999.00 -999.00 -999.00 -999.00 105.00 5.00 53.00
2017 224 7 0 -999.00 -999.00 -999.00 -999.00 -999.00 1.10000 93.33 19.26 100.98 0.00 379.00 -999.00 -999.00 -999.00 -999.00 -999.00 -999.00 92.00 645.00 39.00
2017 224 8 0 -999.00 -999.00 -999.00 -999.00 -999.00 1.10000 90.00 20.00 100.95 0.00 558.00 -999.00 -999.00 -999.00 -999.00 -999.00 -999.00 113.00 728.00 24.00
2017 224 9 0 -999.00 -999.00 -999.00 -999.00 -999.00 1.20000 75.00 22.50 100.95 0.00 419.00 -999.00 -999.00 -999.00 -999.00 -999.00 -999.00 330.00 118.00 16.00
2017 224 10 0 -999.00 -999.00 -999.00 -999.00 -999.00 1.00000 79.00 22.22 100.95 0.00 457.00 -999.00 -999.00 -999.00 -999.00 -999.00 -999.00 385.00 85.00 16.00
2017 224 11 0 -999.00 -999.00 -999.00 -999.00 -999.00 0.70000 79.00 22.78 100.95 0.00 361.00 -999.00 -999.00 -999.00 -999.00 -999.00 -999.00 350.00 13.00 10.00
2017 224 12 0 -999.00 -999.00 -999.00 -999.00 -999.00 0.60000 79.00 22.78 100.91 0.00 525.00 -999.00 -999.00 -999.00 -999.00 -999.00 -999.00 438.00 97.00 110.00
2017 224 13 0 -999.00 -999.00 -999.00 -999.00 -999.00 0.70000 81.00 22.78 100.88 0.00 352.00 -999.00 -999.00 -999.00 -999.00 -999.00 -999.00 331.00 25.00 209.00
2017 224 14 0 -999.00 -999.00 -999.00 -999.00 -999.00 1.10000 76.00 23.89 100.85 0.00 220.00 -999.00 -999.00 -999.00 -999.00 -999.00 -999.00 219.00 0.00 200.00
2017 224 15 0 -999.00 -999.00 -999.00 -999.00 -999.00 1.40000 76.00 23.89 100.81 0.00 164.00 -999.00 -999.00 -999.00 -999.00 -999.00 -999.00 164.00 0.00 195.00
2017 224 16 0 -999.00 -999.00 -999.00 -999.00 -999.00 1.60000 75.50 24.72 100.76 0.00 356.00 -999.00 -999.00 -999.00 -999.00 -999.00 -999.00 202.00 344.00 185.00
2017 224 17 0 -999.00 -999.00 -999.00 -999.00 -999.00 1.70000 79.67 24.26 100.69 0.00 108.00 -999.00 -999.00 -999.00 -999.00 -999.00 -999.00 104.00 14.00 176.00
2017 224 18 0 -999.00 -999.00 -999.00 -999.00 -999.00 1.80000 80.50 23.89 100.71 0.00 27.00 -999.00 -999.00 -999.00 -999.00 -999.00 -999.00 27.00 1.00 174.00
2017 224 19 0 -999.00 -999.00 -999.00 -999.00 -999.00 1.90000 85.00 23.33 100.74 0.00 0.00 -999.00 -999.00 -999.00 -999.00 -999.00 -999.00 0.00 0.00 178.00
2017 224 20 0 -999.00 -999.00 -999.00 -999.00 -999.00 1.70000 88.00 23.33 100.69 0.00 0.00 -999.00 -999.00 -999.00 -999.00 -999.00 -999.00 0.00 0.00 184.00
2017 224 21 0 -999.00 -999.00 -999.00 -999.00 -999.00 1.50000 91.00 23.33 100.71 0.00 0.00 -999.00 -999.00 -999.00 -999.00 -999.00 -999.00 0.00 0.00 193.00
2017 224 22 0 -999.00 -999.00 -999.00 -999.00 -999.00 1.30000 87.50 23.61 100.68 0.00 0.00 -999.00 -999.00 -999.00 -999.00 -999.00 -999.00 0.00 0.00 209.00
2017 224 23 0 -999.00 -999.00 -999.00 -999.00 -999.00 1.20000 87.50 23.61 100.68 0.00 0.00 -999.00 -999.00 -999.00 -999.00 -999.00 -999.00 0.00 0.00 225.00
2017 225 0 0 -999.00 -999.00 -999.00 -999.00 -999.00 1.20000 88.50 23.06 100.64 0.00 0.00 -999.00 -999.00 -999.00 -999.00 -999.00 -999.00 0.00 0.00 241.00
2017 225 1 0 -999.00 -999.00 -999.00 -999.00 -999.00 1.20000 88.00 23.33 100.63 0.00 0.00 -999.00 -999.00 -999.00 -999.00 -999.00 -999.00 0.00 0.00 259.00
2017 225 2 0 -999.00 -999.00 -999.00 -999.00 -999.00 1.30000 90.00 22.78 100.61 0.00 0.00 -999.00 -999.00 -999.00 -999.00 -999.00 -999.00 0.00 0.00 278.00
2017 225 3 0 -999.00 -999.00 -999.00 -999.00 -999.00 1.30000 90.00 22.78 100.59 0.00 0.00 -999.00 -999.00 -999.00 -999.00 -999.00 -999.00 0.00 0.00 296.00
2017 225 4 0 -999.00 -999.00 -999.00 -999.00 -999.00 1.50000 89.50 22.78 100.61 0.00 0.00 -999.00 -999.00 -999.00 -999.00 -999.00 -999.00 0.00 0.00 312.00
2017 225 5 0 -999.00 -999.00 -999.00 -999.00 -999.00 1.80000 94.00 21.67 100.68 0.00 34.00 -999.00 -999.00 -999.00 -999.00 -999.00 -999.00 25.00 131.00 325.00
2017 225 6 0 -999.00 -999.00 -999.00 -999.00 -999.00 2.10000 87.00 21.67 100.71 0.00 196.00 -999.00 -999.00 -999.00 -999.00 -999.00 -999.00 74.00 469.00 335.00
2017 225 7 0 -999.00 -999.00 -999.00 -999.00 -999.00 2.00000 79.00 22.22 100.78 0.00 390.00 -999.00 -999.00 -999.00 -999.00 -999.00 -999.00 95.00 667.00 341.00
2017 225 8 0 -999.00 -999.00 -999.00 -999.00 -999.00 1.80000 71.00 22.78 100.85 0.00 578.00 -999.00 -999.00 -999.00 -999.00 -999.00 -999.00 105.00 777.00 341.00
2017 225 9 0 -999.00 -999.00 -999.00 -999.00 -999.00 1.60000 62.00 23.89 100.85 0.00 734.00 -999.00 -999.00 -999.00 -999.00 -999.00 -999.00 110.00 838.00 333.00
2017 225 10 0 -999.00 -999.00 -999.00 -999.00 -999.00 1.50000 56.00 25.56 100.88 0.00 842.00 -999.00 -999.00 -999.00 -999.00 -999.00 -999.00 120.00 860.00 319.00
2017 225 11 0 -999.00 -999.00 -999.00 -999.00 -999.00 1.40000 52.00 26.67 100.91 0.00 899.00 -999.00 -999.00 -999.00 -999.00 -999.00 -999.00 124.00 872.00 309.00
2017 225 12 0 -999.00 -999.00 -999.00 -999.00 -999.00 1.40000 49.00 27.22 100.88 0.00 900.00 -999.00 -999.00 -999.00 -999.00 -999.00 -999.00 123.00 872.00 304.00
2017 225 13 0 -999.00 -999.00 -999.00 -999.00 -999.00 1.30000 49.00 27.22 100.88 0.00 845.00 -999.00 -999.00 -999.00 -999.00 -999.00 -999.00 114.00 868.00 300.00
2017 225 14 0 -999.00 -999.00 -999.00 -999.00 -999.00 1.10000 46.00 27.78 100.91 0.00 732.00 -999.00 -999.00 -999.00 -999.00 -999.00 -999.00 110.00 834.00 297.00
2017 225 15 0 -999.00 -999.00 -999.00 -999.00 -999.00 1.00000 46.00 27.78 100.91 0.00 551.00 -999.00 -999.00 -999.00 -999.00 -999.00 -999.00 183.00 603.00 297.00
2017 225 16 0 -999.00 -999.00 -999.00 -999.00 -999.00 0.90000 42.00 27.78 100.95 0.00 347.00 -999.00 -999.00 -999.00 -999.00 -999.00 -999.00 168.00 402.00 297.00
2017 225 17 0 -999.00 -999.00 -999.00 -999.00 -999.00 0.80000 45.00 27.22 100.98 0.00 200.00 -999.00 -999.00 -999.00 -999.00 -999.00 -999.00 67.00 508.00 298.00
2017 225 18 0 -999.00 -999.00 -999.00 -999.00 -999.00 0.70000 45.00 26.67 101.02 0.00 31.00 -999.00 -999.00 -999.00 -999.00 -999.00 -999.00 31.00 5.00 302.00
2017 225 19 0 -999.00 -999.00 -999.00 -999.00 -999.00 0.80000 50.00 25.56 101.05 0.00 0.00 -999.00 -999.00 -999.00 -999.00 -999.00 -999.00 0.00 0.00 315.00
2017 225 20 0 -999.00 -999.00 -999.00 -999.00 -999.00 0.90000 52.00 25.00 101.08 0.00 0.00 -999.00 -999.00 -999.00 -999.00 -999.00 -999.00 0.00 0.00 332.00
2017 225 21 0 -999.00 -999.00 -999.00 -999.00 -999.00 1.00000 52.00 25.00 101.12 0.00 0.00 -999.00 -999.00 -999.00 -999.00 -999.00 -999.00 0.00 0.00 347.00
2017 225 22 0 -999.00 -999.00 -999.00 -999.00 -999.00 1.10000 56.00 24.44 101.15 0.00 0.00 -999.00 -999.00 -999.00 -999.00 -999.00 -999.00 0.00 0.00 179.00
2017 225 23 0 -999.00 -999.00 -999.00 -999.00 -999.00 1.20000 60.00 23.33 101.19 0.00 0.00 -999.00 -999.00 -999.00 -999.00 -999.00 -999.00 0.00 0.00 11.00
2017 226 0 0 -999.00 -999.00 -999.00 -999.00 -999.00 1.30000 68.00 22.22 101.19 0.00 0.00 -999.00 -999.00 -999.00 -999.00 -999.00 -999.00 0.00 0.00 21.00
2017 226 1 0 -999.00 -999.00 -999.00 -999.00 -999.00 1.40000 71.00 22.22 101.19 0.00 0.00 -999.00 -999.00 -999.00 -999.00 -999.00 -999.00 0.00 0.00 32.00
2017 226 2 0 -999.00 -999.00 -999.00 -999.00 -999.00 1.40000 71.00 22.22 101.19 0.00 0.00 -999.00 -999.00 -999.00 -999.00 -999.00 -999.00 0.00 0.00 43.00
2017 226 3 0 -999.00 -999.00 -999.00 -999.00 -999.00 1.30000 71.00 22.22 101.19 0.00 0.00 -999.00 -999.00 -999.00 -999.00 -999.00 -999.00 0.00 0.00 51.00
2017 226 4 0 -999.00 -999.00 -999.00 -999.00 -999.00 1.30000 76.00 22.22 101.19 0.00 0.00 -999.00 -999.00 -999.00 -999.00 -999.00 -999.00 0.00 0.00 56.00
2017 226 5 0 -999.00 -999.00 -999.00 -999.00 -999.00 1.30000 76.00 21.11 101.22 0.00 26.00 -999.00 -999.00 -999.00 -999.00 -999.00 -999.00 26.00 2.00 62.00
2017 226 6 0 -999.00 -999.00 -999.00 -999.00 -999.00 1.40000 71.00 21.11 101.22 0.00 130.00 -999.00 -999.00 -999.00 -999.00 -999.00 -999.00 115.00 58.00 72.00
2017 226 7 0 -999.00 -999.00 -999.00 -999.00 -999.00 1.20000 68.00 22.22 101.25 0.00 358.00 -999.00 -999.00 -999.00 -999.00 -999.00 -999.00 168.00 432.00 92.00
2017 226 8 0 -999.00 -999.00 -999.00 -999.00 -999.00 1.10000 60.00 24.44 101.25 0.00 461.00 -999.00 -999.00 -999.00 -999.00 -999.00 -999.00 240.00 365.00 115.00
2017 226 9 0 -999.00 -999.00 -999.00 -999.00 -999.00 1.00000 60.00 25.56 101.25 0.00 587.00 -999.00 -999.00 -999.00 -999.00 -999.00 -999.00 253.00 451.00 132.00
2017 226 10 0 -999.00 -999.00 -999.00 -999.00 -999.00 1.00000 58.00 26.11 101.22 0.00 538.00 -999.00 -999.00 -999.00 -999.00 -999.00 -999.00 385.00 183.00 144.00
2017 226 11 0 -999.00 -999.00 -999.00 -999.00 -999.00 1.00000 64.00 25.00 101.19 0.00 611.00 -999.00 -999.00 -999.00 -999.00 -999.00 -999.00 412.00 224.00 156.00
2017 226 12 0 -999.00 -999.00 -999.00 -999.00 -999.00 1.00000 62.00 25.56 101.19 0.00 614.00 -999.00 -999.00 -999.00 -999.00 -999.00 -999.00 422.00 217.00 170.00
2017 226 13 0 -999.00 -999.00 -999.00 -999.00 -999.00 1.10000 60.00 26.67 101.15 0.00 579.00 -999.00 -999.00 -999.00 -999.00 -999.00 -999.00 370.00 249.00 182.00
2017 226 14 0 -999.00 -999.00 -999.00 -999.00 -999.00 1.10000 56.00 26.11 101.08 0.00 302.00 -999.00 -999.00 -999.00 -999.00 -999.00 -999.00 286.00 22.00 188.00
2017 226 15 0 -999.00 -999.00 -999.00 -999.00 -999.00 1.10000 52.00 26.11 101.02 0.00 182.00 -999.00 -999.00 -999.00 -999.00 -999.00 -999.00 178.00 7.00 186.00
2017 226 16 0 -999.00 -999.00 -999.00 -999.00 -999.00 1.10000 58.00 25.56 101.02 0.00 98.00 -999.00 -999.00 -999.00 -999.00 -999.00 -999.00 97.00 2.00 177.00
2017 226 17 0 -999.00 -999.00 -999.00 -999.00 -999.00 1.10000 64.00 24.44 101.02 0.00 57.00 -999.00 -999.00 -999.00 -999.00 -999.00 -999.00 56.00 2.00 171.00
2017 226 18 0 -999.00 -999.00 -999.00 -999.00 -999.00 1.20000 62.00 25.00 100.98 0.00 10.00 -999.00 -999.00 -999.00 -999.00 -999.00 -999.00 10.00 0.00 173.00
2017 226 19 0 -999.00 -999.00 -999.00 -999.00 -999.00 1.40000 67.00 24.44 100.98 0.00 0.00 -999.00 -999.00 -999.00 -999.00 -999.00 -999.00 0.00 0.00 178.00
2017 226 20 0 -999.00 -999.00 -999.00 -999.00 -999.00 1.40000 76.00 23.89 101.02 0.00 0.00 -999.00 -999.00 -999.00 -999.00 -999.00 -999.00 0.00 0.00 179.00
2017 226 21 0 -999.00 -999.00 -999.00 -999.00 -999.00 1.40000 76.00 23.89 100.98 0.00 0.00 -999.00 -999.00 -999.00 -999.00 -999.00 -999.00 0.00 0.00 180.00
2017 226 22 0 -999.00 -999.00 -999.00 -999.00 -999.00 1.20000 76.00 23.89 100.98 0.00 0.00 -999.00 -999.00 -999.00 -999.00 -999.00 -999.00 0.00 0.00 185.00
2017 226 23 0 -999.00 -999.00 -999.00 -999.00 -999.00 1.00000 79.00 23.33 100.95 0.00 0.00 -999.00 -999.00 -999.00 -999.00 -999.00 -999.00 0.00 0.00 193.00
2017 227 0 0 -999.00 -999.00 -999.00 -999.00 -999.00 0.90000 79.00 22.78 100.95 0.00 0.00 -999.00 -999.00 -999.00 -999.00 -999.00 -999.00 0.00 0.00 201.00
2017 227 1 0 -999.00 -999.00 -999.00 -999.00 -999.00 0.80000 71.00 23.33 100.91 0.00 0.00 -999.00 -999.00 -999.00 -999.00 -999.00 -999.00 0.00 0.00 208.00
2017 227 2 0 -999.00 -999.00 -999.00 -999.00 -999.00 0.70000 93.00 21.11 100.95 2.29 0.00 -999.00 -999.00 -999.00 -999.00 -999.00 -999.00 0.00 0.00 211.00
2017 227 3 0 -999.00 -999.00 -999.00 -999.00 -999.00 0.50000 95.40 20.44 100.95 3.10 0.00 -999.00 -999.00 -999.00 -999.00 -999.00 -999.00 0.00 0.00 211.00
2017 227 4 0 -999.00 -999.00 -999.00 -999.00 -999.00 0.50000 93.00 20.00 100.91 0.76 0.00 -999.00 -999.00 -999.00 -999.00 -999.00 -999.00 0.00 0.00 205.00
2017 227 5 0 -999.00 -999.00 -999.00 -999.00 -999.00 0.70000 93.00 20.56 100.88 0.00 12.00 -999.00 -999.00 -999.00 -999.00 -999.00 -999.00 12.00 0.00 186.00
2017 227 6 0 -999.00 -999.00 -999.00 -999.00 -999.00 0.90000 94.50 20.56 100.90 0.00 97.00 -999.00 -999.00 -999.00 -999.00 -999.00 -999.00 93.00 15.00 171.00
2017 227 7 0 -999.00 -999.00 -999.00 -999.00 -999.00 1.00000 96.50 20.83 100.88 0.00 177.00 -999.00 -999.00 -999.00 -999.00 -999.00 -999.00 172.00 12.00 176.00
2017 227 8 0 -999.00 -999.00 -999.00 -999.00 -999.00 1.10000 94.00 22.22 100.91 0.00 210.00 -999.00 -999.00 -999.00 -999.00 -999.00 -999.00 200.00 16.00 182.00
2017 227 9 0 -999.00 -999.00 -999.00 -999.00 -999.00 1.20000 94.00 21.67 100.88 0.00 210.00 -999.00 -999.00 -999.00 -999.00 -999.00 -999.00 205.00 7.00 178.00
2017 227 10 0 -999.00 -999.00 -999.00 -999.00 -999.00 1.20000 90.00 22.78 100.88 0.00 309.00 -999.00 -999.00 -999.00 -999.00 -999.00 -999.00 297.00 14.00 173.00
2017 227 11 0 -999.00 -999.00 -999.00 -999.00 -999.00 1.00000 90.00 22.78 100.85 0.00 204.00 -999.00 -999.00 -999.00 -999.00 -999.00 -999.00 202.00 1.00 172.00
2017 227 12 0 -999.00 -999.00 -999.00 -999.00 -999.00 0.90000 94.00 22.22 100.83 0.51 200.00 -999.00 -999.00 -999.00 -999.00 -999.00 -999.00 199.00 1.00 178.00
2017 227 13 0 -999.00 -999.00 -999.00 -999.00 -999.00 0.70000 94.60 22.22 100.81 0.15 238.00 -999.00 -999.00 -999.00 -999.00 -999.00 -999.00 235.00 4.00 182.00
2017 227 14 0 -999.00 -999.00 -999.00 -999.00 -999.00 0.70000 97.00 22.22 100.79 0.93 196.00 -999.00 -999.00 -999.00 -999.00 -999.00 -999.00 194.00 3.00 171.00
2017 227 15 0 -999.00 -999.00 -999.00 -999.00 -999.00 0.70000 95.57 22.54 100.76 0.04 100.00 -999.00 -999.00 -999.00 -999.00 -999.00 -999.00 100.00 1.00 155.00
2017 227 16 0 -999.00 -999.00 -999.00 -999.00 -999.00 0.60000 94.00 22.78 100.75 0.00 219.00 -999.00 -999.00 -999.00 -999.00 -999.00 -999.00 187.00 75.00 156.00
2017 227 17 0 -999.00 -999.00 -999.00 -999.00 -999.00 0.50000 90.00 22.78 100.76 0.00 19.00 -999.00 -999.00 -999.00 -999.00 -999.00 -999.00 19.00 0.00 153.00
2017 227 18 0 -999.00 -999.00 -999.00 -999.00 -999.00 0.60000 90.00 22.78 100.78 0.00 17.00 -999.00 -999.00 -999.00 -999.00 -999.00 -999.00 17.00 0.00 147.00
2017 227 19 0 -999.00 -999.00 -999.00 -999.00 -999.00 0.60000 92.67 22.78 100.76 0.00 0.00 -999.00 -999.00 -999.00 -999.00 -999.00 -999.00 0.00 0.00 151.00
2017 227 20 0 -999.00 -999.00 -999.00 -999.00 -999.00 0.60000 95.50 22.22 100.80 0.00 0.00 -999.00 -999.00 -999.00 -999.00 -999.00 -999.00 0.00 0.00 175.00
2017 227 21 0 -999.00 -999.00 -999.00 -999.00 -999.00 0.60000 94.00 22.78 100.81 0.00 0.00 -999.00 -999.00 -999.00 -999.00 -999.00 -999.00 0.00 0.00 212.00
2017 227 22 0 -999.00 -999.00 -999.00 -999.00 -999.00 0.60000 90.50 22.50 100.80 0.00 0.00 -999.00 -999.00 -999.00 -999.00 -999.00 -999.00 0.00 0.00 237.00
2017 227 23 0 -999.00 -999.00 -999.00 -999.00 -999.00 0.80000 94.00 21.67 100.78 0.00 0.00 -999.00 -999.00 -999.00 -999.00 -999.00 -999.00 0.00 0.00 252.00
2017 228 0 0 -999.00 -999.00 -999.00 -999.00 -999.00 1.00000 94.00 21.67 100.78 0.00 0.00 -999.00 -999.00 -999.00 -999.00 -999.00 -999.00 0.00 0.00 263.00
2017 228 1 0 -999.00 -999.00 -999.00 -999.00 -999.00 1.20000 94.00 22.22 100.78 0.00 0.00 -999.00 -999.00 -999.00 -999.00 -999.00 -999.00 0.00 0.00 272.00
2017 228 2 0 -999.00 -999.00 -999.00 -999.00 -999.00 1.30000 95.60 21.78 100.81 0.00 0.00 -999.00 -999.00 -999.00 -999.00 -999.00 -999.00 0.00 0.00 282.00
2017 228 3 0 -999.00 -999.00 -999.00 -999.00 -999.00 1.40000 95.00 21.67 100.81 0.00 0.00 -999.00 -999.00 -999.00 -999.00 -999.00 -999.00 0.00 0.00 294.00
2017 228 4 0 -999.00 -999.00 -999.00 -999.00 -999.00 1.50000 94.00 21.67 100.85 0.00 0.00 -999.00 -999.00 -999.00 -999.00 -999.00 -999.00 0.00 0.00 309.00
2017 228 5 0 -999.00 -999.00 -999.00 -999.00 -999.00 1.50000 93.00 21.11 100.91 0.00 29.00 -999.00 -999.00 -999.00 -999.00 -999.00 -999.00 22.00 120.00 325.00
2017 228 6 0 -999.00 -999.00 -999.00 -999.00 -999.00 1.60000 93.00 21.11 100.95 0.00 184.00 -999.00 -999.00 -999.00 -999.00 -999.00 -999.00 75.00 435.00 341.00
2017 228 7 0 -999.00 -999.00 -999.00 -999.00 -999.00 1.70000 90.00 21.67 100.98 0.00 372.00 -999.00 -999.00 -999.00 -999.00 -999.00 -999.00 108.00 606.00 352.00
2017 228 8 0 -999.00 -999.00 -999.00 -999.00 -999.00 1.70000 79.00 22.78 100.98 0.00 554.00 -999.00 -999.00 -999.00 -999.00 -999.00 -999.00 131.00 703.00 350.00
2017 228 9 0 -999.00 -999.00 -999.00 -999.00 -999.00 1.50000 71.00 23.89 100.98 0.00 709.00 -999.00 -999.00 -999.00 -999.00 -999.00 -999.00 146.00 764.00 336.00
2017 228 10 0 -999.00 -999.00 -999.00 -999.00 -999.00 1.30000 62.00 26.11 100.98 0.00 827.00 -999.00 -999.00 -999.00 -999.00 -999.00 -999.00 135.00 831.00 321.00
2017 228 11 0 -999.00 -999.00 -999.00 -999.00 -999.00 1.10000 47.00 27.78 100.98 0.00 887.00 -999.00 -999.00 -999.00 -999.00 -999.00 -999.00 134.00 853.00 311.00
2017 228 12 0 -999.00 -999.00 -999.00 -999.00 -999.00 1.00000 44.00 28.89 100.98 0.00 888.00 -999.00 -999.00 -999.00 -999.00 -999.00 -999.00 132.00 856.00 305.00
2017 228 13 0 -999.00 -999.00 -999.00 -999.00 -999.00 0.90000 49.00 28.89 100.95 0.00 676.00 -999.00 -999.00 -999.00 -999.00 -999.00 -999.00 284.00 471.00 300.00
2017 228 14 0 -999.00 -999.00 -999.00 -999.00 -999.00 0.80000 55.00 27.78 100.98 0.00 596.00 -999.00 -999.00 -999.00 -999.00 -999.00 -999.00 351.00 332.00 297.00
2017 228 15 0 -999.00 -999.00 -999.00 -999.00 -999.00 0.80000 46.00 29.44 100.98 0.00 285.00 -999.00 -999.00 -999.00 -999.00 -999.00 -999.00 269.00 27.00 295.00
2017 228 16 0 -999.00 -999.00 -999.00 -999.00 -999.00 0.80000 49.00 28.33 100.95 0.00 379.00 -999.00 -999.00 -999.00 -999.00 -999.00 -999.00 92.00 661.00 287.00
2017 228 17 0 -999.00 -999.00 -999.00 -999.00 -999.00 0.90000 44.00 28.89 100.95 0.00 188.00 -999.00 -999.00 -999.00 -999.00 -999.00 -999.00 66.00 491.00 280.00
2017 228 18 0 -999.00 -999.00 -999.00 -999.00 -999.00 1.00000 49.00 27.78 100.98 0.00 30.00 -999.00 -999.00 -999.00 -999.00 -999.00 -999.00 21.00 162.00 279.00
2017 228 19 0 -999.00 -999.00 -999.00 -999.00 -999.00 1.10000 49.00 27.22 101.02 0.00 0.00 -999.00 -999.00 -999.00 -999.00 -999.00 -999.00 0.00 0.00 283.00
2017 228 20 0 -999.00 -999.00 -999.00 -999.00 -999.00 1.00000 52.00 26.11 101.08 0.00 0.00 -999.00 -999.00 -999.00 -999.00 -999.00 -999.00 0.00 0.00 299.00
2017 228 21 0 -999.00 -999.00 -999.00 -999.00 -999.00 0.90000 56.00 25.56 101.12 0.00 0.00 -999.00 -999.00 -999.00 -999.00 -999.00 -999.00 0.00 0.00 329.00
2017 228 22 0 -999.00 -999.00 -999.00 -999.00 -999.00 0.90000 56.00 25.56 101.15 0.00 0.00 -999.00 -999.00 -999.00 -999.00 -999.00 -999.00 0.00 0.00 172.00
2017 228 23 0 -999.00 -999.00 -999.00 -999.00 -999.00 0.80000 62.00 24.44 101.15 0.00 0.00 -999.00 -999.00 -999.00 -999.00 -999.00 -999.00 0.00 0.00 3.00
2017 229 0 0 -999.00 -999.00 -999.00 -999.00 -999.00 0.90000 69.00 23.33 101.19 0.00 0.00 -999.00 -999.00 -999.00 -999.00 -999.00 -999.00 0.00 0.00 7.00
2017 229 1 0 -999.00 -999.00 -999.00 -999.00 -999.00 1.20000 62.00 23.33 101.22 0.00 0.00 -999.00 -999.00 -999.00 -999.00 -999.00 -999.00 0.00 0.00 10.00
2017 229 2 0 -999.00 -999.00 -999.00 -999.00 -999.00 1.40000 59.00 22.78 101.22 0.00 0.00 -999.00 -999.00 -999.00 -999.00 -999.00 -999.00 0.00 0.00 16.00
2017 229 3 0 -999.00 -999.00 -999.00 -999.00 -999.00 1.60000 53.00 22.78 101.19 0.00 0.00 -999.00 -999.00 -999.00 -999.00 -999.00 -999.00 0.00 0.00 21.00
2017 229 4 0 -999.00 -999.00 -999.00 -999.00 -999.00 1.70000 55.00 21.67 101.22 0.00 0.00 -999.00 -999.00 -999.00 -999.00 -999.00 -999.00 0.00 0.00 25.00
2017 229 5 0 -999.00 -999.00 -999.00 -999.00 -999.00 1.90000 59.00 21.11 101.25 0.00 16.00 -999.00 -999.00 -999.00 -999.00 -999.00 -999.00 16.00 0.00 32.00
2017 229 6 0 -999.00 -999.00 -999.00 -999.00 -999.00 1.90000 57.00 21.67 101.29 0.00 189.00 -999.00 -999.00 -999.00 -999.00 -999.00 -999.00 65.00 501.00 45.00
2017 229 7 0 -999.00 -999.00 -999.00 -999.00 -999.00 1.80000 61.00 21.67 101.39 0.00 217.00 -999.00 -999.00 -999.00 -999.00 -999.00 -999.00 206.00 24.00 60.00
2017 229 8 0 -999.00 -999.00 -999.00 -999.00 -999.00 1.60000 55.00 22.78 101.35 0.00 563.00 -999.00 -999.00 -999.00 -999.00 -999.00 -999.00 108.00 759.00 76.00
2017 229 9 0 -999.00 -999.00 -999.00 -999.00 -999.00 1.30000 60.00 23.33 101.39 0.00 572.00 -999.00 -999.00 -999.00 -999.00 -999.00 -999.00 372.00 273.00 101.00
2017 229 10 0 -999.00 -999.00 -999.00 -999.00 -999.00 1.20000 58.00 24.44 101.32 0.00 824.00 -999.00 -999.00 -999.00 -999.00 -999.00 -999.00 130.00 836.00 128.00
2017 229 11 0 -999.00 -999.00 -999.00 -999.00 -999.00 1.30000 51.00 26.67 101.29 0.00 876.00 -999.00 -999.00 -999.00 -999.00 -999.00 -999.00 142.00 833.00 147.00
2017 229 12 0 -999.00 -999.00 -999.00 -999.00 -999.00 1.40000 53.00 27.22 101.25 0.00 871.00 -999.00 -999.00 -999.00 -999.00 -999.00 -999.00 150.00 819.00 159.00
2017 229 13 0 -999.00 -999.00 -999.00 -999.00 -999.00 1.50000 49.00 27.78 101.19 0.00 779.00 -999.00 -999.00 -999.00 -999.00 -999.00 -999.00 316.00 557.00 164.00
2017 229 14 0 -999.00 -999.00 -999.00 -999.00 -999.00 1.60000 56.00 26.67 101.15 0.00 681.00 -999.00 -999.00 -999.00 -999.00 -999.00 -999.00 300.00 520.00 165.00
2017 229 15 0 -999.00 -999.00 -999.00 -999.00 -999.00 1.60000 56.00 25.56 101.12 0.00 539.00 -999.00 -999.00 -999.00 -999.00 -999.00 -999.00 134.00 679.00 165.00
2017 229 16 0 -999.00 -999.00 -999.00 -999.00 -999.00 1.60000 56.00 25.56 101.08 0.00 356.00 -999.00 -999.00 -999.00 -999.00 -999.00 -999.00 118.00 553.00 166.00
2017 229 17 0 -999.00 -999.00 -999.00 -999.00 -999.00 1.40000 56.00 25.00 101.02 0.00 170.00 -999.00 -999.00 -999.00 -999.00 -999.00 -999.00 83.00 354.00 165.00
2017 229 18 0 -999.00 -999.00 -999.00 -999.00 -999.00 1.30000 60.00 24.44 101.02 0.00 23.00 -999.00 -999.00 -999.00 -999.00 -999.00 -999.00 19.00 66.00 162.00
2017 229 19 0 -999.00 -999.00 -999.00 -999.00 -999.00 1.20000 76.00 23.33 101.05 0.00 0.00 -999.00 -999.00 -999.00 -999.00 -999.00 -999.00 0.00 0.00 158.00
2017 229 20 0 -999.00 -999.00 -999.00 -999.00 -999.00 1.30000 82.00 23.33 101.05 0.00 0.00 -999.00 -999.00 -999.00 -999.00 -999.00 -999.00 0.00 0.00 153.00
2017 229 21 0 -999.00 -999.00 -999.00 -999.00 -999.00 1.30000 88.00 23.33 101.05 0.00 0.00 -999.00 -999.00 -999.00 -999.00 -999.00 -999.00 0.00 0.00 150.00
2017 229 22 0 -999.00 -999.00 -999.00 -999.00 -999.00 1.30000 84.00 23.89 101.08 0.00 0.00 -999.00 -999.00 -999.00 -999.00 -999.00 -999.00 0.00 0.00 149.00
2017 229 23 0 -999.00 -999.00 -999.00 -999.00 -999.00 1.30000 88.00 23.89 101.02 0.00 0.00 -999.00 -999.00 -999.00 -999.00 -999.00 -999.00 0.00 0.00 152.00
2017 230 0 0 -999.00 -999.00 -999.00 -999.00 -999.00 1.40000 88.33 24.26 100.94 0.00 0.00 -999.00 -999.00 -999.00 -999.00 -999.00 -999.00 0.00 0.00 158.00
2017 230 1 0 -999.00 -999.00 -999.00 -999.00 -999.00 1.60000 86.50 24.72 100.86 0.00 0.00 -999.00 -999.00 -999.00 -999.00 -999.00 -999.00 0.00 0.00 166.00
2017 230 2 0 -999.00 -999.00 -999.00 -999.00 -999.00 1.80000 88.50 24.17 100.81 0.00 0.00 -999.00 -999.00 -999.00 -999.00 -999.00 -999.00 0.00 0.00 173.00
2017 230 3 0 -999.00 -999.00 -999.00 -999.00 -999.00 2.00000 85.00 24.44 100.81 0.00 0.00 -999.00 -999.00 -999.00 -999.00 -999.00 -999.00 0.00 0.00 177.00
2017 230 4 0 -999.00 -999.00 -999.00 -999.00 -999.00 2.20000 79.00 24.44 100.75 0.00 0.00 -999.00 -999.00 -999.00 -999.00 -999.00 -999.00 0.00 0.00 178.00
2017 230 5 0 -999.00 -999.00 -999.00 -999.00 -999.00 2.30000 77.00 24.44 100.75 0.00 8.00 -999.00 -999.00 -999.00 -999.00 -999.00 -999.00 8.00 0.00 177.00
2017 230 6 0 -999.00 -999.00 -999.00 -999.00 -999.00 2.40000 79.00 24.44 100.75 0.00 60.00 -999.00 -999.00 -999.00 -999.00 -999.00 -999.00 59.00 1.00 177.00
2017 230 7 0 -999.00 -999.00 -999.00 -999.00 -999.00 2.60000 94.40 23.11 100.74 0.97 247.00 -999.00 -999.00 -999.00 -999.00 -999.00 -999.00 214.00 79.00 181.00
2017 230 8 0 -999.00 -999.00 -999.00 -999.00 -999.00 2.80000 95.33 22.87 100.71 6.90 453.00 -999.00 -999.00 -999.00 -999.00 -999.00 -999.00 257.00 329.00 186.00
2017 230 9 0 -999.00 -999.00 -999.00 -999.00 -999.00 3.10000 95.17 23.80 100.71 3.17 237.00 -999.00 -999.00 -999.00 -999.00 -999.00 -999.00 230.00 9.00 189.00
2017 230 10 0 -999.00 -999.00 -999.00 -999.00 -999.00 3.20000 95.67 24.26 100.71 0.25 118.00 -999.00 -999.00 -999.00 -999.00 -999.00 -999.00 118.00 0.00 192.00
2017 230 11 0 -999.00 -999.00 -999.00 -999.00 -999.00 3.20000 95.67 24.81 100.67 0.25 372.00 -999.00 -999.00 -999.00 -999.00 -999.00 -999.00 365.00 8.00 193.00
2017 230 12 0 -999.00 -999.00 -999.00 -999.00 -999.00 3.10000 95.50 25.83 100.61 0.00 145.00 -999.00 -999.00 -999.00 -999.00 -999.00 -999.00 145.00 0.00 192.00
2017 230 13 0 -999.00 -999.00 -999.00 -999.00 -999.00 3.00000 90.00 26.11 100.54 0.00 296.00 -999.00 -999.00 -999.00 -999.00 -999.00 -999.00 286.00 12.00 189.00
2017 230 14 0 -999.00 -999.00 -999.00 -999.00 -999.00 2.80000 87.00 26.67 100.51 0.00 206.00 -999.00 -999.00 -999.00 -999.00 -999.00 -999.00 202.00 5.00 184.00
2017 230 15 0 -999.00 -999.00 -999.00 -999.00 -999.00 2.70000 88.00 27.22 100.41 0.00 388.00 -999.00 -999.00 -999.00 -999.00 -999.00 -999.00 275.00 190.00 179.00
2017 230 16 0 -999.00 -999.00 -999.00 -999.00 -999.00 2.70000 90.00 26.30 100.35 0.00 31.00 -999.00 -999.00 -999.00 -999.00 -999.00 -999.00 31.00 0.00 176.00
2017 230 17 0 -999.00 -999.00 -999.00 -999.00 -999.00 2.60000 90.00 26.11 100.41 0.00 53.00 -999.00 -999.00 -999.00 -999.00 -999.00 -999.00 52.00 1.00 177.00
2017 230 18 0 -999.00 -999.00 -999.00 -999.00 -999.00 2.60000 92.00 26.11 100.39 0.64 8.00 -999.00 -999.00 -999.00 -999.00 -999.00 -999.00 8.00 0.00 181.00
2017 230 19 0 -999.00 -999.00 -999.00 -999.00 -999.00 2.50000 94.00 23.89 100.39 0.89 0.00 -999.00 -999.00 -999.00 -999.00 -999.00 -999.00 0.00 0.00 186.00
2017 230 20 0 -999.00 -999.00 -999.00 -999.00 -999.00 2.20000 94.00 22.78 100.34 0.00 0.00 -999.00 -999.00 -999.00 -999.00 -999.00 -999.00 0.00 0.00 191.00
2017 230 21 0 -999.00 -999.00 -999.00 -999.00 -999.00 2.00000 96.00 22.78 100.41 0.00 0.00 -999.00 -999.00 -999.00 -999.00 -999.00 -999.00 0.00 0.00 196.00
2017 230 22 0 -999.00 -999.00 -999.00 -999.00 -999.00 1.90000 94.00 22.78 100.47 0.00 0.00 -999.00 -999.00 -999.00 -999.00 -999.00 -999.00 0.00 0.00 202.00
2017 230 23 0 -999.00 -999.00 -999.00 -999.00 -999.00 2.00000 94.00 23.33 100.47 0.00 0.00 -999.00 -999.00 -999.00 -999.00 -999.00 -999.00 0.00 0.00 207.00
2017 231 0 0 -999.00 -999.00 -999.00 -999.00 -999.00 2.10000 94.00 23.33 100.41 0.00 0.00 -999.00 -999.00 -999.00 -999.00 -999.00 -999.00 0.00 0.00 218.00
2017 231 1 0 -999.00 -999.00 -999.00 -999.00 -999.00 2.10000 93.25 23.19 100.36 0.00 0.00 -999.00 -999.00 -999.00 -999.00 -999.00 -999.00 0.00 0.00 234.00
2017 231 2 0 -999.00 -999.00 -999.00 -999.00 -999.00 2.10000 95.00 22.78 100.37 0.00 0.00 -999.00 -999.00 -999.00 -999.00 -999.00 -999.00 0.00 0.00 250.00
2017 231 3 0 -999.00 -999.00 -999.00 -999.00 -999.00 2.00000 94.00 23.06 100.34 0.00 0.00 -999.00 -999.00 -999.00 -999.00 -999.00 -999.00 0.00 0.00 273.00
2017 231 4 0 -999.00 -999.00 -999.00 -999.00 -999.00 1.90000 94.00 23.33 100.42 0.00 0.00 -999.00 -999.00 -999.00 -999.00 -999.00 -999.00 0.00 0.00 298.00
2017 231 5 0 -999.00 -999.00 -999.00 -999.00 -999.00 1.80000 94.00 23.33 100.47 0.00 17.00 -999.00 -999.00 -999.00 -999.00 -999.00 -999.00 17.00 1.00 311.00
2017 231 6 0 -999.00 -999.00 -999.00 -999.00 -999.00 1.60000 96.00 22.78 100.51 0.00 181.00 -999.00 -999.00 -999.00 -999.00 -999.00 -999.00 57.00 511.00 314.00
2017 231 7 0 -999.00 -999.00 -999.00 -999.00 -999.00 1.50000 88.00 23.89 100.54 0.00 372.00 -999.00 -999.00 -999.00 -999.00 -999.00 -999.00 78.00 685.00 319.00
2017 231 8 0 -999.00 -999.00 -999.00 -999.00 -999.00 1.30000 77.00 25.00 100.61 0.00 557.00 -999.00 -999.00 -999.00 -999.00 -999.00 -999.00 92.00 782.00 315.00
2017 231 9 0 -999.00 -999.00 -999.00 -999.00 -999.00 1.10000 65.00 26.11 100.64 0.00 713.00 -999.00 -999.00 -999.00 -999.00 -999.00 -999.00 101.00 838.00 292.00
2017 231 10 0 -999.00 -999.00 -999.00 -999.00 -999.00 1.20000 56.00 27.78 100.64 0.00 737.00 -999.00 -999.00 -999.00 -999.00 -999.00 -999.00 227.00 618.00 265.00
2017 231 11 0 -999.00 -999.00 -999.00 -999.00 -999.00 1.40000 55.00 28.33 100.64 0.00 749.00 -999.00 -999.00 -999.00 -999.00 -999.00 -999.00 394.00 405.00 249.00
2017 231 12 0 -999.00 -999.00 -999.00 -999.00 -999.00 1.60000 55.00 28.33 100.64 0.00 530.00 -999.00 -999.00 -999.00 -999.00 -999.00 -999.00 426.00 120.00 240.00
2017 231 13 0 -999.00 -999.00 -999.00 -999.00 -999.00 1.80000 53.00 28.89 100.61 0.00 799.00 -999.00 -999.00 -999.00 -999.00 -999.00 -999.00 150.00 788.00 235.00
2017 231 14 0 -999.00 -999.00 -999.00 -999.00 -999.00 1.90000 48.00 29.44 100.54 0.00 524.00 -999.00 -999.00 -999.00 -999.00 -999.00 -999.00 387.00 188.00 233.00
2017 231 15 0 -999.00 -999.00 -999.00 -999.00 -999.00 1.90000 51.00 29.44 100.54 0.00 532.00 -999.00 -999.00 -999.00 -999.00 -999.00 -999.00 129.00 684.00 233.00
2017 231 16 0 -999.00 -999.00 -999.00 -999.00 -999.00 1.70000 53.00 28.89 100.51 0.00 352.00 -999.00 -999.00 -999.00 -999.00 -999.00 -999.00 104.00 588.00 234.00
2017 231 17 0 -999.00 -999.00 -999.00 -999.00 -999.00 1.50000 53.00 28.33 100.51 0.00 168.00 -999.00 -999.00 -999.00 -999.00 -999.00 -999.00 69.00 419.00 239.00
2017 231 18 0 -999.00 -999.00 -999.00 -999.00 -999.00 1.50000 57.00 27.22 100.54 0.00 21.00 -999.00 -999.00 -999.00 -999.00 -999.00 -999.00 16.00 98.00 247.00
2017 231 19 0 -999.00 -999.00 -999.00 -999.00 -999.00 1.50000 53.00 27.22 100.58 0.00 0.00 -999.00 -999.00 -999.00 -999.00 -999.00 -999.00 0.00 0.00 258.00
2017 231 20 0 -999.00 -999.00 -999.00 -999.00 -999.00 1.50000 56.00 26.67 100.64 0.00 0.00 -999.00 -999.00 -999.00 -999.00 -999.00 -999.00 0.00 0.00 265.00
2017 231 21 0 -999.00 -999.00 -999.00 -999.00 -999.00 1.50000 58.00 26.67 100.71 0.00 0.00 -999.00 -999.00 -999.00 -999.00 -999.00 -999.00 0.00 0.00 268.00
2017 231 22 0 -999.00 -999.00 -999.00 -999.00 -999.00 1.50000 62.00 26.11 100.75 0.00 0.00 -999.00 -999.00 -999.00 -999.00 -999.00 -999.00 0.00 0.00 266.00
2017 231 23 0 -999.00 -999.00 -999.00 -999.00 -999.00 1.60000 60.00 26.67 100.71 0.00 0.00 -999.00 -999.00 -999.00 -999.00 -999.00 -999.00 0.00 0.00 263.00
2017 232 0 0 -999.00 -999.00 -999.00 -999.00 -999.00 1.80000 64.00 25.00 100.75 0.00 0.00 -999.00 -999.00 -999.00 -999.00 -999.00 -999.00 0.00 0.00 264.00
2017 232 1 0 -999.00 -999.00 -999.00 -999.00 -999.00 1.90000 71.00 23.89 100.78 0.00 0.00 -999.00 -999.00 -999.00 -999.00 -999.00 -999.00 0.00 0.00 271.00
2017 232 2 0 -999.00 -999.00 -999.00 -999.00 -999.00 2.10000 67.00 23.33 100.85 0.00 0.00 -999.00 -999.00 -999.00 -999.00 -999.00 -999.00 0.00 0.00 285.00
2017 232 3 0 -999.00 -999.00 -999.00 -999.00 -999.00 2.30000 71.00 22.22 100.88 0.00 0.00 -999.00 -999.00 -999.00 -999.00 -999.00 -999.00 0.00 0.00 300.00
2017 232 4 0 -999.00 -999.00 -999.00 -999.00 -999.00 2.30000 73.00 21.67 100.95 0.00 0.00 -999.00 -999.00 -999.00 -999.00 -999.00 -999.00 0.00 0.00 310.00
2017 232 5 0 -999.00 -999.00 -999.00 -999.00 -999.00 2.40000 73.00 21.11 101.05 0.00 25.00 -999.00 -999.00 -999.00 -999.00 -999.00 -999.00 17.00 156.00 313.00
2017 232 6 0 -999.00 -999.00 -999.00 -999.00 -999.00 2.60000 73.00 21.11 101.15 0.00 186.00 -999.00 -999.00 -999.00 -999.00 -999.00 -999.00 56.00 541.00 319.00
2017 232 7 0 -999.00 -999.00 -999.00 -999.00 -999.00 2.60000 73.00 21.11 101.22 0.00 382.00 -999.00 -999.00 -999.00 -999.00 -999.00 -999.00 75.00 723.00 324.00
2017 232 8 0 -999.00 -999.00 -999.00 -999.00 -999.00 2.50000 68.00 21.67 101.22 0.00 568.00 -999.00 -999.00 -999.00 -999.00 -999.00 -999.00 88.00 811.00 322.00
2017 232 9 0 -999.00 -999.00 -999.00 -999.00 -999.00 2.30000 60.00 23.33 101.25 0.00 724.00 -999.00 -999.00 -999.00 -999.00 -999.00 -999.00 100.00 857.00 317.00
2017 232 10 0 -999.00 -999.00 -999.00 -999.00 -999.00 2.10000 54.00 24.44 101.29 0.00 828.00 -999.00 -999.00 -999.00 -999.00 -999.00 -999.00 123.00 856.00 310.00
2017 232 11 0 -999.00 -999.00 -999.00 -999.00 -999.00 2.00000 52.00 25.56 101.32 0.00 881.00 -999.00 -999.00 -999.00 -999.00 -999.00 -999.00 133.00 858.00 303.00
2017 232 12 0 -999.00 -999.00 -999.00 -999.00 -999.00 1.80000 49.00 26.11 101.32 0.00 879.00 -999.00 -999.00 -999.00 -999.00 -999.00 -999.00 137.00 852.00 298.00
2017 232 13 0 -999.00 -999.00 -999.00 -999.00 -999.00 1.70000 47.00 26.67 101.35 0.00 808.00 -999.00 -999.00 -999.00 -999.00 -999.00 -999.00 159.00 790.00 295.00
2017 232 14 0 -999.00 -999.00 -999.00 -999.00 -999.00 1.60000 49.00 26.67 101.35 0.00 694.00 -999.00 -999.00 -999.00 -999.00 -999.00 -999.00 147.00 756.00 295.00
2017 232 15 0 -999.00 -999.00 -999.00 -999.00 -999.00 1.40000 49.00 27.22 101.32 0.00 539.00 -999.00 -999.00 -999.00 -999.00 -999.00 -999.00 130.00 699.00 295.00
2017 232 16 0 -999.00 -999.00 -999.00 -999.00 -999.00 1.30000 44.00 27.22 101.32 0.00 357.00 -999.00 -999.00 -999.00 -999.00 -999.00 -999.00 106.00 600.00 295.00
2017 232 17 0 -999.00 -999.00 -999.00 -999.00 -999.00 1.10000 45.00 27.22 101.35 0.00 169.00 -999.00 -999.00 -999.00 -999.00 -999.00 -999.00 70.00 424.00 294.00
2017 232 18 0 -999.00 -999.00 -999.00 -999.00 -999.00 1.10000 45.00 26.67 101.39 0.00 19.00 -999.00 -999.00 -999.00 -999.00 -999.00 -999.00 15.00 100.00 293.00
2017 232 19 0 -999.00 -999.00 -999.00 -999.00 -999.00 1.20000 49.00 26.11 101.42 0.00 0.00 -999.00 -999.00 -999.00 -999.00 -999.00 -999.00 0.00 0.00 294.00
2017 232 20 0 -999.00 -999.00 -999.00 -999.00 -999.00 1.30000 52.00 25.00 101.49 0.00 0.00 -999.00 -999.00 -999.00 -999.00 -999.00 -999.00 0.00 0.00 295.00
2017 232 21 0 -999.00 -999.00 -999.00 -999.00 -999.00 1.30000 54.00 25.00 101.59 0.00 0.00 -999.00 -999.00 -999.00 -999.00 -999.00 -999.00 0.00 0.00 295.00
2017 232 22 0 -999.00 -999.00 -999.00 -999.00 -999.00 1.40000 58.00 23.89 101.59 0.00 0.00 -999.00 -999.00 -999.00 -999.00 -999.00 -999.00 0.00 0.00 293.00
2017 232 23 0 -999.00 -999.00 -999.00 -999.00 -999.00 1.40000 58.00 23.89 101.66 0.00 0.00 -999.00 -999.00 -999.00 -999.00 -999.00 -999.00 0.00 0.00 293.00
2017 233 0 0 -999.00 -999.00 -999.00 -999.00 -999.00 1.40000 60.00 23.89 101.66 0.00 0.00 -999.00 -999.00 -999.00 -999.00 -999.00 -999.00 0.00 0.00 294.00
2017 233 1 0 -999.00 -999.00 -999.00 -999.00 -999.00 1.40000 62.00 23.33 101.69 0.00 0.00 -999.00 -999.00 -999.00 -999.00 -999.00 -999.00 0.00 0.00 296.00
2017 233 2 0 -999.00 -999.00 -999.00 -999.00 -999.00 1.30000 62.00 23.33 101.66 0.00 0.00 -999.00 -999.00 -999.00 -999.00 -999.00 -999.00 0.00 0.00 297.00
2017 233 3 0 -999.00 -999.00 -999.00 -999.00 -999.00 1.30000 66.00 22.78 101.66 0.00 0.00 -999.00 -999.00 -999.00 -999.00 -999.00 -999.00 0.00 0.00 298.00
2017 233 4 0 -999.00 -999.00 -999.00 -999.00 -999.00 1.20000 69.00 22.78 101.69 0.00 0.00 -999.00 -999.00 -999.00 -999.00 -999.00 -999.00 0.00 0.00 300.00
2017 233 5 0 -999.00 -999.00 -999.00 -999.00 -999.00 1.20000 73.00 22.22 101.73 0.00 22.00 -999.00 -999.00 -999.00 -999.00 -999.00 -999.00 16.00 116.00 297.00
2017 233 6 0 -999.00 -999.00 -999.00 -999.00 -999.00 1.10000 69.00 22.78 101.76 0.00 174.00 -999.00 -999.00 -999.00 -999.00 -999.00 -999.00 66.00 456.00 280.00
2017 233 7 0 -999.00 -999.00 -999.00 -999.00 -999.00 1.10000 69.00 23.33 101.79 0.00 364.00 -999.00 -999.00 -999.00 -999.00 -999.00 -999.00 95.00 638.00 265.00
2017 233 8 0 -999.00 -999.00 -999.00 -999.00 -999.00 1.30000 64.00 24.44 101.79 0.00 511.00 -999.00 -999.00 -999.00 -999.00 -999.00 -999.00 185.00 554.00 259.00
2017 233 9 0 -999.00 -999.00 -999.00 -999.00 -999.00 1.40000 60.00 26.11 101.76 0.00 658.00 -999.00 -999.00 -999.00 -999.00 -999.00 -999.00 199.00 632.00 250.00
2017 233 10 0 -999.00 -999.00 -999.00 -999.00 -999.00 1.40000 58.00 27.22 101.76 0.00 811.00 -999.00 -999.00 -999.00 -999.00 -999.00 -999.00 135.00 824.00 237.00
2017 233 11 0 -999.00 -999.00 -999.00 -999.00 -999.00 1.50000 49.00 28.33 101.73 0.00 866.00 -999.00 -999.00 -999.00 -999.00 -999.00 -999.00 139.00 835.00 228.00
2017 233 12 0 -999.00 -999.00 -999.00 -999.00 -999.00 1.70000 45.00 29.44 101.66 0.00 766.00 -999.00 -999.00 -999.00 -999.00 -999.00 -999.00 250.00 594.00 222.00
2017 233 13 0 -999.00 -999.00 -999.00 -999.00 -999.00 1.90000 50.00 29.44 101.59 0.00 804.00 -999.00 -999.00 -999.00 -999.00 -999.00 -999.00 123.00 833.00 217.00
2017 233 14 0 -999.00 -999.00 -999.00 -999.00 -999.00 2.00000 61.00 27.22 101.56 0.00 591.00 -999.00 -999.00 -999.00 -999.00 -999.00 -999.00 226.00 508.00 215.00
2017 233 15 0 -999.00 -999.00 -999.00 -999.00 -999.00 2.10000 60.00 27.78 101.56 0.00 532.00 -999.00 -999.00 -999.00 -999.00 -999.00 -999.00 107.00 729.00 211.00
2017 233 16 0 -999.00 -999.00 -999.00 -999.00 -999.00 2.20000 55.00 28.89 101.49 0.00 348.00 -999.00 -999.00 -999.00 -999.00 -999.00 -999.00 90.00 623.00 204.00
2017 233 17 0 -999.00 -999.00 -999.00 -999.00 -999.00 2.20000 60.00 27.78 101.49 0.00 112.00 -999.00 -999.00 -999.00 -999.00 -999.00 -999.00 102.00 43.00 199.00
2017 233 18 0 -999.00 -999.00 -999.00 -999.00 -999.00 2.20000 62.00 27.22 101.42 0.00 17.00 -999.00 -999.00 -999.00 -999.00 -999.00 -999.00 14.00 71.00 200.00
2017 233 19 0 -999.00 -999.00 -999.00 -999.00 -999.00 2.20000 64.00 26.67 101.46 0.00 0.00 -999.00 -999.00 -999.00 -999.00 -999.00 -999.00 0.00 0.00 207.00
2017 233 20 0 -999.00 -999.00 -999.00 -999.00 -999.00 2.10000 67.00 26.67 101.49 0.00 0.00 -999.00 -999.00 -999.00 -999.00 -999.00 -999.00 0.00 0.00 213.00
2017 233 21 0 -999.00 -999.00 -999.00 -999.00 -999.00 1.90000 69.00 26.67 101.49 0.00 0.00 -999.00 -999.00 -999.00 -999.00 -999.00 -999.00 0.00 0.00 217.00
2017 233 22 0 -999.00 -999.00 -999.00 -999.00 -999.00 1.80000 76.00 25.56 101.46 0.00 0.00 -999.00 -999.00 -999.00 -999.00 -999.00 -999.00 0.00 0.00 220.00
2017 233 23 0 -999.00 -999.00 -999.00 -999.00 -999.00 1.70000 79.00 25.00 101.42 0.00 0.00 -999.00 -999.00 -999.00 -999.00 -999.00 -999.00 0.00 0.00 222.00
2017 234 0 0 -999.00 -999.00 -999.00 -999.00 -999.00 1.70000 82.00 24.44 101.39 0.00 0.00 -999.00 -999.00 -999.00 -999.00 -999.00 -999.00 0.00 0.00 223.00
2017 234 1 0 -999.00 -999.00 -999.00 -999.00 -999.00 1.60000 82.00 24.44 101.35 0.00 0.00 -999.00 -999.00 -999.00 -999.00 -999.00 -999.00 0.00 0.00 224.00
2017 234 2 0 -999.00 -999.00 -999.00 -999.00 -999.00 1.60000 85.00 24.44 101.30 0.00 0.00 -999.00 -999.00 -999.00 -999.00 -999.00 -999.00 0.00 0.00 223.00
2017 234 3 0 -999.00 -999.00 -999.00 -999.00 -999.00 1.50000 88.00 23.89 101.25 0.00 0.00 -999.00 -999.00 -999.00 -999.00 -999.00 -999.00 0.00 0.00 221.00
2017 234 4 0 -999.00 -999.00 -999.00 -999.00 -999.00 1.50000 88.00 23.89 101.22 0.00 0.00 -999.00 -999.00 -999.00 -999.00 -999.00 -999.00 0.00 0.00 221.00
2017 234 5 0 -999.00 -999.00 -999.00 -999.00 -999.00 1.70000 84.00 23.89 101.22 0.00 20.00 -999.00 -999.00 -999.00 -999.00 -999.00 -999.00 16.00 92.00 219.00
2017 234 6 0 -999.00 -999.00 -999.00 -999.00 -999.00 1.80000 88.00 23.89 101.22 0.00 167.00 -999.00 -999.00 -999.00 -999.00 -999.00 -999.00 65.00 437.00 220.00
2017 234 7 0 -999.00 -999.00 -999.00 -999.00 -999.00 1.80000 87.33 24.44 101.19 0.00 352.00 -999.00 -999.00 -999.00 -999.00 -999.00 -999.00 94.00 616.00 222.00
2017 234 8 0 -999.00 -999.00 -999.00 -999.00 -999.00 1.90000 83.75 25.14 101.15 0.00 379.00 -999.00 -999.00 -999.00 -999.00 -999.00 -999.00 309.00 119.00 220.00
2017 234 9 0 -999.00 -999.00 -999.00 -999.00 -999.00 2.00000 82.00 26.11 101.10 0.00 547.00 -999.00 -999.00 -999.00 -999.00 -999.00 -999.00 360.00 259.00 216.00
2017 234 10 0 -999.00 -999.00 -999.00 -999.00 -999.00 2.10000 77.00 27.22 101.08 0.00 779.00 -999.00 -999.00 -999.00 -999.00 -999.00 -999.00 167.00 748.00 211.00
2017 234 11 0 -999.00 -999.00 -999.00 -999.00 -999.00 2.40000 70.00 28.89 101.02 0.00 838.00 -999.00 -999.00 -999.00 -999.00 -999.00 -999.00 166.00 776.00 204.00
2017 234 12 0 -999.00 -999.00 -999.00 -999.00 -999.00 2.80000 65.00 30.56 100.91 0.00 839.00 -999.00 -999.00 -999.00 -999.00 -999.00 -999.00 158.00 787.00 200.00
2017 234 13 0 -999.00 -999.00 -999.00 -999.00 -999.00 3.10000 65.00 30.56 100.85 0.00 783.00 -999.00 -999.00 -999.00 -999.00 -999.00 -999.00 147.00 781.00 199.00
2017 234 14 0 -999.00 -999.00 -999.00 -999.00 -999.00 3.40000 63.00 31.11 100.71 0.00 503.00 -999.00 -999.00 -999.00 -999.00 -999.00 -999.00 381.00 170.00 199.00
2017 234 15 0 -999.00 -999.00 -999.00 -999.00 -999.00 3.60000 61.00 31.11 100.58 0.00 521.00 -999.00 -999.00 -999.00 -999.00 -999.00 -999.00 125.00 684.00 199.00
2017 234 16 0 -999.00 -999.00 -999.00 -999.00 -999.00 3.60000 57.00 31.11 100.47 0.00 338.00 -999.00 -999.00 -999.00 -999.00 -999.00 -999.00 107.00 565.00 199.00
2017 234 17 0 -999.00 -999.00 -999.00 -999.00 -999.00 3.50000 59.00 30.56 100.41 0.00 119.00 -999.00 -999.00 -999.00 -999.00 -999.00 -999.00 107.00 56.00 200.00
2017 234 18 0 -999.00 -999.00 -999.00 -999.00 -999.00 3.40000 59.00 30.00 100.37 0.00 11.00 -999.00 -999.00 -999.00 -999.00 -999.00 -999.00 11.00 0.00 201.00
2017 234 19 0 -999.00 -999.00 -999.00 -999.00 -999.00 3.40000 63.00 29.44 100.37 0.00 0.00 -999.00 -999.00 -999.00 -999.00 -999.00 -999.00 0.00 0.00 203.00
2017 234 20 0 -999.00 -999.00 -999.00 -999.00 -999.00 3.30000 70.00 28.33 100.30 0.00 0.00 -999.00 -999.00 -999.00 -999.00 -999.00 -999.00 0.00 0.00 206.00
2017 234 21 0 -999.00 -999.00 -999.00 -999.00 -999.00 3.20000 67.00 28.33 100.27 0.00 0.00 -999.00 -999.00 -999.00 -999.00 -999.00 -999.00 0.00 0.00 210.00
2017 234 22 0 -999.00 -999.00 -999.00 -999.00 -999.00 3.00000 72.00 27.78 100.41 0.00 0.00 -999.00 -999.00 -999.00 -999.00 -999.00 -999.00 0.00 0.00 214.00
2017 234 23 0 -999.00 -999.00 -999.00 -999.00 -999.00 2.80000 93.25 23.06 100.48 1.84 0.00 -999.00 -999.00 -999.00 -999.00 -999.00 -999.00 0.00 0.00 218.00
2017 235 0 0 -999.00 -999.00 -999.00 -999.00 -999.00 2.50000 95.50 22.22 100.41 4.83 0.00 -999.00 -999.00 -999.00 -999.00 -999.00 -999.00 0.00 0.00 221.00
2017 235 1 0 -999.00 -999.00 -999.00 -999.00 -999.00 2.20000 94.00 22.78 100.34 0.00 0.00 -999.00 -999.00 -999.00 -999.00 -999.00 -999.00 0.00 0.00 225.00
2017 235 2 0 -999.00 -999.00 -999.00 -999.00 -999.00 1.90000 95.00 22.78 100.30 0.00 0.00 -999.00 -999.00 -999.00 -999.00 -999.00 -999.00 0.00 0.00 234.00
2017 235 3 0 -999.00 -999.00 -999.00 -999.00 -999.00 1.70000 96.00 22.78 100.27 0.00 0.00 -999.00 -999.00 -999.00 -999.00 -999.00 -999.00 0.00 0.00 246.00
2017 235 4 0 -999.00 -999.00 -999.00 -999.00 -999.00 1.60000 96.00 22.78 100.30 0.00 0.00 -999.00 -999.00 -999.00 -999.00 -999.00 -999.00 0.00 0.00 264.00
2017 235 5 0 -999.00 -999.00 -999.00 -999.00 -999.00 1.60000 96.00 22.78 100.30 0.00 9.00 -999.00 -999.00 -999.00 -999.00 -999.00 -999.00 9.00 0.00 285.00
2017 235 6 0 -999.00 -999.00 -999.00 -999.00 -999.00 1.80000 94.00 22.78 100.34 0.00 61.00 -999.00 -999.00 -999.00 -999.00 -999.00 -999.00 61.00 0.00 307.00
2017 235 7 0 -999.00 -999.00 -999.00 -999.00 -999.00 2.20000 85.00 23.15 100.45 0.00 211.00 -999.00 -999.00 -999.00 -999.00 -999.00 -999.00 201.00 25.00 324.00
2017 235 8 0 -999.00 -999.00 -999.00 -999.00 -999.00 2.40000 68.00 21.67 100.51 0.00 536.00 -999.00 -999.00 -999.00 -999.00 -999.00 -999.00 113.00 723.00 335.00
2017 235 9 0 -999.00 -999.00 -999.00 -999.00 -999.00 2.30000 51.00 22.78 100.54 0.00 700.00 -999.00 -999.00 -999.00 -999.00 -999.00 -999.00 111.00 819.00 335.00
2017 235 10 0 -999.00 -999.00 -999.00 -999.00 -999.00 2.00000 48.00 24.44 100.61 0.00 820.00 -999.00 -999.00 -999.00 -999.00 -999.00 -999.00 104.00 878.00 325.00
2017 235 11 0 -999.00 -999.00 -999.00 -999.00 -999.00 1.70000 45.00 25.00 100.58 0.00 763.00 -999.00 -999.00 -999.00 -999.00 -999.00 -999.00 246.00 599.00 309.00
2017 235 12 0 -999.00 -999.00 -999.00 -999.00 -999.00 1.50000 41.00 26.11 100.58 0.00 772.00 -999.00 -999.00 -999.00 -999.00 -999.00 -999.00 233.00 624.00 295.00
2017 235 13 0 -999.00 -999.00 -999.00 -999.00 -999.00 1.60000 39.00 26.67 100.58 0.00 721.00 -999.00 -999.00 -999.00 -999.00 -999.00 -999.00 199.00 644.00 289.00
2017 235 14 0 -999.00 -999.00 -999.00 -999.00 -999.00 1.60000 39.00 26.11 100.54 0.00 634.00 -999.00 -999.00 -999.00 -999.00 -999.00 -999.00 191.00 621.00 291.00
2017 235 15 0 -999.00 -999.00 -999.00 -999.00 -999.00 1.60000 41.00 26.11 100.54 0.00 497.00 -999.00 -999.00 -999.00 -999.00 -999.00 -999.00 159.00 588.00 296.00
2017 235 16 0 -999.00 -999.00 -999.00 -999.00 -999.00 1.50000 42.00 26.11 100.51 0.00 365.00 -999.00 -999.00 -999.00 -999.00 -999.00 -999.00 72.00 720.00 303.00
2017 235 17 0 -999.00 -999.00 -999.00 -999.00 -999.00 1.40000 41.00 26.11 100.54 0.00 169.00 -999.00 -999.00 -999.00 -999.00 -999.00 -999.00 51.00 540.00 311.00
2017 235 18 0 -999.00 -999.00 -999.00 -999.00 -999.00 1.40000 40.00 25.56 100.54 0.00 16.00 -999.00 -999.00 -999.00 -999.00 -999.00 -999.00 12.00 131.00 318.00
2017 235 19 0 -999.00 -999.00 -999.00 -999.00 -999.00 1.50000 40.00 25.00 100.61 0.00 0.00 -999.00 -999.00 -999.00 -999.00 -999.00 -999.00 0.00 0.00 325.00
2017 235 20 0 -999.00 -999.00 -999.00 -999.00 -999.00 1.50000 42.00 24.44 100.68 0.00 0.00 -999.00 -999.00 -999.00 -999.00 -999.00 -999.00 0.00 0.00 331.00
2017 235 21 0 -999.00 -999.00 -999.00 -999.00 -999.00 1.40000 43.00 23.89 100.64 0.00 0.00 -999.00 -999.00 -999.00 -999.00 -999.00 -999.00 0.00 0.00 338.00
2017 235 22 0 -999.00 -999.00 -999.00 -999.00 -999.00 1.30000 46.00 23.33 100.68 0.00 0.00 -999.00 -999.00 -999.00 -999.00 -999.00 -999.00 0.00 0.00 343.00
2017 235 23 0 -999.00 -999.00 -999.00 -999.00 -999.00 1.20000 50.00 22.22 100.68 0.00 0.00 -999.00 -999.00 -999.00 -999.00 -999.00 -999.00 0.00 0.00 345.00
2017 236 0 0 -999.00 -999.00 -999.00 -999.00 -999.00 1.20000 51.00 21.67 100.71 0.00 0.00 -999.00 -999.00 -999.00 -999.00 -999.00 -999.00 0.00 0.00 345.00
2017 236 1 0 -999.00 -999.00 -999.00 -999.00 -999.00 1.20000 57.00 21.11 100.68 0.00 0.00 -999.00 -999.00 -999.00 -999.00 -999.00 -999.00 0.00 0.00 343.00
2017 236 2 0 -999.00 -999.00 -999.00 -999.00 -999.00 1.30000 61.00 20.00 100.68 0.00 0.00 -999.00 -999.00 -999.00 -999.00 -999.00 -999.00 0.00 0.00 345.00
2017 236 3 0 -999.00 -999.00 -999.00 -999.00 -999.00 1.40000 66.00 19.44 100.71 0.00 0.00 -999.00 -999.00 -999.00 -999.00 -999.00 -999.00 0.00 0.00 347.00
2017 236 4 0 -999.00 -999.00 -999.00 -999.00 -999.00 1.50000 68.00 19.44 100.75 0.00 0.00 -999.00 -999.00 -999.00 -999.00 -999.00 -999.00 0.00 0.00 348.00
2017 236 5 0 -999.00 -999.00 -999.00 -999.00 -999.00 1.70000 66.00 19.44 100.78 0.00 19.00 -999.00 -999.00 -999.00 -999.00 -999.00 -999.00 14.00 120.00 346.00
2017 236 6 0 -999.00 -999.00 -999.00 -999.00 -999.00 1.90000 68.00 18.89 100.88 0.00 172.00 -999.00 -999.00 -999.00 -999.00 -999.00 -999.00 61.00 488.00 347.00
2017 236 7 0 -999.00 -999.00 -999.00 -999.00 -999.00 1.90000 66.00 19.44 100.91 0.00 364.00 -999.00 -999.00 -999.00 -999.00 -999.00 -999.00 87.00 668.00 350.00
2017 236 8 0 -999.00 -999.00 -999.00 -999.00 -999.00 1.60000 61.00 20.56 100.95 0.00 551.00 -999.00 -999.00 -999.00 -999.00 -999.00 -999.00 107.00 763.00 351.00
2017 236 9 0 -999.00 -999.00 -999.00 -999.00 -999.00 1.00000 59.00 22.22 100.95 0.00 705.00 -999.00 -999.00 -999.00 -999.00 -999.00 -999.00 121.00 814.00 338.00
2017 236 10 0 -999.00 -999.00 -999.00 -999.00 -999.00 0.60000 50.00 23.33 100.95 0.00 821.00 -999.00 -999.00 -999.00 -999.00 -999.00 -999.00 121.00 861.00 299.00
2017 236 11 0 -999.00 -999.00 -999.00 -999.00 -999.00 0.70000 43.00 25.00 100.91 0.00 876.00 -999.00 -999.00 -999.00 -999.00 -999.00 -999.00 131.00 865.00 268.00
2017 236 12 0 -999.00 -999.00 -999.00 -999.00 -999.00 1.00000 36.00 26.11 100.88 0.00 871.00 -999.00 -999.00 -999.00 -999.00 -999.00 -999.00 139.00 852.00 266.00
2017 236 13 0 -999.00 -999.00 -999.00 -999.00 -999.00 1.10000 31.00 26.11 100.85 0.00 813.00 -999.00 -999.00 -999.00 -999.00 -999.00 -999.00 127.00 849.00 271.00
2017 236 14 0 -999.00 -999.00 -999.00 -999.00 -999.00 1.20000 36.00 25.56 100.85 0.00 696.00 -999.00 -999.00 -999.00 -999.00 -999.00 -999.00 122.00 810.00 276.00
2017 236 15 0 -999.00 -999.00 -999.00 -999.00 -999.00 1.20000 37.00 25.00 100.85 0.00 538.00 -999.00 -999.00 -999.00 -999.00 -999.00 -999.00 109.00 751.00 283.00
2017 236 16 0 -999.00 -999.00 -999.00 -999.00 -999.00 1.20000 32.00 25.56 100.85 0.00 348.00 -999.00 -999.00 -999.00 -999.00 -999.00 -999.00 96.00 628.00 293.00
2017 236 17 0 -999.00 -999.00 -999.00 -999.00 -999.00 1.10000 39.00 25.00 100.85 0.00 155.00 -999.00 -999.00 -999.00 -999.00 -999.00 -999.00 65.00 420.00 304.00
2017 236 18 0 -999.00 -999.00 -999.00 -999.00 -999.00 1.20000 39.00 24.44 100.88 0.00 11.00 -999.00 -999.00 -999.00 -999.00 -999.00 -999.00 10.00 58.00 315.00
2017 236 19 0 -999.00 -999.00 -999.00 -999.00 -999.00 1.30000 40.00 23.33 100.91 0.00 0.00 -999.00 -999.00 -999.00 -999.00 -999.00 -999.00 0.00 0.00 326.00
2017 236 20 0 -999.00 -999.00 -999.00 -999.00 -999.00 1.50000 43.00 22.78 100.98 0.00 0.00 -999.00 -999.00 -999.00 -999.00 -999.00 -999.00 0.00 0.00 336.00
2017 236 21 0 -999.00 -999.00 -999.00 -999.00 -999.00 1.70000 43.00 22.78 100.98 0.00 0.00 -999.00 -999.00 -999.00 -999.00 -999.00 -999.00 0.00 0.00 343.00
2017 236 22 0 -999.00 -999.00 -999.00 -999.00 -999.00 1.90000 47.00 21.67 100.98 0.00 0.00 -999.00 -999.00 -999.00 -999.00 -999.00 -999.00 0.00 0.00 348.00
2017 236 23 0 -999.00 -999.00 -999.00 -999.00 -999.00 1.90000 55.00 20.56 101.05 0.00 0.00 -999.00 -999.00 -999.00 -999.00 -999.00 -999.00 0.00 0.00 351.00
2017 237 0 0 -999.00 -999.00 -999.00 -999.00 -999.00 1.90000 53.00 21.11 101.08 0.00 0.00 -999.00 -999.00 -999.00 -999.00 -999.00 -999.00 0.00 0.00 352.00
2017 237 1 0 -999.00 -999.00 -999.00 -999.00 -999.00 1.90000 63.00 19.44 101.12 0.00 0.00 -999.00 -999.00 -999.00 -999.00 -999.00 -999.00 0.00 0.00 351.00
2017 237 2 0 -999.00 -999.00 -999.00 -999.00 -999.00 1.80000 63.00 19.44 101.19 0.00 0.00 -999.00 -999.00 -999.00 -999.00 -999.00 -999.00 0.00 0.00 350.00
2017 237 3 0 -999.00 -999.00 -999.00 -999.00 -999.00 1.70000 68.00 18.33 101.19 0.00 0.00 -999.00 -999.00 -999.00 -999.00 -999.00 -999.00 0.00 0.00 347.00
2017 237 4 0 -999.00 -999.00 -999.00 -999.00 -999.00 1.70000 73.00 17.78 101.25 0.00 0.00 -999.00 -999.00 -999.00 -999.00 -999.00 -999.00 0.00 0.00 342.00
2017 237 5 0 -999.00 -999.00 -999.00 -999.00 -999.00 1.80000 78.00 17.22 101.29 0.00 17.00 -999.00 -999.00 -999.00 -999.00 -999.00 -999.00 13.00 103.00 339.00
2017 237 6 0 -999.00 -999.00 -999.00 -999.00 -999.00 2.00000 75.00 17.78 101.35 0.00 108.00 -999.00 -999.00 -999.00 -999.00 -999.00 -999.00 106.00 10.00 344.00
2017 237 7 0 -999.00 -999.00 -999.00 -999.00 -999.00 1.90000 73.00 18.33 101.35 0.00 358.00 -999.00 -999.00 -999.00 -999.00 -999.00 -999.00 86.00 662.00 346.00
2017 237 8 0 -999.00 -999.00 -999.00 -999.00 -999.00 1.70000 71.00 19.44 101.42 0.00 543.00 -999.00 -999.00 -999.00 -999.00 -999.00 -999.00 101.00 763.00 338.00
2017 237 9 0 -999.00 -999.00 -999.00 -999.00 -999.00 1.60000 66.00 21.11 101.42 0.00 698.00 -999.00 -999.00 -999.00 -999.00 -999.00 -999.00 112.00 819.00 329.00
2017 237 10 0 -999.00 -999.00 -999.00 -999.00 -999.00 1.50000 57.00 22.22 101.46 0.00 813.00 -999.00 -999.00 -999.00 -999.00 -999.00 -999.00 111.00 866.00 323.00
2017 237 11 0 -999.00 -999.00 -999.00 -999.00 -999.00 1.30000 52.00 23.89 101.46 0.00 821.00 -999.00 -999.00 -999.00 -999.00 -999.00 -999.00 309.00 596.00 319.00
2017 237 12 0 -999.00 -999.00 -999.00 -999.00 -999.00 1.10000 48.00 23.33 101.42 0.00 773.00 -999.00 -999.00 -999.00 -999.00 -999.00 -999.00 366.00 474.00 312.00
2017 237 13 0 -999.00 -999.00 -999.00 -999.00 -999.00 1.00000 42.00 25.56 101.42 0.00 179.00 -999.00 -999.00 -999.00 -999.00 -999.00 -999.00 179.00 0.00 303.00
2017 237 14 0 -999.00 -999.00 -999.00 -999.00 -999.00 1.00000 50.00 23.89 101.42 0.00 391.00 -999.00 -999.00 -999.00 -999.00 -999.00 -999.00 343.00 67.00 294.00
2017 237 15 0 -999.00 -999.00 -999.00 -999.00 -999.00 1.10000 42.00 24.44 101.42 0.00 166.00 -999.00 -999.00 -999.00 -999.00 -999.00 -999.00 166.00 0.00 290.00
2017 237 16 0 -999.00 -999.00 -999.00 -999.00 -999.00 1.00000 52.00 23.33 101.49 0.00 79.00 -999.00 -999.00 -999.00 -999.00 -999.00 -999.00 79.00 0.00 290.00
2017 237 17 0 -999.00 -999.00 -999.00 -999.00 -999.00 1.00000 43.00 23.89 101.52 0.00 107.00 -999.00 -999.00 -999.00 -999.00 -999.00 -999.00 104.00 14.00 295.00
2017 237 18 0 -999.00 -999.00 -999.00 -999.00 -999.00 1.00000 46.00 22.78 101.52 0.00 5.00 -999.00 -999.00 -999.00 -999.00 -999.00 -999.00 5.00 0.00 307.00
2017 237 19 0 -999.00 -999.00 -999.00 -999.00 -999.00 0.90000 48.00 22.22 101.59 0.00 0.00 -999.00 -999.00 -999.00 -999.00 -999.00 -999.00 0.00 0.00 326.00
2017 237 20 0 -999.00 -999.00 -999.00 -999.00 -999.00 0.90000 51.00 21.67 101.66 0.00 0.00 -999.00 -999.00 -999.00 -999.00 -999.00 -999.00 0.00 0.00 347.00
2017 237 21 0 -999.00 -999.00 -999.00 -999.00 -999.00 1.10000 50.00 22.22 101.69 0.00 0.00 -999.00 -999.00 -999.00 -999.00 -999.00 -999.00 0.00 0.00 179.00
2017 237 22 0 -999.00 -999.00 -999.00 -999.00 -999.00 1.30000 57.00 20.56 101.73 0.00 0.00 -999.00 -999.00 -999.00 -999.00 -999.00 -999.00 0.00 0.00 6.00
2017 237 23 0 -999.00 -999.00 -999.00 -999.00 -999.00 1.50000 57.00 20.56 101.76 0.00 0.00 -999.00 -999.00 -999.00 -999.00 -999.00 -999.00 0.00 0.00 10.00
2017 238 0 0 -999.00 -999.00 -999.00 -999.00 -999.00 1.60000 53.00 21.11 101.79 0.00 0.00 -999.00 -999.00 -999.00 -999.00 -999.00 -999.00 0.00 0.00 10.00
2017 238 1 0 -999.00 -999.00 -999.00 -999.00 -999.00 1.60000 49.00 20.00 101.79 0.00 0.00 -999.00 -999.00 -999.00 -999.00 -999.00 -999.00 0.00 0.00 8.00
2017 238 2 0 -999.00 -999.00 -999.00 -999.00 -999.00 1.60000 56.00 18.33 101.83 0.00 0.00 -999.00 -999.00 -999.00 -999.00 -999.00 -999.00 0.00 0.00 5.00
2017 238 3 0 -999.00 -999.00 -999.00 -999.00 -999.00 1.60000 61.00 18.33 101.86 0.00 0.00 -999.00 -999.00 -999.00 -999.00 -999.00 -999.00 0.00 0.00 3.00
2017 238 4 0 -999.00 -999.00 -999.00 -999.00 -999.00 1.60000 68.00 17.22 101.90 0.00 0.00 -999.00 -999.00 -999.00 -999.00 -999.00 -999.00 0.00 0.00 180.00
2017 238 5 0 -999.00 -999.00 -999.00 -999.00 -999.00 1.60000 70.00 16.67 101.93 0.00 14.00 -999.00 -999.00 -999.00 -999.00 -999.00 -999.00 11.00 77.00 359.00
2017 238 6 0 -999.00 -999.00 -999.00 -999.00 -999.00 1.70000 73.00 16.67 102.00 0.00 162.00 -999.00 -999.00 -999.00 -999.00 -999.00 -999.00 71.00 408.00 185.00
2017 238 7 0 -999.00 -999.00 -999.00 -999.00 -999.00 1.60000 68.00 17.78 102.00 0.00 352.00 -999.00 -999.00 -999.00 -999.00 -999.00 -999.00 109.00 595.00 12.00
2017 238 8 0 -999.00 -999.00 -999.00 -999.00 -999.00 1.40000 68.00 18.89 101.96 0.00 538.00 -999.00 -999.00 -999.00 -999.00 -999.00 -999.00 137.00 697.00 186.00
2017 238 9 0 -999.00 -999.00 -999.00 -999.00 -999.00 1.10000 51.00 20.56 102.03 0.00 693.00 -999.00 -999.00 -999.00 -999.00 -999.00 -999.00 157.00 754.00 355.00
2017 238 10 0 -999.00 -999.00 -999.00 -999.00 -999.00 0.90000 49.00 21.67 102.03 0.00 814.00 -999.00 -999.00 -999.00 -999.00 -999.00 -999.00 148.00 825.00 347.00
2017 238 11 0 -999.00 -999.00 -999.00 -999.00 -999.00 0.60000 36.00 23.33 102.00 0.00 869.00 -999.00 -999.00 -999.00 -999.00 -999.00 -999.00 155.00 836.00 337.00
2017 238 12 0 -999.00 -999.00 -999.00 -999.00 -999.00 0.30000 32.00 25.00 101.96 0.00 865.00 -999.00 -999.00 -999.00 -999.00 -999.00 -999.00 157.00 830.00 257.00
2017 238 13 0 -999.00 -999.00 -999.00 -999.00 -999.00 0.30000 32.00 24.44 101.93 0.00 807.00 -999.00 -999.00 -999.00 -999.00 -999.00 -999.00 144.00 827.00 176.00
2017 238 14 0 -999.00 -999.00 -999.00 -999.00 -999.00 0.40000 30.00 25.00 101.86 0.00 689.00 -999.00 -999.00 -999.00 -999.00 -999.00 -999.00 137.00 787.00 166.00
2017 238 15 0 -999.00 -999.00 -999.00 -999.00 -999.00 0.50000 31.00 24.44 101.86 0.00 528.00 -999.00 -999.00 -999.00 -999.00 -999.00 -999.00 123.00 719.00 162.00
2017 238 16 0 -999.00 -999.00 -999.00 -999.00 -999.00 0.50000 31.00 24.44 101.86 0.00 339.00 -999.00 -999.00 -999.00 -999.00 -999.00 -999.00 101.00 605.00 161.00
2017 238 17 0 -999.00 -999.00 -999.00 -999.00 -999.00 0.50000 36.00 23.89 101.83 0.00 146.00 -999.00 -999.00 -999.00 -999.00 -999.00 -999.00 65.00 399.00 126.00
2017 238 18 0 -999.00 -999.00 -999.00 -999.00 -999.00 0.60000 37.00 22.78 101.86 0.00 0.00 -999.00 -999.00 -999.00 -999.00 -999.00 -999.00 0.00 0.00 95.00
2017 238 19 0 -999.00 -999.00 -999.00 -999.00 -999.00 0.70000 38.00 21.67 101.90 0.00 0.00 -999.00 -999.00 -999.00 -999.00 -999.00 -999.00 0.00 0.00 88.00
2017 238 20 0 -999.00 -999.00 -999.00 -999.00 -999.00 0.70000 42.00 20.00 101.93 0.00 0.00 -999.00 -999.00 -999.00 -999.00 -999.00 -999.00 0.00 0.00 58.00
2017 238 21 0 -999.00 -999.00 -999.00 -999.00 -999.00 0.70000 47.00 20.00 101.96 0.00 0.00 -999.00 -999.00 -999.00 -999.00 -999.00 -999.00 0.00 0.00 30.00
2017 238 22 0 -999.00 -999.00 -999.00 -999.00 -999.00 0.80000 53.00 19.44 101.96 0.00 0.00 -999.00 -999.00 -999.00 -999.00 -999.00 -999.00 0.00 0.00 24.00
2017 238 23 0 -999.00 -999.00 -999.00 -999.00 -999.00 1.00000 53.00 19.44 101.96 0.00 0.00 -999.00 -999.00 -999.00 -999.00 -999.00 -999.00 0.00 0.00 25.00
2017 239 0 0 -999.00 -999.00 -999.00 -999.00 -999.00 1.20000 61.00 18.89 102.00 0.00 0.00 -999.00 -999.00 -999.00 -999.00 -999.00 -999.00 0.00 0.00 27.00
2017 239 1 0 -999.00 -999.00 -999.00 -999.00 -999.00 1.30000 66.00 18.33 101.96 0.00 0.00 -999.00 -999.00 -999.00 -999.00 -999.00 -999.00 0.00 0.00 30.00
2017 239 2 0 -999.00 -999.00 -999.00 -999.00 -999.00 1.30000 63.00 17.78 101.93 0.00 0.00 -999.00 -999.00 -999.00 -999.00 -999.00 -999.00 0.00 0.00 31.00
2017 239 3 0 -999.00 -999.00 -999.00 -999.00 -999.00 1.40000 56.00 17.78 101.96 0.00 0.00 -999.00 -999.00 -999.00 -999.00 -999.00 -999.00 0.00 0.00 29.00
2017 239 4 0 -999.00 -999.00 -999.00 -999.00 -999.00 1.40000 60.00 17.78 101.96 0.00 0.00 -999.00 -999.00 -999.00 -999.00 -999.00 -999.00 0.00 0.00 24.00
2017 239 5 0 -999.00 -999.00 -999.00 -999.00 -999.00 1.50000 60.00 17.22 102.00 0.00 12.00 -999.00 -999.00 -999.00 -999.00 -999.00 -999.00 10.00 59.00 20.00
2017 239 6 0 -999.00 -999.00 -999.00 -999.00 -999.00 1.70000 56.00 17.78 102.00 0.00 157.00 -999.00 -999.00 -999.00 -999.00 -999.00 -999.00 72.00 387.00 24.00
2017 239 7 0 -999.00 -999.00 -999.00 -999.00 -999.00 1.80000 65.00 17.22 102.03 0.00 349.00 -999.00 -999.00 -999.00 -999.00 -999.00 -999.00 110.00 586.00 36.00
2017 239 8 0 -999.00 -999.00 -999.00 -999.00 -999.00 1.80000 51.00 19.44 102.03 0.00 535.00 -999.00 -999.00 -999.00 -999.00 -999.00 -999.00 133.00 701.00 47.00
2017 239 9 0 -999.00 -999.00 -999.00 -999.00 -999.00 1.80000 49.00 20.56 102.07 0.00 634.00 -999.00 -999.00 -999.00 -999.00 -999.00 -999.00 234.00 564.00 54.00
2017 239 10 0 -999.00 -999.00 -999.00 -999.00 -999.00 1.80000 50.00 22.22 102.07 0.00 808.00 -999.00 -999.00 -999.00 -999.00 -999.00 -999.00 149.00 818.00 62.00
2017 239 11 0 -999.00 -999.00 -999.00 -999.00 -999.00 1.80000 43.00 23.89 102.03 0.00 864.00 -999.00 -999.00 -999.00 -999.00 -999.00 -999.00 158.00 828.00 73.00
2017 239 12 0 -999.00 -999.00 -999.00 -999.00 -999.00 1.80000 35.00 24.44 102.00 0.00 772.00 -999.00 -999.00 -999.00 -999.00 -999.00 -999.00 294.00 562.00 89.00
2017 239 13 0 -999.00 -999.00 -999.00 -999.00 -999.00 1.90000 33.00 25.00 101.96 0.00 769.00 -999.00 -999.00 -999.00 -999.00 -999.00 -999.00 243.00 659.00 105.00
2017 239 14 0 -999.00 -999.00 -999.00 -999.00 -999.00 2.00000 29.00 25.00 101.90 0.00 593.00 -999.00 -999.00 -999.00 -999.00 -999.00 -999.00 356.00 341.00 116.00
2017 239 15 0 -999.00 -999.00 -999.00 -999.00 -999.00 2.00000 33.00 24.44 101.86 0.00 512.00 -999.00 -999.00 -999.00 -999.00 -999.00 -999.00 144.00 659.00 124.00
2017 239 16 0 -999.00 -999.00 -999.00 -999.00 -999.00 1.90000 36.00 23.89 101.83 0.00 313.00 -999.00 -999.00 -999.00 -999.00 -999.00 -999.00 178.00 348.00 130.00
2017 239 17 0 -999.00 -999.00 -999.00 -999.00 -999.00 1.70000 37.00 23.33 101.90 0.00 121.00 -999.00 -999.00 -999.00 -999.00 -999.00 -999.00 106.00 76.00 135.00
2017 239 18 0 -999.00 -999.00 -999.00 -999.00 -999.00 1.70000 53.00 21.67 101.90 0.00 0.00 -999.00 -999.00 -999.00 -999.00 -999.00 -999.00 0.00 0.00 139.00
2017 239 19 0 -999.00 -999.00 -999.00 -999.00 -999.00 1.70000 59.00 20.56 101.90 0.00 0.00 -999.00 -999.00 -999.00 -999.00 -999.00 -999.00 0.00 0.00 137.00
2017 239 20 0 -999.00 -999.00 -999.00 -999.00 -999.00 1.70000 61.00 20.56 101.93 0.00 0.00 -999.00 -999.00 -999.00 -999.00 -999.00 -999.00 0.00 0.00 130.00
2017 239 21 0 -999.00 -999.00 -999.00 -999.00 -999.00 1.90000 61.00 20.00 101.93 0.00 0.00 -999.00 -999.00 -999.00 -999.00 -999.00 -999.00 0.00 0.00 123.00
2017 239 22 0 -999.00 -999.00 -999.00 -999.00 -999.00 2.00000 61.00 19.44 102.00 0.00 0.00 -999.00 -999.00 -999.00 -999.00 -999.00 -999.00 0.00 0.00 116.00
2017 239 23 0 -999.00 -999.00 -999.00 -999.00 -999.00 2.10000 61.00 20.00 102.00 0.00 0.00 -999.00 -999.00 -999.00 -999.00 -999.00 -999.00 0.00 0.00 110.00
2017 240 0 0 -999.00 -999.00 -999.00 -999.00 -999.00 2.10000 61.00 20.00 102.00 0.00 0.00 -999.00 -999.00 -999.00 -999.00 -999.00 -999.00 0.00 0.00 105.00
2017 240 1 0 -999.00 -999.00 -999.00 -999.00 -999.00 2.10000 70.00 18.89 101.96 0.00 0.00 -999.00 -999.00 -999.00 -999.00 -999.00 -999.00 0.00 0.00 101.00
2017 240 2 0 -999.00 -999.00 -999.00 -999.00 -999.00 2.10000 73.00 18.33 101.93 0.00 0.00 -999.00 -999.00 -999.00 -999.00 -999.00 -999.00 0.00 0.00 95.00
2017 240 3 0 -999.00 -999.00 -999.00 -999.00 -999.00 2.10000 73.00 18.33 101.93 0.00 0.00 -999.00 -999.00 -999.00 -999.00 -999.00 -999.00 0.00 0.00 85.00
2017 240 4 0 -999.00 -999.00 -999.00 -999.00 -999.00 2.10000 75.00 17.22 101.96 0.00 0.00 -999.00 -999.00 -999.00 -999.00 -999.00 -999.00 0.00 0.00 72.00
2017 240 5 0 -999.00 -999.00 -999.00 -999.00 -999.00 2.10000 75.00 17.22 101.96 0.00 10.00 -999.00 -999.00 -999.00 -999.00 -999.00 -999.00 10.00 0.00 61.00
2017 240 6 0 -999.00 -999.00 -999.00 -999.00 -999.00 2.20000 78.00 17.22 102.07 0.00 162.00 -999.00 -999.00 -999.00 -999.00 -999.00 -999.00 64.00 449.00 59.00
2017 240 7 0 -999.00 -999.00 -999.00 -999.00 -999.00 2.40000 78.00 18.33 102.17 0.00 337.00 -999.00 -999.00 -999.00 -999.00 -999.00 -999.00 139.00 489.00 65.00
2017 240 8 0 -999.00 -999.00 -999.00 -999.00 -999.00 2.70000 65.00 20.00 102.17 0.00 496.00 -999.00 -999.00 -999.00 -999.00 -999.00 -999.00 159.00 590.00 71.00
2017 240 9 0 -999.00 -999.00 -999.00 -999.00 -999.00 2.90000 66.00 21.11 102.13 0.00 518.00 -999.00 -999.00 -999.00 -999.00 -999.00 -999.00 328.00 269.00 77.00
2017 240 10 0 -999.00 -999.00 -999.00 -999.00 -999.00 2.90000 59.00 21.11 102.17 0.00 744.00 -999.00 -999.00 -999.00 -999.00 -999.00 -999.00 240.00 629.00 83.00
2017 240 11 0 -999.00 -999.00 -999.00 -999.00 -999.00 2.90000 50.00 22.78 102.10 0.00 771.00 -999.00 -999.00 -999.00 -999.00 -999.00 -999.00 266.00 594.00 88.00
2017 240 12 0 -999.00 -999.00 -999.00 -999.00 -999.00 2.90000 40.00 23.89 102.07 0.00 715.00 -999.00 -999.00 -999.00 -999.00 -999.00 -999.00 266.00 531.00 93.00
2017 240 13 0 -999.00 -999.00 -999.00 -999.00 -999.00 2.80000 39.33 23.89 102.07 0.00 662.00 -999.00 -999.00 -999.00 -999.00 -999.00 -999.00 242.00 530.00 97.00
2017 240 14 0 -999.00 -999.00 -999.00 -999.00 -999.00 2.80000 40.00 23.33 102.03 0.00 539.00 -999.00 -999.00 -999.00 -999.00 -999.00 -999.00 293.00 354.00 100.00
2017 240 15 0 -999.00 -999.00 -999.00 -999.00 -999.00 2.80000 44.00 22.78 102.00 0.00 419.00 -999.00 -999.00 -999.00 -999.00 -999.00 -999.00 219.00 361.00 102.00
2017 240 16 0 -999.00 -999.00 -999.00 -999.00 -999.00 2.70000 46.00 22.78 101.96 0.00 265.00 -999.00 -999.00 -999.00 -999.00 -999.00 -999.00 172.00 241.00 105.00
2017 240 17 0 -999.00 -999.00 -999.00 -999.00 -999.00 2.40000 41.00 22.78 102.00 0.00 130.00 -999.00 -999.00 -999.00 -999.00 -999.00 -999.00 94.00 184.00 108.00
2017 240 18 0 -999.00 -999.00 -999.00 -999.00 -999.00 2.20000 49.00 21.67 102.03 0.00 0.00 -999.00 -999.00 -999.00 -999.00 -999.00 -999.00 0.00 0.00 110.00
2017 240 19 0 -999.00 -999.00 -999.00 -999.00 -999.00 2.30000 53.00 21.11 102.03 0.00 0.00 -999.00 -999.00 -999.00 -999.00 -999.00 -999.00 0.00 0.00 107.00
2017 240 20 0 -999.00 -999.00 -999.00 -999.00 -999.00 2.40000 61.00 20.00 102.03 0.00 0.00 -999.00 -999.00 -999.00 -999.00 -999.00 -999.00 0.00 0.00 101.00
2017 240 21 0 -999.00 -999.00 -999.00 -999.00 -999.00 2.50000 63.00 20.00 102.00 0.00 0.00 -999.00 -999.00 -999.00 -999.00 -999.00 -999.00 0.00 0.00 96.00
2017 240 22 0 -999.00 -999.00 -999.00 -999.00 -999.00 2.50000 63.00 20.00 102.00 0.00 0.00 -999.00 -999.00 -999.00 -999.00 -999.00 -999.00 0.00 0.00 93.00
2017 240 23 0 -999.00 -999.00 -999.00 -999.00 -999.00 2.50000 63.00 19.44 101.96 0.00 0.00 -999.00 -999.00 -999.00 -999.00 -999.00 -999.00 0.00 0.00 92.00
2017 241 0 0 -999.00 -999.00 -999.00 -999.00 -999.00 2.50000 68.00 18.89 102.00 0.00 0.00 -999.00 -999.00 -999.00 -999.00 -999.00 -999.00 0.00 0.00 89.00
2017 241 1 0 -999.00 -999.00 -999.00 -999.00 -999.00 2.50000 68.00 18.89 101.93 0.00 0.00 -999.00 -999.00 -999.00 -999.00 -999.00 -999.00 0.00 0.00 82.00
2017 241 2 0 -999.00 -999.00 -999.00 -999.00 -999.00 2.40000 70.00 18.89 101.83 0.00 0.00 -999.00 -999.00 -999.00 -999.00 -999.00 -999.00 0.00 0.00 74.00
2017 241 3 0 -999.00 -999.00 -999.00 -999.00 -999.00 2.40000 68.00 18.89 101.83 0.00 0.00 -999.00 -999.00 -999.00 -999.00 -999.00 -999.00 0.00 0.00 68.00
2017 241 4 0 -999.00 -999.00 -999.00 -999.00 -999.00 2.40000 70.00 18.89 101.83 0.00 0.00 -999.00 -999.00 -999.00 -999.00 -999.00 -999.00 0.00 0.00 64.00
2017 241 5 0 -999.00 -999.00 -999.00 -999.00 -999.00 2.50000 73.00 18.33 101.83 0.00 4.00 -999.00 -999.00 -999.00 -999.00 -999.00 -999.00 4.00 0.00 62.00
2017 241 6 0 -999.00 -999.00 -999.00 -999.00 -999.00 2.80000 70.00 18.89 101.86 0.00 69.00 -999.00 -999.00 -999.00 -999.00 -999.00 -999.00 68.00 5.00 63.00
2017 241 7 0 -999.00 -999.00 -999.00 -999.00 -999.00 3.10000 75.00 18.89 101.83 0.00 82.00 -999.00 -999.00 -999.00 -999.00 -999.00 -999.00 81.00 1.00 69.00
2017 241 8 0 -999.00 -999.00 -999.00 -999.00 -999.00 3.30000 78.00 18.89 101.83 0.00 37.00 -999.00 -999.00 -999.00 -999.00 -999.00 -999.00 37.00 0.00 75.00
2017 241 9 0 -999.00 -999.00 -999.00 -999.00 -999.00 3.40000 78.00 18.89 101.79 0.00 146.00 -999.00 -999.00 -999.00 -999.00 -999.00 -999.00 145.00 1.00 78.00
2017 241 10 0 -999.00 -999.00 -999.00 -999.00 -999.00 3.50000 78.50 19.17 101.79 0.00 225.00 -999.00 -999.00 -999.00 -999.00 -999.00 -999.00 222.00 4.00 78.00
2017 241 11 0 -999.00 -999.00 -999.00 -999.00 -999.00 3.70000 73.00 20.00 101.76 0.00 207.00 -999.00 -999.00 -999.00 -999.00 -999.00 -999.00 205.00 2.00 76.00
2017 241 12 0 -999.00 -999.00 -999.00 -999.00 -999.00 3.70000 75.50 19.17 101.71 0.13 182.00 -999.00 -999.00 -999.00 -999.00 -999.00 -999.00 181.00 1.00 75.00
2017 241 13 0 -999.00 -999.00 -999.00 -999.00 -999.00 3.60000 81.00 18.33 101.69 0.00 96.00 -999.00 -999.00 -999.00 -999.00 -999.00 -999.00 95.00 0.00 76.00
2017 241 14 0 -999.00 -999.00 -999.00 -999.00 -999.00 3.40000 87.00 18.33 101.59 0.51 94.00 -999.00 -999.00 -999.00 -999.00 -999.00 -999.00 94.00 0.00 72.00
2017 241 15 0 -999.00 -999.00 -999.00 -999.00 -999.00 3.20000 90.00 17.78 101.52 1.52 73.00 -999.00 -999.00 -999.00 -999.00 -999.00 -999.00 73.00 0.00 65.00
2017 241 16 0 -999.00 -999.00 -999.00 -999.00 -999.00 3.10000 92.00 17.78 101.44 0.93 76.00 -999.00 -999.00 -999.00 -999.00 -999.00 -999.00 76.00 2.00 60.00
2017 241 17 0 -999.00 -999.00 -999.00 -999.00 -999.00 3.10000 91.50 17.22 101.42 0.25 26.00 -999.00 -999.00 -999.00 -999.00 -999.00 -999.00 26.00 0.00 56.00
2017 241 18 0 -999.00 -999.00 -999.00 -999.00 -999.00 3.00000 86.00 17.22 101.33 0.00 0.00 -999.00 -999.00 -999.00 -999.00 -999.00 -999.00 0.00 0.00 52.00
2017 241 19 0 -999.00 -999.00 -999.00 -999.00 -999.00 3.00000 84.00 17.22 101.32 0.25 0.00 -999.00 -999.00 -999.00 -999.00 -999.00 -999.00 0.00 0.00 51.00
2017 241 20 0 -999.00 -999.00 -999.00 -999.00 -999.00 2.90000 90.00 16.67 101.32 0.51 0.00 -999.00 -999.00 -999.00 -999.00 -999.00 -999.00 0.00 0.00 52.00
2017 241 21 0 -999.00 -999.00 -999.00 -999.00 -999.00 2.60000 90.00 16.67 101.19 0.76 0.00 -999.00 -999.00 -999.00 -999.00 -999.00 -999.00 0.00 0.00 47.00
2017 241 22 0 -999.00 -999.00 -999.00 -999.00 -999.00 2.50000 91.50 16.67 101.22 0.38 0.00 -999.00 -999.00 -999.00 -999.00 -999.00 -999.00 0.00 0.00 36.00
2017 241 23 0 -999.00 -999.00 -999.00 -999.00 -999.00 2.50000 93.00 16.11 101.15 0.51 0.00 -999.00 -999.00 -999.00 -999.00 -999.00 -999.00 0.00 0.00 26.00
2017 242 0 0 -999.00 -999.00 -999.00 -999.00 -999.00 2.70000 93.00 16.11 101.15 0.51 0.00 -999.00 -999.00 -999.00 -999.00 -999.00 -999.00 0.00 0.00 22.00
2017 242 1 0 -999.00 -999.00 -999.00 -999.00 -999.00 2.90000 93.00 16.11 101.02 0.25 0.00 -999.00 -999.00 -999.00 -999.00 -999.00 -999.00 0.00 0.00 22.00
2017 242 2 0 -999.00 -999.00 -999.00 -999.00 -999.00 3.00000 93.00 16.11 100.95 0.00 0.00 -999.00 -999.00 -999.00 -999.00 -999.00 -999.00 0.00 0.00 21.00
2017 242 3 0 -999.00 -999.00 -999.00 -999.00 -999.00 2.90000 88.50 16.11 100.91 0.00 0.00 -999.00 -999.00 -999.00 -999.00 -999.00 -999.00 0.00 0.00 17.00
2017 242 4 0 -999.00 -999.00 -999.00 -999.00 -999.00 2.60000 87.00 16.11 100.91 0.00 0.00 -999.00 -999.00 -999.00 -999.00 -999.00 -999.00 0.00 0.00 13.00
2017 242 5 0 -999.00 -999.00 -999.00 -999.00 -999.00 2.60000 81.00 16.11 100.91 0.00 3.00 -999.00 -999.00 -999.00 -999.00 -999.00 -999.00 3.00 0.00 10.00
2017 242 6 0 -999.00 -999.00 -999.00 -999.00 -999.00 2.60000 84.00 16.11 100.98 0.00 95.00 -999.00 -999.00 -999.00 -999.00 -999.00 -999.00 94.00 6.00 10.00
2017 242 7 0 -999.00 -999.00 -999.00 -999.00 -999.00 2.60000 84.00 16.11 101.02 0.00 350.00 -999.00 -999.00 -999.00 -999.00 -999.00 -999.00 81.00 677.00 11.00
2017 242 8 0 -999.00 -999.00 -999.00 -999.00 -999.00 2.60000 73.00 17.78 101.02 0.00 539.00 -999.00 -999.00 -999.00 -999.00 -999.00 -999.00 97.00 782.00 7.00
2017 242 9 0 -999.00 -999.00 -999.00 -999.00 -999.00 2.40000 63.00 18.89 101.02 0.00 697.00 -999.00 -999.00 -999.00 -999.00 -999.00 -999.00 106.00 843.00 180.00
2017 242 10 0 -999.00 -999.00 -999.00 -999.00 -999.00 2.00000 57.00 20.00 101.02 0.00 810.00 -999.00 -999.00 -999.00 -999.00 -999.00 -999.00 106.00 885.00 353.00
2017 242 11 0 -999.00 -999.00 -999.00 -999.00 -999.00 1.60000 48.00 22.78 101.02 0.00 867.00 -999.00 -999.00 -999.00 -999.00 -999.00 -999.00 108.00 899.00 344.00
2017 242 12 0 -999.00 -999.00 -999.00 -999.00 -999.00 1.10000 43.00 23.89 100.98 0.00 863.00 -999.00 -999.00 -999.00 -999.00 -999.00 -999.00 108.00 899.00 329.00
2017 242 13 0 -999.00 -999.00 -999.00 -999.00 -999.00 0.80000 43.00 24.44 100.91 0.00 797.00 -999.00 -999.00 -999.00 -999.00 -999.00 -999.00 109.00 876.00 304.00
2017 242 14 0 -999.00 -999.00 -999.00 -999.00 -999.00 0.90000 40.00 24.44 100.88 0.00 677.00 -999.00 -999.00 -999.00 -999.00 -999.00 -999.00 103.00 837.00 278.00
2017 242 15 0 -999.00 -999.00 -999.00 -999.00 -999.00 1.20000 45.00 24.44 100.85 0.00 515.00 -999.00 -999.00 -999.00 -999.00 -999.00 -999.00 93.00 774.00 263.00
2017 242 16 0 -999.00 -999.00 -999.00 -999.00 -999.00 1.40000 48.00 24.44 100.85 0.00 325.00 -999.00 -999.00 -999.00 -999.00 -999.00 -999.00 78.00 662.00 257.00
2017 242 17 0 -999.00 -999.00 -999.00 -999.00 -999.00 1.50000 43.00 24.44 100.85 0.00 133.00 -999.00 -999.00 -999.00 -999.00 -999.00 -999.00 51.00 443.00 256.00
2017 242 18 0 -999.00 -999.00 -999.00 -999.00 -999.00 1.70000 48.00 23.89 100.85 0.00 0.00 -999.00 -999.00 -999.00 -999.00 -999.00 -999.00 0.00 0.00 263.00
2017 242 19 0 -999.00 -999.00 -999.00 -999.00 -999.00 1.90000 50.00 23.33 100.85 0.00 0.00 -999.00 -999.00 -999.00 -999.00 -999.00 -999.00 0.00 0.00 275.00
2017 242 20 0 -999.00 -999.00 -999.00 -999.00 -999.00 2.00000 55.00 22.22 100.88 0.00 0.00 -999.00 -999.00 -999.00 -999.00 -999.00 -999.00 0.00 0.00 285.00
2017 242 21 0 -999.00 -999.00 -999.00 -999.00 -999.00 2.00000 63.00 21.67 100.91 0.00 0.00 -999.00 -999.00 -999.00 -999.00 -999.00 -999.00 0.00 0.00 291.00
2017 242 22 0 -999.00 -999.00 -999.00 -999.00 -999.00 2.00000 66.00 21.11 100.91 0.00 0.00 -999.00 -999.00 -999.00 -999.00 -999.00 -999.00 0.00 0.00 291.00
2017 242 23 0 -999.00 -999.00 -999.00 -999.00 -999.00 2.00000 68.00 21.11 100.88 0.00 0.00 -999.00 -999.00 -999.00 -999.00 -999.00 -999.00 0.00 0.00 284.00
2017 243 0 0 -999.00 -999.00 -999.00 -999.00 -999.00 2.00000 68.00 20.56 100.85 0.00 0.00 -999.00 -999.00 -999.00 -999.00 -999.00 -999.00 0.00 0.00 275.00
2017 243 1 0 -999.00 -999.00 -999.00 -999.00 -999.00 2.10000 73.00 20.00 100.81 0.00 0.00 -999.00 -999.00 -999.00 -999.00 -999.00 -999.00 0.00 0.00 271.00
2017 243 2 0 -999.00 -999.00 -999.00 -999.00 -999.00 2.10000 76.00 19.44 100.81 0.00 0.00 -999.00 -999.00 -999.00 -999.00 -999.00 -999.00 0.00 0.00 272.00
2017 243 3 0 -999.00 -999.00 -999.00 -999.00 -999.00 2.10000 73.00 19.44 100.81 0.00 0.00 -999.00 -999.00 -999.00 -999.00 -999.00 -999.00 0.00 0.00 276.00
2017 243 4 0 -999.00 -999.00 -999.00 -999.00 -999.00 2.00000 75.00 18.89 100.81 0.00 0.00 -999.00 -999.00 -999.00 -999.00 -999.00 -999.00 0.00 0.00 279.00
2017 243 5 0 -999.00 -999.00 -999.00 -999.00 -999.00 2.00000 78.00 18.33 100.85 0.00 9.00 -999.00 -999.00 -999.00 -999.00 -999.00 -999.00 8.00 41.00 278.00
2017 243 6 0 -999.00 -999.00 -999.00 -999.00 -999.00 2.00000 75.00 18.89 100.88 0.00 148.00 -999.00 -999.00 -999.00 -999.00 -999.00 -999.00 63.00 405.00 273.00
2017 243 7 0 -999.00 -999.00 -999.00 -999.00 -999.00 2.10000 75.00 18.89 100.91 0.00 336.00 -999.00 -999.00 -999.00 -999.00 -999.00 -999.00 95.00 609.00 273.00
2017 243 8 0 -999.00 -999.00 -999.00 -999.00 -999.00 2.20000 66.00 21.11 100.91 0.00 518.00 -999.00 -999.00 -999.00 -999.00 -999.00 -999.00 115.00 715.00 277.00
2017 243 9 0 -999.00 -999.00 -999.00 -999.00 -999.00 2.10000 62.00 22.78 100.88 0.00 671.00 -999.00 -999.00 -999.00 -999.00 -999.00 -999.00 129.00 777.00 275.00
2017 243 10 0 -999.00 -999.00 -999.00 -999.00 -999.00 2.10000 60.00 23.89 100.85 0.00 782.00 -999.00 -999.00 -999.00 -999.00 -999.00 -999.00 128.00 826.00 272.00
2017 243 11 0 -999.00 -999.00 -999.00 -999.00 -999.00 2.00000 54.00 26.11 100.78 0.00 835.00 -999.00 -999.00 -999.00 -999.00 -999.00 -999.00 136.00 832.00 273.00
2017 243 12 0 -999.00 -999.00 -999.00 -999.00 -999.00 1.90000 47.00 27.22 100.75 0.00 472.00 -999.00 -999.00 -999.00 -999.00 -999.00 -999.00 409.00 76.00 277.00
2017 243 13 0 -999.00 -999.00 -999.00 -999.00 -999.00 1.80000 49.00 26.67 100.71 0.00 330.00 -999.00 -999.00 -999.00 -999.00 -999.00 -999.00 325.00 7.00 285.00
2017 243 14 0 -999.00 -999.00 -999.00 -999.00 -999.00 1.70000 49.00 26.11 100.71 0.00 161.00 -999.00 -999.00 -999.00 -999.00 -999.00 -999.00 161.00 0.00 298.00
2017 243 15 0 -999.00 -999.00 -999.00 -999.00 -999.00 1.70000 50.00 24.44 100.75 0.00 151.00 -999.00 -999.00 -999.00 -999.00 -999.00 -999.00 151.00 0.00 313.00
2017 243 16 0 -999.00 -999.00 -999.00 -999.00 -999.00 1.70000 50.00 25.00 100.78 0.00 303.00 -999.00 -999.00 -999.00 -999.00 -999.00 -999.00 101.00 547.00 325.00
2017 243 17 0 -999.00 -999.00 -999.00 -999.00 -999.00 1.70000 52.00 25.00 100.78 0.00 121.00 -999.00 -999.00 -999.00 -999.00 -999.00 -999.00 58.00 347.00 331.00
2017 243 18 0 -999.00 -999.00 -999.00 -999.00 -999.00 2.10000 46.00 23.33 100.81 0.00 0.00 -999.00 -999.00 -999.00 -999.00 -999.00 -999.00 0.00 0.00 334.00
2017 243 19 0 -999.00 -999.00 -999.00 -999.00 -999.00 2.50000 44.00 22.78 100.88 0.00 0.00 -999.00 -999.00 -999.00 -999.00 -999.00 -999.00 0.00 0.00 332.00
2017 243 20 0 -999.00 -999.00 -999.00 -999.00 -999.00 2.70000 49.00 21.67 100.95 0.00 0.00 -999.00 -999.00 -999.00 -999.00 -999.00 -999.00 0.00 0.00 331.00
2017 243 21 0 -999.00 -999.00 -999.00 -999.00 -999.00 2.60000 55.00 20.56 101.02 0.00 0.00 -999.00 -999.00 -999.00 -999.00 -999.00 -999.00 0.00 0.00 330.00
2017 243 22 0 -999.00 -999.00 -999.00 -999.00 -999.00 2.60000 53.00 20.00 101.05 0.00 0.00 -999.00 -999.00 -999.00 -999.00 -999.00 -999.00 0.00 0.00 330.00
2017 243 23 0 -999.00 -999.00 -999.00 -999.00 -999.00 2.70000 52.00 18.89 101.08 0.00 0.00 -999.00 -999.00 -999.00 -999.00 -999.00 -999.00 0.00 0.00 331.00
